"NUTS_ID","count.0","count.11111","count.11112","count.11113","count.11211","count.11212","count.11213","count.11311","count.11911","count.11912","count.11913","count.12111","count.12112","count.12113","count.12211","count.12212","count.12213","count.12311","count.12312","count.12313","count.12911","count.12912","count.12913","count.19911","count.91111","count.91112","count.91113","count.91211","count.91212","count.91311","count.91313","count.91911","count.91912","count.91913","count.92111","count.92112","count.92113","count.92211","count.92311","count.92313","count.92911","count.92912","count.92913","count.11312","count.11313","count.92312","count.99911","count.255","count.31111","count.31112","count.31113","count.31911","count.31912","count.32111","count.32112","count.32113","count.91312","count.32911","count.32912","count.32913","count.11121","count.11122","count.11123","count.11321","count.11322","count.11323","count.11921","count.11922","count.12121","count.12122","count.12123","count.12321","count.12322","count.12921","count.12922","count.92321","count.92991","count.92992","count.92993","count.19912","count.91213","count.92212","count.92213","count.31311","count.32311","count.32312","count.32313","count.11221","count.11222","count.11223","count.11923","count.12221","count.12222","count.12323","count.12923","count.91121","count.91122","count.91123","count.91921","count.91922","count.91923","count.92121","count.92122","count.92123","count.92322","count.92323","count.92921","count.92922","count.92923","count.32121","count.32122","count.32123","count.32321","count.32322","count.32323","count.32921","count.32922","count.31121","count.31122","count.31123","count.31321","count.31322","count.32923","count.19121","count.19122","count.19123","count.19321","count.19322","count.19323","count.19921","count.19922","count.19923","count.99121","count.99122","count.99123","count.99921","count.99922","count.99923","count.91321","count.91322","count.99321","count.99322","count.99323","count.99912","count.99913","count.99991","count.99992","count.99993","count.99111","count.99113","count.19111","count.19112","count.19113","count.19913","count.99112","count.99211","count.99212","count.99213","count.31312","count.31313","count.31323","count.31913","count.31921","count.31922","count.31923","count.11991","count.11993","count.19991","count.19993","count.91991","count.91993","count.31211","count.31212","count.31213","count.32211","count.32212","count.32213","count.91323","count.39121","count.39122","count.39321","count.39322","count.39323","count.39921","count.39922","count.39923","count.12991","count.12992","count.12993","count.39123","count.91992","count.11131","count.11132","count.11133","count.11231","count.11232","count.11233","count.11931","count.11932","count.11933","count.12131","count.12132","count.12133","count.12231","count.12232","count.12931","count.12932","count.12933","count.91931","count.91933","count.11331","count.11332","count.11333","count.12331","count.12332","count.12333","count.39111","count.39112","count.39113","count.39312","count.39911","count.39912","count.19992","count.12233","count.19931","count.19932","count.19933","count.91131","count.91132","count.91133","count.91231","count.91232","count.91233","count.91932","count.92131","count.92132","count.92133","count.92231","count.92232","count.92233","count.92931","count.92932","count.92933","count.99131","count.99132","count.99231","count.99232","count.99233","count.99931","count.99932","count.99933","count.31221","count.31222","count.32221","count.32223","count.91221","count.91222","count.91223","count.19131","count.19232","count.19311","count.19312","count.31223","count.19231","count.99133","count.32231","count.32232","count.32233","count.32931","count.32932","count.32933","count.12223","count.39311","count.99311","count.99312","count.19313","count.99313","count.19211","count.19212","count.39913","count.19213","count.39313","count.32222","count.92221","count.92222","count.92223","count.19191","count.19192","count.99191","count.99192","count.92391","count.92191","count.92192","count.12191","count.12192","count.19221","count.19222","count.99221","count.99222","count.99223","count.19223","count.11191","count.11192","count.91191","count.91192","count.39211","count.39212","count.39213","count.11992","count.39991","count.39992","count.19132","count.19133","count.39993","count.31931","count.31932"
"AL01",2212779,0,0,0,0,0,0,0,117153,559,129,0,0,0,0,0,0,0,0,0,0,0,0,0,0,0,0,0,0,0,0,0,0,0,0,0,0,0,0,0,0,0,0,0,0,0,0,0,0,0,0,0,0,0,0,0,0,0,0,0,0,0,0,0,0,0,123698,6854,0,0,0,0,0,66809,9768,0,0,0,0,0,0,0,0,0,0,0,0,0,0,0,3291,0,0,0,7503,0,0,0,0,0,0,0,0,0,0,0,40071,5745,8818,0,0,0,0,0,0,0,0,0,0,0,0,0,0,0,0,0,0,0,0,0,0,0,0,0,0,0,0,0,0,0,0,0,0,0,0,0,0,0,0,0,0,0,0,0,0,0,0,0,0,0,0,0,0,0,0,0,0,0,0,0,0,0,0,0,0,0,0,0,0,0,0,0,0,0,0,0,0,0,0,0,0,0,0,0,0,0,0,0,0,0,0,0,0,0,0,0,0,0,0,0,0,0,0,0,0,0,0,0,0,0,0,0,0,0,0,0,0,0,0,0,0,0,0,0,0,0,0,0,0,0,0,0,0,0,0,0,0,0,0,0,0,0,0,0,0,0,0,0,0,0,0,0,0,0,0,0,0,0,0,0,0,0,0,0,0,0,0,0,0,0,0,0,0,0,0,0,0,0,0,0,0,0,0,0,0,0,0,0,0,0,0,0,0,0,0,0,0,0,0,0,0,0,0,0,0,0
"AL02",2059565,0,0,0,0,0,0,0,159242,2145,205,0,0,0,0,0,0,0,0,0,279339,3040,495,0,0,0,0,0,0,0,0,0,0,0,0,0,0,0,0,0,0,0,0,0,0,0,0,0,0,0,0,15696,395,0,0,0,0,71713,1716,136,0,0,0,0,0,0,205719,756,0,0,0,0,0,248646,778,0,0,0,0,0,0,0,0,0,0,0,0,0,0,0,176,0,0,0,238,0,0,0,0,0,0,0,0,0,0,0,0,0,0,0,0,0,0,0,0,0,0,0,0,0,0,0,0,0,0,0,0,0,0,0,0,0,0,0,0,0,0,0,0,0,0,0,0,0,0,0,0,0,0,0,0,0,0,0,0,0,0,0,0,0,0,39,0,0,0,0,0,0,0,0,0,0,0,0,0,0,0,0,0,0,0,0,0,0,0,0,0,0,0,0,0,0,0,0,0,0,0,0,0,0,0,0,0,0,0,0,0,0,0,0,0,0,0,0,0,0,0,0,0,0,0,0,0,0,0,0,0,0,0,0,0,0,0,0,0,0,0,0,0,0,0,0,0,0,0,0,0,0,0,0,0,0,0,0,0,0,0,0,0,0,0,0,0,0,0,0,0,0,0,0,0,0,0,0,0,0,0,0,0,0,0,0,0,0,0,0,0,0,0,0,0,0,0,0,0,0,0,0,0,0,0,0,0,0,0,0,0,0,0,0,0,0,0,0,0,0
"AL03",71187327,190173,711,183,10905,4,18,46645,8976464,91331,12457,153996,2924,203,8889,546,10,1836,17,0,6827983,181881,10826,2176,4039,0,6,0,0,0,0,166777,1052,419,0,0,0,0,0,0,75965,583,125,480,22,0,145745,2396,6352,0,12,1050680,14247,0,0,0,0,1013383,18610,1573,297082,277,526,6222,2,3,9587235,17285,63632,75,92,3247,0,977157,2244,0,0,0,0,17,0,0,0,0,0,0,0,0,0,0,14407,0,0,9,1572,0,0,0,175435,190,377,0,0,0,0,0,0,0,0,17661,1,24,0,0,0,282570,81,14287,5,26,0,0,309,0,0,0,0,0,0,362,4,0,0,0,0,29585,0,41,0,0,0,0,0,99,458,3695,430,15,0,0,0,0,0,2,0,0,0,0,0,0,0,1846,1138353,4937,1860,188,5,0,0,83,1,0,0,0,0,0,0,0,0,0,0,0,0,0,0,0,32,0,0,0,0,0,0,0,0,0,0,0,0,0,0,0,0,0,0,0,0,0,0,0,0,0,0,0,0,0,0,0,0,0,346,0,0,0,0,0,0,0,0,0,0,0,0,0,0,0,0,0,0,0,0,0,0,0,0,0,0,0,0,0,0,0,0,0,0,0,0,0,0,0,0,0,0,0,0,0,0,0,0,0,0,0,0,0,0,0,0,0,0,0,0,0,0,0,0,0,0,0,0,0,0,0,0,0,0,0,0,0,0,0,0,0,0,0,0,0,0,0,0,0,0,0,0,0,0,0
"AT11",35263925,2559928,1142882,3824,0,0,0,51783,36327,15732,49,292353,149150,523,0,0,0,29763,13383,50,10349,9681,11,0,29092,11007,26,0,0,0,0,1098,629,0,1685,1593,0,0,0,0,2355,1650,0,24824,103,0,0,0,0,0,0,0,0,0,0,0,0,0,0,0,0,0,0,0,0,0,0,0,0,0,0,0,0,0,0,0,0,0,0,0,0,0,0,0,0,0,0,0,0,0,0,0,0,0,0,0,0,0,0,0,0,0,0,0,0,0,0,0,0,0,0,0,0,0,0,0,0,0,0,0,0,0,0,0,0,0,0,0,0,0,0,0,0,0,0,0,0,0,0,0,0,0,0,0,0,0,0,0,0,0,0,0,0,0,0,0,0,0,0,0,0,0,0,0,0,0,0,0,0,0,0,0,0,0,0,0,0,0,0,0,0,0,0,0,0,0,0,0,0,0,0,0,0,0,0,0,0,0,0,0,0,0,0,0,0,0,0,0,0,0,0,0,0,0,0,0,0,0,0,0,0,0,0,0,0,0,0,0,0,0,0,0,0,0,0,0,0,0,0,0,0,0,0,0,0,0,0,0,0,0,0,0,0,0,0,0,0,0,0,0,0,0,0,0,0,0,0,0,0,0,0,0,0,0,0,0,0,0,0,0,0,0,0,0,0,0,0,0,0,0,0,0,0,0,0,0,0,0,0,0,0,0,0,0,0,0,0,0,0,0,0,0,0,0,0,0
"AT12",167732950,4404893,2393246,7443,0,0,0,190630,151688,61035,164,4657859,1838048,5612,0,0,0,843102,643653,1402,20660,5063,17,0,0,0,0,0,0,0,0,0,0,0,0,0,0,0,0,0,0,0,0,201975,363,0,0,0,196108,176649,476,1193,209,4343,2801,7,0,0,0,0,4239944,1533202,5640,207223,157309,410,8775,1733,422848,128469,537,105286,59277,0,0,0,0,0,0,0,0,0,0,16020,3832,1005,10,0,0,0,4,0,0,141,0,0,0,0,0,0,0,0,0,0,0,0,0,0,0,0,0,0,0,0,0,0,0,664669,628685,1304,121104,97417,0,0,0,0,0,0,0,0,0,0,0,0,0,0,0,0,0,0,0,0,0,0,0,0,0,0,0,0,0,0,0,0,0,0,0,0,16509,36,210,2,370,847,4,0,0,0,0,0,0,0,0,0,0,0,0,0,0,0,0,0,0,0,0,0,0,0,0,0,0,0,0,0,0,0,0,0,0,0,0,0,0,0,0,0,0,0,0,0,0,0,0,0,0,0,0,0,0,0,0,0,0,0,0,0,0,0,0,0,0,0,0,0,0,0,0,0,0,0,0,0,0,0,0,0,0,0,0,0,0,0,0,0,0,0,0,0,0,0,0,0,0,0,0,0,0,0,0,0,0,0,0,0,0,0,0,0,0,0,0,0,0,0,0,0,0,0,0,0,0,0,0,0,0,0,0,0,0,0,0,0,0,0,0,0,0,0,0,0,0,0,0,0,0,0
"AT13",3896844,111007,81738,195,0,0,0,5582,15303,20195,67,2652,4016,7,0,0,0,1132,855,5,59,44,0,0,0,0,0,0,0,0,0,0,0,0,0,0,0,0,0,0,0,0,0,914,8,0,0,0,0,0,0,0,0,0,0,0,0,0,0,0,0,0,0,0,0,0,0,0,0,0,0,0,0,0,0,0,0,0,0,0,0,0,0,0,0,0,0,0,0,0,0,0,0,0,0,0,0,0,0,0,0,0,0,0,0,0,0,0,0,0,0,0,0,0,0,0,0,0,0,0,0,0,0,0,0,0,0,0,0,0,0,0,0,0,0,0,0,0,0,0,0,0,0,0,0,0,0,0,0,0,0,0,0,0,0,0,0,0,0,0,0,0,0,0,0,0,0,0,0,0,0,0,0,0,0,0,0,0,0,0,0,0,0,0,0,0,0,0,0,0,0,0,0,0,0,0,0,0,0,0,0,0,0,0,0,0,0,0,0,0,0,0,0,0,0,0,0,0,0,0,0,0,0,0,0,0,0,0,0,0,0,0,0,0,0,0,0,0,0,0,0,0,0,0,0,0,0,0,0,0,0,0,0,0,0,0,0,0,0,0,0,0,0,0,0,0,0,0,0,0,0,0,0,0,0,0,0,0,0,0,0,0,0,0,0,0,0,0,0,0,0,0,0,0,0,0,0,0,0,0,0,0,0,0,0,0,0,0,0,0,0,0,0,0,0,0
"AT21",73433549,214850,53553,267,0,0,0,93863,1832,255,0,331612,67583,396,0,0,0,48310,13928,52,1222,798,2,0,0,0,0,0,0,0,0,0,0,0,0,0,0,0,0,0,0,0,0,29300,111,0,0,0,0,0,0,0,0,0,0,0,0,0,0,0,3821533,790794,4210,91761,31299,112,51268,15643,12685616,2883401,15047,380712,162071,183343,22556,0,0,0,0,0,0,0,0,0,0,0,0,0,0,0,71,0,0,548,181,0,0,0,0,0,0,0,0,0,0,0,0,0,0,0,0,0,0,0,0,0,0,0,0,0,0,0,0,0,0,0,0,0,0,0,0,0,0,0,0,0,0,0,0,0,0,0,0,0,0,0,0,0,0,0,0,0,0,0,0,0,0,0,0,0,0,0,0,0,0,0,0,0,0,0,0,0,0,0,0,0,0,0,0,0,0,0,0,0,0,0,0,0,0,0,0,0,0,0,0,0,0,0,0,0,0,0,0,0,0,0,0,0,0,0,0,0,0,0,0,0,0,0,0,0,0,0,0,0,0,0,0,0,0,0,0,0,0,0,0,0,0,0,0,0,0,0,0,0,0,0,0,0,0,0,0,0,0,0,0,0,0,0,0,0,0,0,0,0,0,0,0,0,0,0,0,0,0,0,0,0,0,0,0,0,0,0,0,0,0,0,0,0,0,0,0,0,0,0,0,0,0,0,0,0,0,0,0,0,0,0,0,0,0,0,0,0,0,0,0,0
"AT22",129629619,4358660,2478577,6375,0,0,0,1076071,59946,39653,63,3307632,1866738,5323,0,0,0,515922,366472,832,11907,5774,9,0,0,0,0,0,0,0,0,0,0,0,0,0,0,0,0,0,0,0,0,588431,1499,0,0,0,0,0,0,0,0,0,0,0,0,0,0,0,5501822,864656,7013,179332,95135,202,198229,7114,11080212,1636022,12367,174868,35743,20090,3811,0,0,0,0,0,0,0,0,0,0,0,0,0,0,0,283,0,0,165,28,0,0,0,0,0,0,0,0,0,0,0,0,0,0,0,0,0,0,0,0,0,0,0,0,0,0,0,0,0,0,0,0,0,0,0,0,0,0,0,0,0,0,0,0,0,0,0,0,0,0,0,0,0,0,0,0,0,0,0,0,0,0,0,0,0,0,0,0,0,0,0,0,0,0,0,0,0,0,0,0,0,0,0,0,0,0,0,0,0,0,0,0,0,0,0,0,0,0,0,0,0,0,0,0,0,0,0,0,0,0,0,0,0,0,0,0,0,0,0,0,0,0,0,0,0,0,0,0,0,0,0,0,0,0,0,0,0,0,0,0,0,0,0,0,0,0,0,0,0,0,0,0,0,0,0,0,0,0,0,0,0,0,0,0,0,0,0,0,0,0,0,0,0,0,0,0,0,0,0,0,0,0,0,0,0,0,0,0,0,0,0,0,0,0,0,0,0,0,0,0,0,0,0,0,0,0,0,0,0,0,0,0,0,0,0,0,0,0,0,0,0
"AT31",95081461,522677,918121,1137,0,0,0,46534,40096,33305,44,929051,1812096,2411,0,0,0,202355,477899,562,5726,5344,2,0,0,0,0,0,0,0,0,0,0,0,0,0,0,0,0,0,0,0,0,154698,116,0,0,0,52151,208777,167,345,187,344299,871881,981,0,626,1442,2,4117933,4427224,7935,132485,325926,339,74307,38020,1052221,1737206,2613,435101,712515,7057,5901,0,0,0,0,0,0,0,0,20151,80872,237292,297,0,0,0,104,0,0,1014,13,0,0,0,0,0,0,0,0,0,0,0,0,0,0,157779,515308,591,81113,277684,293,745,691,760246,2247537,1812,121344,454931,1,0,0,0,0,0,0,0,0,0,0,0,0,0,0,0,0,0,0,0,0,0,0,0,0,0,0,0,0,0,0,0,0,0,0,0,86631,49,359,0,2668,3702,0,0,0,0,0,0,0,0,0,0,0,0,0,0,0,0,0,0,0,0,0,0,0,0,0,0,0,0,0,0,0,0,0,0,0,0,0,0,0,0,0,0,0,0,0,0,0,0,0,0,0,0,0,0,0,0,0,0,0,0,0,0,0,0,0,0,0,0,0,0,0,0,0,0,0,0,0,0,0,0,0,0,0,0,0,0,0,0,0,0,0,0,0,0,0,0,0,0,0,0,0,0,0,0,0,0,0,0,0,0,0,0,0,0,0,0,0,0,0,0,0,0,0,0,0,0,0,0,0,0,0,0,0,0,0,0,0,0,0,0,0,0,0,0,0,0,0,0,0,0,0,0
"AT32",47987565,0,0,0,0,0,0,0,0,0,0,0,0,0,0,0,0,0,0,0,0,0,0,0,0,0,0,0,0,0,0,0,0,0,0,0,0,0,0,0,0,0,0,0,0,0,0,0,0,0,0,0,0,0,0,0,0,0,0,0,4311487,2181502,5562,25982,40212,35,192935,24142,12262727,2022480,14147,724,419,201816,8692,0,0,0,0,0,0,0,0,0,0,0,0,0,0,0,270,0,0,2,218,0,0,0,0,0,0,0,0,0,0,0,0,0,0,11441,36179,13,1,4,0,2502,2684,459431,1670885,1343,17211,52361,1,0,0,0,0,0,0,0,0,0,0,0,0,0,0,0,0,0,0,0,0,0,0,0,0,0,0,0,0,0,0,0,0,0,0,0,0,0,26,0,6159,17901,14,0,0,0,0,0,0,0,0,0,0,0,0,0,0,0,0,0,0,0,0,0,0,0,0,0,0,0,0,0,0,0,0,0,0,0,0,0,0,0,0,0,0,0,0,0,0,0,0,0,0,0,0,0,0,0,0,0,0,0,0,0,0,0,0,0,0,0,0,0,0,0,0,0,0,0,0,0,0,0,0,0,0,0,0,0,0,0,0,0,0,0,0,0,0,0,0,0,0,0,0,0,0,0,0,0,0,0,0,0,0,0,0,0,0,0,0,0,0,0,0,0,0,0,0,0,0,0,0,0,0,0,0,0,0,0,0,0,0,0,0,0,0,0,0,0,0,0,0,0,0,0
"AT33",89731239,160745,329606,3422,0,0,0,0,1702,10462,6,1531905,1261120,7108,0,0,0,56,306,0,6481,10006,20,0,0,0,0,0,0,0,0,0,0,0,0,0,0,0,0,0,0,0,0,0,0,0,0,0,0,0,0,0,0,164,86,0,0,0,0,0,8165212,2251458,75611,8826,15663,4,251164,26650,19580375,2102851,30941,5245,14562,592001,15660,0,0,0,0,0,0,0,0,0,0,0,0,0,0,0,2412,0,0,10,524,0,0,0,0,0,0,0,0,0,0,0,0,0,0,37789,206214,283,0,0,0,148,2350,28990,41215,68,0,0,2,0,0,0,0,0,0,0,0,0,0,0,0,0,0,0,0,0,0,0,0,0,0,0,0,0,0,0,0,0,0,0,0,0,0,0,0,0,0,0,0,0,0,0,0,0,0,0,0,0,0,0,0,0,0,0,0,0,0,0,0,0,0,0,0,0,0,0,0,0,0,0,0,0,0,0,0,0,0,0,0,0,0,0,0,0,0,0,0,0,0,0,0,0,0,0,0,0,0,0,0,0,0,0,0,0,0,0,0,0,0,0,0,0,0,0,0,0,0,0,0,0,0,0,0,0,0,0,0,0,0,0,0,0,0,0,0,0,0,0,0,0,0,0,0,0,0,0,0,0,0,0,0,0,0,0,0,0,0,0,0,0,0,0,0,0,0,0,0,0,0,0,0,0,0,0,0,0,0,0,0,0,0,0,0,0,0,0,0,0,0,0,0,0
"AT34",17049937,0,0,0,0,0,0,0,0,0,0,0,0,0,0,0,0,0,0,0,0,0,0,0,0,0,0,0,0,0,0,0,0,0,0,0,0,0,0,0,0,0,0,0,0,0,0,0,0,0,0,0,0,0,0,0,0,0,0,0,5054769,944933,104648,28923,31663,38,39838,12526,2133601,99621,16223,0,0,18188,1456,0,0,0,0,0,0,0,0,0,0,0,0,0,0,0,2434,0,0,0,2463,0,0,0,0,0,0,0,0,0,0,0,481,6,0,6804,6545,14,0,0,0,307,521,317443,273196,2890,22021,15120,0,0,0,0,0,0,0,0,0,0,0,0,0,0,0,0,0,0,0,0,0,0,0,0,0,0,0,0,0,0,0,0,0,0,0,0,0,0,14,0,1344,2251,10,0,0,0,0,0,0,0,0,0,0,0,0,0,0,0,0,0,0,0,0,0,0,0,0,0,0,0,0,0,0,0,0,0,0,0,0,0,0,0,0,0,0,0,0,0,0,0,0,0,0,0,0,0,0,0,0,0,0,0,0,0,0,0,0,0,0,0,0,0,0,0,0,0,0,0,0,0,0,0,0,0,0,0,0,0,0,0,0,0,0,0,0,0,0,0,0,0,0,0,0,0,0,0,0,0,0,0,0,0,0,0,0,0,0,0,0,0,0,0,0,0,0,0,0,0,0,0,0,0,0,0,0,0,0,0,0,0,0,0,0,0,0,0,0,0,0,0,0,0,0,0
"BA01",103411780,0,0,0,0,0,0,0,3531281,708337,6545,0,0,0,0,0,0,0,0,0,3042095,853281,14426,0,0,0,0,0,0,0,0,0,0,0,0,0,0,0,0,0,0,0,0,0,0,0,0,612,0,0,0,0,0,0,0,0,0,0,0,0,0,0,0,0,0,0,32683252,1450496,0,0,0,0,0,4765910,278555,0,0,0,0,0,0,0,0,0,0,0,0,0,0,0,62380,0,0,0,103826,0,0,0,809,70,3,0,0,0,0,0,0,0,0,0,0,0,0,0,0,0,0,0,0,0,0,0,0,0,0,0,0,0,0,3,1,0,0,0,0,0,0,0,0,0,0,0,0,0,0,0,0,0,0,0,0,0,0,0,0,0,0,0,0,0,0,0,0,0,0,0,0,0,0,0,0,0,0,0,0,0,0,0,0,0,0,0,0,0,0,0,0,0,0,0,0,0,0,0,0,0,0,0,0,0,0,0,0,0,0,0,0,0,0,0,0,0,0,0,0,0,0,0,0,0,0,0,0,0,0,0,0,0,0,0,0,0,0,0,0,0,0,0,0,0,0,0,0,0,0,0,0,0,0,0,0,0,0,0,0,0,0,0,0,0,0,0,0,0,0,0,0,0,0,0,0,0,0,0,0,0,0,0,0,0,0,0,0,0,0,0,0,0,0,0,0,0,0,0,0,0,0,0,0,0,0,0,0,0,0,0,0,0,0,0,0,0,0,0,0,0
"BA02",139138568,0,0,0,0,0,0,0,3243056,637904,6671,0,0,0,0,0,0,0,0,0,6159936,1807203,13455,0,0,0,0,0,0,0,0,0,0,0,0,0,0,0,0,0,0,0,0,0,0,0,0,0,0,0,0,0,0,0,0,0,0,0,0,0,0,0,0,0,0,0,27085270,815487,0,0,0,0,0,4352051,348975,0,0,0,0,0,0,0,0,0,0,0,0,0,0,0,35160,0,0,0,7456,0,0,0,0,0,0,0,0,0,0,0,0,0,0,0,0,0,0,0,0,0,0,0,0,0,0,0,0,0,0,0,0,0,0,0,0,0,0,0,0,0,0,0,0,0,0,0,0,0,0,0,0,0,0,0,0,0,0,0,0,0,0,0,0,0,0,0,0,0,0,0,0,0,0,0,0,0,0,0,0,0,0,0,0,0,0,0,0,0,0,0,0,0,0,0,0,0,0,0,0,0,0,0,0,0,0,0,0,0,0,0,0,0,0,0,0,0,0,0,0,0,0,0,0,0,0,0,0,0,0,0,0,0,0,0,0,0,0,0,0,0,0,0,0,0,0,0,0,0,0,0,0,0,0,0,0,0,0,0,0,0,0,0,0,0,0,0,0,0,0,0,0,0,0,0,0,0,0,0,0,0,0,0,0,0,0,0,0,0,0,0,0,0,0,0,0,0,0,0,0,0,0,0,0,0,0,0,0,0,0,0,0,0,0,0,0,0,0,0,0,0
"BA03",4095100,0,0,0,0,0,0,0,198085,42298,391,0,0,0,0,0,0,0,0,0,423654,166303,1146,0,0,0,0,0,0,0,0,0,0,0,0,0,0,0,0,0,0,0,0,0,0,0,0,0,0,0,0,0,0,0,0,0,0,0,0,0,0,0,0,0,0,0,0,0,0,0,0,0,0,0,0,0,0,0,0,0,0,0,0,0,0,0,0,0,0,0,0,0,0,0,0,0,0,0,0,0,0,0,0,0,0,0,0,0,0,0,0,0,0,0,0,0,0,0,0,0,0,0,0,0,0,0,0,0,0,0,0,0,0,0,0,0,0,0,0,0,0,0,0,0,0,0,0,0,0,0,0,0,0,0,0,0,0,0,0,0,0,0,0,0,0,0,0,0,0,0,0,0,0,0,0,0,0,0,0,0,0,0,0,0,0,0,0,0,0,0,0,0,0,0,0,0,0,0,0,0,0,0,0,0,0,0,0,0,0,0,0,0,0,0,0,0,0,0,0,0,0,0,0,0,0,0,0,0,0,0,0,0,0,0,0,0,0,0,0,0,0,0,0,0,0,0,0,0,0,0,0,0,0,0,0,0,0,0,0,0,0,0,0,0,0,0,0,0,0,0,0,0,0,0,0,0,0,0,0,0,0,0,0,0,0,0,0,0,0,0,0,0,0,0,0,0,0,0,0,0,0,0,0,0,0,0,0,0,0,0,0,0,0,0,0,0
"BE10",1541023,0,0,0,0,0,0,0,0,0,0,37525,12750,26,0,0,0,13337,3766,24,5562,3117,4,0,0,0,0,0,0,0,0,0,0,0,0,0,0,0,0,0,0,0,0,0,0,0,0,0,0,0,0,0,0,0,0,0,0,0,0,0,0,0,0,0,0,0,0,0,0,0,0,0,0,0,0,0,0,0,0,0,0,0,0,0,448,190,1,0,0,0,0,0,0,0,0,0,0,0,0,0,0,0,0,0,0,0,0,0,0,0,0,0,0,0,0,0,0,0,0,0,0,0,0,0,0,0,0,0,0,0,0,0,0,0,0,0,0,0,0,0,0,0,0,0,0,0,0,0,0,0,0,0,0,0,0,0,0,0,0,0,0,0,0,0,0,0,0,0,0,0,0,0,0,0,0,0,0,0,0,0,0,0,0,0,0,0,0,0,0,0,0,0,0,0,0,0,0,0,0,0,0,0,0,0,0,0,0,0,0,0,0,0,0,0,0,0,0,0,0,0,0,0,0,0,0,0,0,0,0,0,0,0,0,0,0,0,0,0,0,0,0,0,0,0,0,0,0,0,0,0,0,0,0,0,0,0,0,0,0,0,0,0,0,0,0,0,0,0,0,0,0,0,0,0,0,0,0,0,0,0,0,0,0,0,0,0,0,0,0,0,0,0,0,0,0,0,0,0,0,0,0,0,0,0,0,0,0,0,0,0,0,0,0,0,0,0
"BE21",22958643,0,0,0,0,0,0,0,0,0,0,280936,148528,410,0,0,0,913170,947498,1818,82459,31110,103,0,0,0,0,0,0,0,0,0,0,0,0,0,0,0,0,0,0,0,0,0,0,0,0,0,0,0,0,0,0,172863,139019,294,0,44671,33549,57,0,0,0,0,0,0,0,0,0,0,0,0,0,0,0,0,0,0,0,0,0,0,0,0,1257626,1702672,2775,0,0,0,0,0,0,0,0,0,0,0,0,0,0,0,0,0,0,0,0,0,0,0,0,0,0,0,0,0,0,0,0,0,0,0,0,0,0,0,0,0,0,0,0,0,0,0,0,0,0,0,0,0,0,0,0,0,0,0,0,0,0,0,9,0,0,0,0,0,0,0,0,0,0,0,0,0,0,0,0,0,0,0,0,0,0,0,0,0,0,0,0,0,0,0,0,0,0,0,0,0,0,0,0,0,0,0,0,0,0,0,0,0,0,0,0,0,0,0,0,0,0,0,0,0,0,0,0,0,0,0,0,0,0,0,0,0,0,0,0,0,0,0,0,0,0,0,0,0,0,0,0,0,0,0,0,0,0,0,0,0,0,0,0,0,0,0,0,0,0,0,0,0,4,5,0,0,0,0,0,0,0,0,0,0,0,0,0,0,0,0,0,0,0,0,0,0,0,0,0,0,0,0,0,0,0,0,0,0,0,0,0,0,0,0,0,0,0,0,0,0,0,0,0,0,0,0,0,0
"BE22",19952113,6611,4117,12,0,0,0,14625,498,200,0,375679,204899,531,0,0,0,1090084,661278,1639,100086,42581,127,0,0,0,0,0,0,0,0,0,0,0,0,0,0,0,0,0,0,0,0,4087,27,0,0,0,53735,97885,133,1,4,184380,136912,318,0,17373,5166,15,0,0,0,0,0,0,0,0,0,0,0,0,0,0,0,0,0,0,0,0,0,0,0,46602,648880,574713,1101,0,0,0,0,0,0,0,0,0,0,0,0,0,0,0,0,0,0,0,0,0,0,0,0,0,0,0,0,0,0,0,0,0,0,0,0,0,0,0,0,0,0,0,0,0,0,0,0,0,0,0,0,0,0,0,0,0,0,0,0,0,0,0,0,0,0,0,0,0,0,0,39241,86,0,0,0,0,0,0,0,0,0,0,0,0,0,0,0,0,0,0,0,0,0,0,0,0,0,0,0,0,0,0,0,0,0,0,0,0,0,0,0,0,0,0,0,0,0,0,0,0,0,0,0,0,0,0,0,0,0,0,0,0,0,0,0,0,0,0,0,0,0,0,0,0,0,0,0,0,0,0,0,0,0,0,0,0,0,0,0,0,0,0,0,0,0,0,0,0,0,0,0,0,0,0,0,0,0,0,0,0,0,0,0,0,0,0,0,0,0,0,0,0,0,0,0,0,0,0,0,0,0,0,0,0,0,0,0,0,0,0,0,0,0,0,0,0,0,0,0,0,0,0,0,0,0,0,0,0
"BE23",22352511,0,0,0,0,0,0,0,0,0,0,582155,165488,694,0,0,0,589287,179864,772,58865,10593,65,0,0,0,0,0,0,0,0,0,0,0,0,0,0,0,0,0,0,0,0,0,0,0,0,0,0,0,0,0,0,1993065,744184,2533,0,42973,13340,40,0,0,0,0,0,0,0,0,0,0,0,0,0,0,0,0,0,0,0,0,0,0,0,0,2456347,880264,3054,0,0,0,0,0,0,0,0,0,0,0,0,0,0,0,0,0,0,0,0,0,0,0,0,0,0,0,0,0,0,0,0,0,0,0,0,0,0,0,0,0,0,0,0,0,0,0,0,0,0,0,0,0,0,0,0,0,0,0,0,0,0,0,0,0,0,0,0,0,0,0,0,0,0,0,0,0,0,0,0,0,0,0,0,0,0,0,0,0,0,0,0,0,0,0,0,0,0,0,0,0,0,0,0,0,0,0,0,0,0,0,0,0,0,0,0,0,0,0,0,0,0,0,0,0,0,0,0,0,0,0,0,0,0,0,0,0,0,0,0,0,0,0,0,0,0,0,0,0,0,0,0,0,0,0,0,0,0,0,0,0,0,0,0,0,0,0,0,0,0,0,0,0,0,0,0,0,0,0,0,0,0,0,0,0,0,0,0,0,0,0,0,0,0,0,0,0,0,0,0,0,0,0,0,0,0,0,0,0,0,0,0,0,0,0,0,0,0,0,0,0,0,0,0,0,0,0,0,0
"BE24",16397541,9231,5089,14,0,0,0,27311,596,509,0,662733,363112,972,0,0,0,1100420,650798,1643,58639,32496,60,0,0,0,0,0,0,0,0,0,0,0,0,0,0,0,0,0,0,0,0,21266,67,0,0,0,2636,900,8,0,0,260655,68228,312,0,2303,1614,5,0,0,0,0,0,0,0,0,0,0,0,0,0,0,0,0,0,0,0,0,0,0,0,22002,1105074,381810,1400,0,0,0,0,0,0,0,0,0,0,0,0,0,0,0,0,0,0,0,0,0,0,0,0,0,0,0,0,0,0,0,0,0,0,0,0,0,0,0,0,0,0,0,0,0,0,0,0,0,0,0,0,0,0,0,0,0,0,0,0,0,0,0,0,0,0,0,0,0,0,0,15952,62,0,0,0,0,0,0,0,0,0,0,0,0,0,0,0,0,0,0,0,0,0,0,0,0,0,0,0,0,0,0,0,0,0,0,0,0,0,0,0,0,0,0,0,0,0,0,0,0,0,0,0,0,0,0,0,0,0,0,0,0,0,0,0,0,0,0,0,0,0,0,0,0,0,0,0,0,0,0,0,0,0,0,0,0,0,0,0,0,0,0,0,0,0,0,0,0,0,0,0,0,0,0,0,0,0,0,0,0,0,0,0,0,0,0,0,0,0,0,0,0,0,0,0,0,0,0,0,0,0,0,0,0,0,0,0,0,0,0,0,0,0,0,0,0,0,0,0,0,0,0,0,0,0,0,0,0
"BE25",24506251,2211,1228,1,0,0,0,170,0,0,0,691321,489159,849,0,0,0,53817,32817,46,32155,30333,47,0,0,0,0,0,0,0,0,0,0,0,92012,62272,117,0,0,0,3492,1175,10,5,0,0,681,0,194,4,0,117,27,2578465,1846323,3057,0,61751,32715,66,0,0,0,0,0,0,0,0,0,0,0,0,0,0,0,0,0,0,0,0,0,0,0,0,706803,474989,825,0,0,0,0,0,0,0,0,0,0,0,0,0,0,0,0,0,0,0,0,0,0,0,0,0,0,0,0,0,0,0,0,0,0,0,0,0,0,0,0,0,0,0,0,0,0,0,0,0,0,0,0,0,0,0,0,22,2,293,0,0,0,0,91,12,0,0,0,0,0,0,0,0,0,0,0,0,0,0,0,0,0,0,0,0,0,0,0,0,0,0,0,0,0,0,0,0,0,0,0,0,0,0,0,0,0,0,0,0,0,0,0,0,0,0,0,0,0,0,0,0,0,0,0,0,0,0,0,0,0,0,0,0,730,93,0,0,0,0,0,0,0,0,0,0,0,0,0,0,0,0,0,0,0,0,0,0,0,0,0,0,0,0,0,0,0,0,0,0,0,0,0,0,0,0,0,0,0,0,0,0,0,0,0,0,0,0,0,0,0,0,0,0,0,0,0,0,0,0,0,0,0,0,0,0,0,0,0,0,0,0,0,0,0,0,0,0,0,0,0,0,0,0,0,0,0,0,0,0
"BE31",9274511,2787,1281,0,0,0,0,651,6,4,0,334961,268068,542,0,0,0,270260,195772,492,15133,12121,64,0,0,0,0,0,0,0,0,0,0,0,0,0,0,0,0,0,0,0,0,228,0,0,0,0,970,1294,2,0,0,138118,102402,191,0,4263,1644,5,0,0,0,0,0,0,0,0,0,0,0,0,0,0,0,0,0,0,0,0,0,0,0,2056,187742,154936,365,0,0,0,0,0,0,0,0,0,0,0,0,0,0,0,0,0,0,0,0,0,0,0,0,0,0,0,0,0,0,0,0,0,0,0,0,0,0,0,0,0,0,0,0,0,0,0,0,0,0,0,0,0,0,0,0,0,0,0,0,0,0,0,0,0,0,0,0,0,0,0,2134,4,0,0,0,0,0,0,0,0,0,0,0,0,0,0,0,0,0,0,0,0,0,0,0,0,0,0,0,0,0,0,0,0,0,0,0,0,0,0,0,0,0,0,0,0,0,0,0,0,0,0,0,0,0,0,0,0,0,0,0,0,0,0,0,0,0,0,0,0,0,0,0,0,0,0,0,0,0,0,0,0,0,0,0,0,0,0,0,0,0,0,0,0,0,0,0,0,0,0,0,0,0,0,0,0,0,0,0,0,0,0,0,0,0,0,0,0,0,0,0,0,0,0,0,0,0,0,0,0,0,0,0,0,0,0,0,0,0,0,0,0,0,0,0,0,0,0,0,0,0,0,0,0,0,0,0,0
"BE32",29797987,376614,175529,470,0,0,0,207512,17712,5151,26,1847292,669319,2156,0,0,0,1060172,483102,1477,77872,25933,92,0,0,0,0,0,0,0,0,0,0,0,0,0,0,0,0,0,0,0,0,96809,254,0,0,0,101359,61049,165,3436,1372,861263,425781,1156,0,20580,14221,35,0,0,0,0,0,0,0,0,0,0,0,0,0,0,0,0,0,0,0,0,0,0,0,194866,1016510,481195,1293,0,0,0,0,0,0,0,0,0,0,0,0,0,0,0,0,0,0,0,0,0,0,0,0,0,0,0,0,0,0,0,0,0,0,0,0,0,0,0,0,0,0,0,0,0,0,0,0,0,0,0,0,0,0,0,0,0,0,0,0,0,0,0,0,0,0,0,0,0,0,0,97796,317,0,5,0,0,0,0,0,0,0,0,0,0,0,0,0,0,0,0,0,0,0,0,0,0,0,0,0,0,0,0,0,0,0,0,0,0,0,0,0,0,0,0,0,0,0,0,0,0,0,0,0,0,0,0,0,0,0,0,0,0,0,0,0,0,0,0,0,0,0,0,0,0,0,0,0,0,0,0,0,0,0,0,0,0,0,0,0,0,0,0,0,0,0,0,0,0,0,0,0,0,0,0,0,0,0,0,0,0,0,0,0,0,0,0,0,0,0,0,0,0,0,0,0,0,0,0,0,0,0,0,0,0,0,0,0,0,0,0,0,0,0,0,0,0,0,0,0,0,0,0,0,0,0,0,0,0
"BE33",26338997,224918,229236,560,0,0,0,66519,12518,3781,18,1689738,1128198,3523,0,0,0,223058,168758,427,46054,16012,88,0,0,0,0,0,0,0,0,0,0,0,0,0,0,0,0,0,0,0,0,52306,132,0,0,0,397836,610134,1188,8635,13424,910563,1379824,3070,0,13612,14197,50,121885,17909,172,481,29,0,0,0,2181444,910854,4730,58042,37402,13733,2123,0,0,0,0,0,0,0,0,245686,290033,426723,876,0,0,0,0,0,0,119,30,0,0,0,0,0,0,0,0,0,0,0,0,0,0,195274,137810,409,23814,26052,53,60,44,2947,8606,5,39,298,0,0,0,0,0,0,0,0,0,0,0,0,0,0,0,0,0,0,0,0,0,0,0,0,0,0,0,0,0,0,0,0,0,0,0,0,270300,578,0,24,0,0,0,0,0,0,0,0,0,0,0,0,0,0,0,0,0,0,0,0,0,0,0,0,0,0,0,0,0,0,0,0,0,0,0,0,0,0,0,0,0,0,0,0,0,0,0,0,0,0,0,0,0,0,0,0,0,0,0,0,0,0,0,0,0,0,0,0,0,0,0,0,0,0,0,0,0,0,0,0,0,0,0,0,0,0,0,0,0,0,0,0,0,0,0,0,0,0,0,0,0,0,0,0,0,0,0,0,0,0,0,0,0,0,0,0,0,0,0,0,0,0,0,0,0,0,0,0,0,0,0,0,0,0,0,0,0,0,0,0,0,0,0,0,0,0,0,0,0,0,0,0,0,0
"BE34",30529802,904464,321533,2453,0,0,0,920504,7971,1643,10,2061468,644257,3527,0,0,0,2114493,649722,4905,9045,1422,21,0,0,0,0,0,0,0,0,0,0,0,0,0,0,0,0,0,0,0,0,252454,1905,0,0,0,384177,161532,567,7826,2008,444934,203396,647,0,2987,654,4,13622,2279,14,2258,819,2,0,0,1695800,417099,5454,1016069,289921,20916,6959,0,0,0,0,0,0,0,0,283299,255518,93268,300,0,0,0,0,0,0,1073,233,0,0,0,0,0,0,0,0,0,0,0,0,0,0,300173,74219,393,291318,84824,322,836,47,0,0,0,0,0,0,0,0,0,0,0,0,0,0,0,0,0,0,0,0,0,0,0,0,0,0,0,0,0,0,0,0,0,0,0,0,0,0,0,0,0,121076,447,0,17,0,0,0,0,0,0,0,0,0,0,0,0,0,0,0,0,0,0,0,0,0,0,0,0,0,0,0,0,0,0,0,0,0,0,0,0,0,0,0,0,0,0,0,0,0,0,0,0,0,0,0,0,0,0,0,0,0,0,0,0,0,0,0,0,0,0,0,0,0,0,0,0,0,0,0,0,0,0,0,0,0,0,0,0,0,0,0,0,0,0,0,0,0,0,0,0,0,0,0,0,0,0,0,0,0,0,0,0,0,0,0,0,0,0,0,0,0,0,0,0,0,0,0,0,0,0,0,0,0,0,0,0,0,0,0,0,0,0,0,0,0,0,0,0,0,0,0,0,0,0,0,0,0,0
"BE35",27880737,1045084,579250,1575,0,0,0,546402,12475,6858,9,1032716,545057,1557,0,0,0,1050220,525440,1623,16304,7188,12,0,0,0,0,0,0,0,0,0,0,0,0,0,0,0,0,0,0,0,0,345504,788,0,0,0,607506,392961,988,8661,6551,397492,281875,691,0,9242,3711,20,0,0,0,0,0,0,0,0,164233,26578,259,250894,46969,0,2,0,0,0,0,0,0,0,0,246678,219412,188559,417,0,0,0,0,0,0,355,0,0,0,0,0,0,0,0,0,0,0,0,0,0,0,45744,9280,72,80973,19730,108,0,0,0,0,0,0,0,0,0,0,0,0,0,0,0,0,0,0,0,0,0,0,0,0,0,0,0,0,0,0,0,0,0,0,0,0,0,0,0,0,0,0,0,165825,335,0,28,0,0,0,0,0,0,0,0,0,0,0,0,0,0,0,0,0,0,0,0,0,0,0,0,0,0,0,0,0,0,0,0,0,0,0,0,0,0,0,0,0,0,0,0,0,0,0,0,0,0,0,0,0,0,0,0,0,0,0,0,0,0,0,0,0,0,0,0,0,0,0,0,0,0,0,0,0,0,0,0,0,0,0,0,0,0,0,0,0,0,0,0,0,0,0,0,0,0,0,0,0,0,0,0,0,0,0,0,0,0,0,0,0,0,0,0,0,0,0,0,0,0,0,0,0,0,0,0,0,0,0,0,0,0,0,0,0,0,0,0,0,0,0,0,0,0,0,0,0,0,0,0,0,0
"BG31",163655028,11384228,1354517,18129,3321,218,3,519158,192463,34668,328,9487832,1891543,15873,98,3,0,973478,282040,1575,249695,72788,415,0,0,0,0,0,0,0,0,0,0,0,0,0,0,0,0,0,0,0,0,127313,825,0,0,0,0,0,0,0,0,0,0,0,0,0,0,0,167820,272,186,0,0,0,12124,0,162372,796,124,15,0,2280,3,0,0,0,0,0,0,0,0,0,0,0,0,0,0,0,33,0,0,0,3,0,0,0,0,0,0,0,0,0,0,0,0,0,0,0,0,0,0,0,0,0,0,0,0,0,0,0,0,0,0,0,0,0,0,0,0,0,0,0,0,0,0,0,0,0,0,0,0,0,0,0,0,0,0,0,0,0,0,0,0,0,0,0,0,0,0,0,0,0,0,0,0,0,0,0,0,0,0,0,0,0,0,0,0,0,0,0,0,0,0,0,0,0,0,0,0,0,0,0,0,0,0,0,0,0,0,0,0,0,0,0,0,0,0,0,0,0,0,0,0,0,0,0,0,0,0,0,0,0,0,0,0,0,0,0,0,0,0,0,0,0,0,0,0,0,0,0,0,0,0,0,0,0,0,0,0,0,0,0,0,0,0,0,0,0,0,0,0,0,0,0,0,0,0,0,0,0,0,0,0,0,0,0,0,0,0,0,0,0,0,0,0,0,0,0,0,0,0,0,0,0,0,0,0,0,0,0,0,0,0,0,0,0,0,0,0,0,0,0,0,0
"BG32",133076723,9303436,916844,13405,1611,66,2,92298,211897,19779,304,3934180,423579,5031,0,0,0,11847,2060,16,145524,13925,248,0,0,0,0,0,0,0,0,0,0,0,0,0,0,0,0,0,0,0,0,10019,109,0,0,0,0,0,0,0,0,0,0,0,0,0,0,0,0,0,0,0,0,0,0,0,0,0,0,0,0,0,0,0,0,0,0,0,0,0,0,0,0,0,0,0,0,0,0,0,0,0,0,0,0,0,0,0,0,0,0,0,0,0,0,0,0,0,0,0,0,0,0,0,0,0,0,0,0,0,0,0,0,0,0,0,0,0,0,0,0,0,0,0,0,0,0,0,0,0,0,0,0,0,0,0,0,0,0,0,0,0,0,0,0,0,0,0,0,0,0,0,0,0,0,0,0,0,0,0,0,0,0,0,0,0,0,0,0,0,0,0,0,0,0,0,0,0,0,0,0,0,0,0,0,0,0,0,0,0,0,0,0,0,0,0,0,0,0,0,0,0,0,0,0,0,0,0,0,0,0,0,0,0,0,0,0,0,0,0,0,0,0,0,0,0,0,0,0,0,0,0,0,0,0,0,0,0,0,0,0,0,0,0,0,0,0,0,0,0,0,0,0,0,0,0,0,0,0,0,0,0,0,0,0,0,0,0,0,0,0,0,0,0,0,0,0,0,0,0,0,0,0,0,0,0,0,0,0,0,0,0,0,0,0,0,0,0,0,0,0,0,0,0
"BG33",130791903,9997164,700349,16162,61589,2616,136,40627,276106,22035,584,3418136,388685,4845,460,33,0,153984,36663,226,172849,19216,312,7204,0,0,0,0,0,0,0,0,0,0,180070,39783,272,563,1731,2,34062,1300,75,4275,63,76,12114,0,0,0,0,0,0,0,0,0,0,0,0,0,0,0,0,0,0,0,0,0,0,0,0,0,0,0,0,0,0,0,0,668,0,5,1,0,0,0,0,0,0,0,0,0,0,0,0,0,0,0,0,0,0,0,0,0,0,0,0,0,0,0,0,0,0,0,0,0,0,0,0,0,0,0,0,0,0,0,0,0,0,0,0,0,0,0,0,0,0,0,0,0,0,0,0,6170,30,0,0,0,28780,88,36458,4357,89,24,14265,0,0,0,0,0,0,0,0,0,0,0,0,0,0,0,0,0,0,0,0,0,0,0,0,0,0,0,0,0,0,0,0,0,0,0,0,0,0,0,0,0,0,0,0,0,0,0,0,0,0,0,0,0,0,0,0,0,0,0,0,0,0,0,0,0,0,0,0,0,0,0,0,0,0,0,0,0,0,0,0,0,0,0,0,0,0,0,0,0,0,0,0,0,0,0,0,0,0,0,0,0,0,0,0,0,0,0,0,0,0,0,0,0,0,0,0,0,0,0,0,0,0,2808,188,0,16,0,0,0,0,0,0,0,0,0,0,0,0,0,0,0,0,0,0,0,0,0,0,0,0,0,0,0,0,0,0,0,0,0,0,0
"BG34",166967996,8613587,234323,14371,202596,2063,269,54278,137207,4174,339,18280249,1315574,33967,10918,122,18,487557,50503,1036,1044512,46618,2052,29245,65869,2061,111,0,0,0,0,10443,75,33,77754,16960,109,0,668,2,22838,5333,30,1079,49,342,29207,0,0,0,0,0,0,0,0,0,0,0,0,0,0,0,0,0,0,0,0,0,0,0,0,0,0,0,0,0,0,0,0,2903,0,0,0,0,0,0,0,0,0,0,0,0,0,0,0,0,0,0,0,0,0,0,0,0,0,0,0,0,0,0,0,0,0,0,0,0,0,0,0,0,0,0,0,0,0,0,0,0,0,0,0,0,0,0,0,0,0,0,0,0,0,0,0,640,62,0,0,0,25039,50,194931,8195,312,60,696,0,0,0,0,0,0,0,0,0,0,0,0,0,0,0,0,0,0,0,0,0,0,0,0,0,0,0,0,0,0,0,0,0,0,0,0,0,0,0,0,0,0,0,0,0,0,0,0,0,0,0,0,0,0,0,0,0,0,0,0,0,0,0,0,0,0,0,0,0,0,0,0,0,0,0,0,0,0,0,0,0,0,0,0,0,0,0,0,0,0,0,0,0,0,0,0,0,0,0,0,0,0,0,0,0,11,4,0,0,0,0,0,0,0,0,0,0,0,202,55,0,0,0,0,0,0,0,0,0,0,0,0,0,0,0,0,0,0,0,0,0,0,0,0,0,0,0,0,0,0,0,0,0,0,0,0,0,0,0,0,0
"BG41",156032752,13174547,313340,19399,44084,185,53,81264,298560,4580,588,30676790,1204763,50127,55451,1096,105,268442,43368,487,656082,57889,1302,0,0,0,0,0,0,0,0,0,0,0,0,0,0,0,0,0,0,0,0,5968,154,0,0,0,0,0,0,0,0,0,0,0,0,0,0,0,0,0,0,0,0,0,0,0,9165,0,0,0,0,0,0,0,0,0,0,0,0,0,0,0,0,0,0,0,0,0,0,0,0,0,0,0,0,0,0,0,0,0,0,0,0,0,0,0,0,0,0,0,0,0,0,0,0,0,0,0,0,0,0,0,0,0,0,0,0,0,0,0,0,0,0,0,0,0,0,0,0,0,0,0,0,0,0,0,0,0,0,0,0,0,0,0,0,0,0,0,0,0,0,0,0,0,0,0,0,0,0,0,0,0,0,0,0,0,0,0,0,0,0,0,0,0,0,0,0,0,0,0,0,0,0,0,0,0,0,0,0,0,0,0,0,0,0,0,0,0,0,0,0,0,0,0,0,0,0,0,0,0,0,0,0,0,0,0,0,0,0,0,0,0,0,0,0,0,0,0,0,0,0,0,0,0,0,0,0,0,0,0,0,0,0,0,0,0,0,0,0,0,0,0,0,0,0,0,0,0,0,0,0,0,0,0,0,0,0,0,0,0,0,0,0,0,0,0,0,0,0,0,0,0,0,0,0,0,0,0,0,0,0,0,0,0,0,0,0,0,0,0,0,0,0,0
"BG42",182575914,8287429,462756,14677,4372,132,14,42778,209571,14452,400,28610592,2147026,52138,151250,5488,267,284860,34620,518,681264,93160,1307,4909,0,0,0,0,0,0,0,0,0,0,0,0,0,0,0,0,0,0,0,8075,69,0,0,0,0,0,0,0,0,0,0,0,0,0,0,0,0,0,0,0,0,0,0,0,8864,0,4,0,0,0,0,0,0,0,0,23,0,0,0,0,0,0,0,0,0,0,0,0,0,0,0,0,0,0,0,0,0,0,0,0,0,0,0,0,0,0,0,0,0,0,0,0,0,0,0,0,0,0,0,0,0,0,0,0,0,0,0,0,0,0,0,0,0,0,0,0,0,0,0,0,0,0,0,0,0,0,11,0,0,13,0,0,0,0,0,0,0,0,0,0,0,0,0,0,0,0,0,0,0,0,0,0,0,0,0,0,0,0,0,0,0,0,0,0,0,0,0,0,0,0,0,0,0,0,0,0,0,0,0,0,0,0,0,0,0,0,0,0,0,0,0,0,0,0,0,0,0,0,0,0,0,0,0,0,0,0,0,0,0,0,0,0,0,0,0,0,0,0,0,0,0,0,0,0,0,0,0,0,0,0,0,0,0,0,0,0,0,0,0,0,0,0,0,0,0,0,0,0,0,0,0,0,0,0,0,0,0,0,0,0,0,0,0,0,0,0,0,0,0,0,0,0,0,0,0,0,0,0,0,0,0,0,0,0,0,0,0,0,0,0,0,0
"CH01",64340509,739,968,3,0,0,0,0,300395,100577,661,11819,19865,94,0,0,0,0,0,0,1255525,603264,3344,0,0,0,0,0,0,0,0,3293,2180,15,150,199,0,0,0,0,26286,23636,77,0,0,0,0,0,0,0,0,0,0,0,0,0,0,0,0,0,265120,4941,318,0,0,0,6603914,847719,346017,42957,523,0,0,7669752,1249191,0,0,0,0,0,0,0,0,0,0,0,0,0,0,0,8184,0,0,0,9970,0,0,0,61578,60060,143,0,0,0,0,0,12548,13867,42,0,0,0,0,0,0,73405,64247,0,0,0,0,0,119,0,0,0,0,0,0,0,0,0,0,0,0,0,0,0,0,0,0,0,0,0,0,0,0,0,0,0,0,0,0,0,0,0,0,0,0,0,0,0,143257,133834,224,0,0,0,0,0,0,0,0,0,0,0,0,0,0,0,0,0,0,0,0,0,0,0,0,0,0,0,0,0,0,0,0,0,0,0,0,0,0,0,0,0,0,0,0,0,0,0,0,0,0,0,0,0,0,0,0,0,0,0,0,0,0,0,0,0,0,0,0,0,0,0,0,0,0,0,0,0,0,0,0,0,0,0,0,0,0,0,0,0,0,0,0,0,0,0,0,0,0,0,0,0,0,0,0,0,0,0,0,0,0,0,0,0,0,0,0,0,0,0,0,0,0,0,0,0,0,0,0,0,0,0,0,0,0,0,0,0,0,0,0,0,0,0,0,0,0,0,0,0,0,0
"CH02",20055259,0,0,0,0,0,0,0,20624,14778,42,0,0,0,0,0,0,0,0,0,30766,23387,81,0,0,0,0,0,0,0,0,666,194,0,0,0,0,0,0,0,1361,287,2,0,0,0,0,0,0,0,0,0,0,0,0,0,0,0,0,0,82537,42069,146,0,0,0,4981035,1556406,4513,1781,5,416,526,1000018,565499,0,0,0,0,0,0,0,0,0,0,0,0,0,0,0,7205,0,0,0,1649,0,0,0,2322,1164,6,0,0,0,0,0,13066,19255,52,0,0,0,0,0,0,497077,719044,593,695,2,0,0,923,0,0,0,0,0,0,0,0,0,0,0,0,0,0,0,0,0,0,0,0,0,0,0,0,0,0,0,0,0,0,0,0,0,0,0,0,0,0,0,685764,609024,1115,0,0,0,0,0,0,0,0,0,0,0,0,0,0,0,0,0,0,0,0,0,0,0,0,0,0,0,0,0,0,0,0,0,0,0,0,0,0,0,0,0,0,0,0,0,0,0,0,0,0,0,0,0,0,0,0,0,0,0,0,0,0,0,0,0,0,0,0,0,0,0,0,0,0,0,0,0,0,0,0,0,0,0,0,0,0,0,0,0,0,0,0,0,0,0,0,0,0,0,0,0,0,0,0,0,0,0,0,0,0,0,0,0,0,0,0,0,0,0,0,0,0,0,0,0,0,0,0,0,0,0,0,0,0,0,0,0,0,0,0,0,0,0,0,0,0,0,0,0,0,0
"CH03",10272769,0,13,0,0,0,0,0,675,2544,6,1302,222,4,0,0,0,0,0,0,7005,4579,9,0,0,0,0,0,0,0,0,0,0,0,0,0,0,0,0,0,0,0,0,0,0,0,0,0,0,0,0,0,0,0,0,0,0,0,0,0,9381,5074,12,0,0,0,979113,674600,16099,9079,31,0,0,221854,235085,0,0,0,0,0,0,0,0,0,0,0,0,0,0,0,1901,0,0,0,526,0,0,0,0,0,0,0,0,0,0,0,0,0,0,0,0,0,0,0,0,7911,12665,0,0,0,0,0,39,0,0,0,0,0,0,0,0,0,0,0,0,0,0,0,0,0,0,0,0,0,0,0,0,0,0,0,0,0,0,0,0,0,0,0,0,0,0,0,142232,54565,200,0,0,0,0,0,0,0,0,0,0,0,0,0,0,0,0,0,0,0,0,0,0,0,0,0,0,0,0,0,0,0,0,0,0,0,0,0,0,0,0,0,0,0,0,0,0,0,0,0,0,0,0,0,0,0,0,0,0,0,0,0,0,0,0,0,0,0,0,0,0,0,0,0,0,0,0,0,0,0,0,0,0,0,0,0,0,0,0,0,0,0,0,0,0,0,0,0,0,0,0,0,0,0,0,0,0,0,0,0,0,0,0,0,0,0,0,0,0,0,0,0,0,0,0,0,0,0,0,0,0,0,0,0,0,0,0,0,0,0,0,0,0,0,0,0,0,0,0,0,0,0
"CH04",13427438,199,558,1,0,0,0,0,5057,7461,16,2638,3348,10,0,0,0,0,0,0,30733,45479,78,0,0,0,0,0,0,0,0,0,0,0,0,0,0,0,0,0,0,0,0,0,0,0,0,0,0,0,0,0,0,0,0,0,0,0,0,0,4497,3162,7,48,279,0,298808,499712,6237,5545,7,295,416,354289,576781,0,0,0,0,0,0,0,0,0,0,0,0,0,0,0,1145,0,0,1,12188,0,0,0,0,0,0,0,0,0,0,0,0,0,0,0,0,0,0,0,0,305752,710755,0,0,0,0,0,1344,0,0,0,0,0,0,0,0,0,0,0,0,0,0,0,0,0,0,0,0,0,0,0,0,0,0,0,0,0,0,0,0,0,0,0,0,0,0,0,290317,666434,966,0,0,0,0,0,0,0,0,0,0,0,0,0,0,0,0,0,0,0,0,0,0,0,0,0,0,0,0,0,0,0,0,0,0,0,0,0,0,0,0,0,0,0,0,0,0,0,0,0,0,0,0,0,0,0,0,0,0,0,0,0,0,0,0,0,0,0,0,0,0,0,0,0,0,0,0,0,0,0,0,0,0,0,0,0,0,0,0,0,0,0,0,0,0,0,0,0,0,0,0,0,0,0,0,0,0,0,0,0,0,0,0,0,0,0,0,0,0,0,0,0,0,0,0,0,0,0,0,0,0,0,0,0,0,0,0,0,0,0,0,0,0,0,0,0,0,0,0,0,0,0
"CH05",75711311,41335,18535,292,0,0,0,232,632635,165394,19600,80610,33420,208,0,0,0,0,0,0,1236460,446900,32381,0,0,0,0,0,0,0,0,0,0,0,0,0,0,0,0,0,34290,68458,116,149,0,0,0,0,0,0,0,0,0,0,0,0,0,31692,61439,1223,188514,32200,6840,376,75,0,12051463,1542677,607099,51333,3538,41,0,12443944,1870706,0,0,0,0,0,0,0,0,0,0,0,0,0,0,0,137073,0,0,0,257673,0,0,0,0,0,0,0,0,0,0,0,1060,2543,0,26501,29650,118,0,0,0,1050905,2263019,9501,15800,67,0,0,4452,0,0,0,0,0,0,0,0,0,0,0,0,0,0,0,0,0,0,0,0,0,0,0,0,0,0,0,0,0,0,0,0,0,0,0,0,0,0,0,1788962,2256808,5122,0,0,0,0,0,0,0,0,0,0,0,0,0,0,0,0,0,0,0,0,0,0,0,0,0,0,0,0,0,0,0,0,0,0,0,0,0,0,0,0,0,0,0,0,0,0,0,0,0,0,0,0,0,0,0,0,0,0,0,0,0,0,0,0,0,0,0,0,0,0,0,0,0,0,0,0,0,0,0,0,0,0,0,0,0,0,0,0,0,0,0,0,0,0,0,0,0,0,0,0,0,0,0,0,0,0,0,0,0,0,0,0,0,0,0,0,0,0,0,0,0,0,0,0,0,0,0,0,0,0,0,0,0,0,0,0,0,0,0,0,0,0,0,0,0,0,0,0,0,0,0
"CH06",15796274,0,0,0,0,0,0,0,0,0,0,0,0,0,0,0,0,0,0,0,0,0,0,0,0,0,0,0,0,0,0,0,0,0,0,0,0,0,0,0,0,0,0,0,0,0,0,0,0,0,0,0,0,0,0,0,0,0,0,0,0,0,0,0,0,0,3602107,943107,0,0,0,0,0,1802378,1085765,0,0,0,0,0,0,0,0,0,0,0,0,0,0,0,4835,0,0,0,3290,0,0,0,0,0,0,0,0,0,0,0,0,0,0,0,0,0,0,0,0,136931,583703,0,0,0,0,0,716,0,0,0,0,0,0,0,0,0,0,0,0,0,0,0,0,0,0,0,0,0,0,0,0,0,0,0,0,0,0,0,0,0,0,0,0,0,0,0,119759,239829,385,0,0,0,0,0,0,0,0,0,0,0,0,0,0,0,0,0,0,0,0,0,0,0,0,0,0,0,0,0,0,0,0,0,0,0,0,0,0,0,0,0,0,0,0,0,0,0,0,0,0,0,0,0,0,0,0,0,0,0,0,0,0,0,0,0,0,0,0,0,0,0,0,0,0,0,0,0,0,0,0,0,0,0,0,0,0,0,0,0,0,0,0,0,0,0,0,0,0,0,0,0,0,0,0,0,0,0,0,0,0,0,0,0,0,0,0,0,0,0,0,0,0,0,0,0,0,0,0,0,0,0,0,0,0,0,0,0,0,0,0,0,0,0,0,0,0,0,0,0,0,0
"CH07",22737652,0,0,0,0,0,0,0,0,0,0,0,0,0,0,0,0,0,0,0,0,0,0,0,0,0,0,0,0,0,0,0,0,0,0,0,0,0,0,0,0,0,0,0,0,0,0,0,0,0,0,0,0,0,0,0,0,0,0,0,61543,4286,82,261,366,0,901031,68610,179014,30094,251,154,74,3689848,440329,0,0,0,0,0,0,0,0,0,0,0,0,0,0,0,1019,0,0,0,5210,0,0,0,0,0,0,0,0,0,0,0,0,0,0,0,0,0,0,0,0,0,0,0,0,0,0,0,0,0,0,0,0,0,0,0,0,0,0,0,0,0,0,0,0,0,0,0,0,0,0,0,0,0,0,0,0,0,0,0,0,0,0,0,0,0,0,0,0,0,0,0,0,0,0,0,0,0,0,0,0,0,0,0,0,0,0,0,0,0,0,0,0,0,0,0,0,0,0,0,0,0,0,0,0,0,0,0,0,0,0,0,0,0,0,0,0,0,0,0,0,0,0,0,0,0,0,0,0,0,0,0,0,0,0,0,0,0,0,0,0,0,0,0,0,0,0,0,0,0,0,0,0,0,0,0,0,0,0,0,0,0,0,0,0,0,0,0,0,0,0,0,0,0,0,0,0,0,0,0,0,0,0,0,0,0,0,0,0,0,0,0,0,0,0,0,0,0,0,0,0,0,0,0,0,0,0,0,0,0,0,0,0,0,0,0,0,0,0,0,0,0
"CY00",78117239,0,0,0,0,0,0,0,2101675,221918,4420,0,0,0,0,0,0,0,0,0,8211996,482382,19852,71145,0,0,0,0,0,0,0,74440,7343,150,0,0,0,0,0,0,705746,66285,1598,0,0,0,114152,0,0,0,0,342695,14746,0,0,0,0,479779,14953,1226,0,0,0,0,0,0,0,0,0,0,0,0,0,0,0,0,0,0,0,4908,0,0,0,0,0,0,0,0,0,0,0,0,0,0,0,0,0,0,0,0,0,0,0,0,0,0,0,0,0,0,0,0,0,0,0,0,0,0,0,0,0,0,0,0,0,0,0,0,0,0,0,0,0,0,0,0,0,0,0,0,0,0,0,12936,279,246,0,0,0,0,0,0,0,181,0,0,0,0,0,0,0,815,0,0,0,0,0,63,1,0,0,0,0,0,0,0,0,0,0,0,0,0,0,0,0,0,0,0,0,0,0,0,0,0,0,0,0,2217,1495,7,0,0,0,0,0,107337,25013,212,0,0,0,0,0,0,0,0,0,0,0,0,0,0,2,0,0,0,0,0,0,0,0,0,0,0,0,0,0,0,0,0,0,0,0,0,0,0,0,0,0,0,0,0,0,0,0,0,0,0,0,0,0,0,0,0,0,0,0,0,4753,696,5,0,0,0,0,0,0,0,0,0,0,0,0,0,0,0,0,0,0,0,0,0,0,0,0,0,0,0,0,0,0,0,0,0,0,0,0,0,0,0,0,0,0,0,6,13
"CZ01",4406249,22792,3401,24,0,0,0,41,1426,208,12,395356,44483,468,0,0,0,1105,82,1,76901,13469,92,0,0,0,0,0,0,0,0,0,0,0,0,0,0,0,0,0,0,0,0,14,0,0,0,0,0,0,0,0,0,0,0,0,0,0,0,0,0,0,0,0,0,0,0,0,0,0,0,0,0,0,0,0,0,0,0,0,0,0,0,0,0,0,0,0,0,0,0,0,0,0,0,0,0,0,0,0,0,0,0,0,0,0,0,0,0,0,0,0,0,0,0,0,0,0,0,0,0,0,0,0,0,0,0,0,0,0,0,0,0,0,0,0,0,0,0,0,0,0,0,0,0,0,0,0,0,0,0,0,0,0,0,0,0,0,0,0,0,0,0,0,0,0,0,0,0,0,0,0,0,0,0,0,0,0,0,0,0,0,0,0,0,0,0,0,0,0,0,0,0,0,0,0,0,0,0,0,0,0,0,0,0,0,0,0,0,0,0,0,0,0,0,0,0,0,0,0,0,0,0,0,0,0,0,0,0,0,0,0,0,0,0,0,0,0,0,0,0,0,0,0,0,0,0,0,0,0,0,0,0,0,0,0,0,0,0,0,0,0,0,0,0,0,0,0,0,0,0,0,0,0,0,0,0,0,0,0,0,0,0,0,0,0,0,0,0,0,0,0,0,0,0,0,0,0,0,0,0,0,0,0,0,0,0,0,0,0,0,0,0,0,0,0
"CZ02",96271202,1171905,290373,1922,0,0,0,24374,41844,7273,61,7568261,2304322,10964,0,0,0,1016212,410767,1605,154151,31810,216,0,0,0,0,0,0,0,0,0,0,0,0,0,0,0,0,0,0,0,0,6271,27,0,0,0,0,0,0,0,0,0,0,0,0,0,0,0,0,0,0,0,0,0,0,0,0,0,0,0,0,0,0,0,0,0,0,0,0,0,0,0,0,0,0,0,0,0,0,0,0,0,0,0,0,0,0,0,0,0,0,0,0,0,0,0,0,0,0,0,0,0,0,0,0,0,0,0,0,0,0,0,0,0,0,0,0,0,0,0,0,0,0,0,0,0,0,0,0,0,0,0,0,0,0,0,0,0,0,0,0,0,0,0,0,0,0,0,0,0,0,0,0,0,0,0,0,0,0,0,0,0,0,0,0,0,0,0,0,0,0,0,0,0,0,0,0,0,0,0,0,0,0,0,0,0,0,0,0,0,0,0,0,0,0,0,0,0,0,0,0,0,0,0,0,0,0,0,0,0,0,0,0,0,0,0,0,0,0,0,0,0,0,0,0,0,0,0,0,0,0,0,0,0,0,0,0,0,0,0,0,0,0,0,0,0,0,0,0,0,0,0,0,0,0,0,0,0,0,0,0,0,0,0,0,0,0,0,0,0,0,0,0,0,0,0,0,0,0,0,0,0,0,0,0,0,0,0,0,0,0,0,0,0,0,0,0,0,0,0,0,0,0,0
"CZ03",140416305,66983,16854,95,0,0,0,2294,299,167,2,22589612,8022086,25528,0,0,0,2323124,873301,2548,291731,99119,332,0,0,0,0,0,0,0,0,0,0,0,0,0,0,0,0,0,0,0,0,1886,2,0,0,0,0,0,0,0,0,3227,6939,9,0,0,0,0,609,2,0,191,83,0,0,0,1911620,231208,2373,153796,49736,905,286,0,0,0,0,0,0,0,0,0,0,0,0,0,0,0,0,0,0,211,0,0,0,0,0,0,0,0,0,0,0,0,0,0,0,0,0,0,0,0,0,0,0,0,0,0,0,0,0,0,0,0,0,0,0,0,0,0,0,0,0,0,0,0,0,0,0,0,0,0,0,0,0,0,0,0,0,0,0,0,0,0,0,0,0,0,0,0,0,0,0,0,0,0,0,0,0,0,0,0,0,0,0,0,0,0,0,0,0,0,0,0,0,0,0,0,0,0,0,0,0,0,0,0,0,0,0,0,0,0,0,0,0,0,0,0,0,0,0,0,0,0,0,0,0,0,0,0,0,0,0,0,0,0,0,0,0,0,0,0,0,0,0,0,0,0,0,0,0,0,0,0,0,0,0,0,0,0,0,0,0,0,0,0,0,0,0,0,0,0,0,0,0,0,0,0,0,0,0,0,0,0,0,0,0,0,0,0,0,0,0,0,0,0,0,0,0,0,0,0,0,0,0,0,0,0,0,0,0,0,0,0,0,0,0,0,0,0,0,0,0,0
"CZ04",68504496,1019048,85780,1253,0,0,0,44769,13569,1165,14,12484685,1515130,14174,0,0,0,1785484,298870,1621,305874,22454,403,0,0,0,0,0,0,0,0,0,0,0,0,0,0,0,0,0,0,0,0,2377,23,0,0,0,0,0,0,0,0,0,0,0,0,0,0,0,0,0,0,0,0,0,0,0,373174,23636,443,2462,25,0,0,0,0,0,0,0,0,0,0,0,0,0,0,0,0,0,0,0,0,2,0,0,0,0,0,0,0,0,0,0,0,0,0,0,0,0,0,0,0,0,0,0,0,0,0,0,0,0,0,0,0,0,0,0,0,0,0,0,0,0,0,0,0,0,0,0,0,0,0,0,0,0,0,0,0,0,0,0,0,0,0,0,0,0,0,0,0,0,0,0,0,0,0,0,0,0,0,0,0,0,0,0,0,0,0,0,0,0,0,0,0,0,0,0,0,0,0,0,0,0,0,0,0,0,0,0,0,0,0,0,0,0,0,0,0,0,0,0,0,0,0,0,0,0,0,0,0,0,0,0,0,0,0,0,0,0,0,0,0,0,0,0,0,0,0,0,0,0,0,0,0,0,0,0,0,0,0,0,0,0,0,0,0,0,0,0,0,0,0,0,0,0,0,0,0,0,0,0,0,0,0,0,0,0,0,0,0,0,0,0,0,0,0,0,0,0,0,0,0,0,0,0,0,0,0,0,0,0,0,0,0,0,0,0,0,0,0,0,0,0,0,0
"CZ05",98307820,5873584,1334395,7224,0,0,0,892005,42467,7823,73,12064565,2986623,16058,0,0,0,1765976,410956,2423,151653,28689,176,0,0,0,0,0,0,0,0,0,0,0,0,0,0,0,0,0,0,0,0,234774,1309,0,0,0,0,0,0,0,0,0,0,0,0,0,0,0,13004,150,15,0,0,0,0,0,249785,4700,265,874,6,779,3,0,0,0,0,0,0,0,0,0,0,0,0,0,0,0,0,0,0,1,2,0,0,0,0,0,0,0,0,0,0,0,0,0,0,0,0,0,0,0,0,0,0,0,0,0,0,0,0,0,0,0,0,0,0,0,0,0,0,0,0,0,0,0,0,0,0,0,0,0,0,0,0,0,0,0,0,0,0,0,0,0,0,0,0,0,0,0,0,0,0,0,0,0,0,0,0,0,0,0,0,0,0,0,0,0,0,0,0,0,0,0,0,0,0,0,0,0,0,0,0,0,0,0,0,0,0,0,0,0,0,0,0,0,0,0,0,0,0,0,0,0,0,0,0,0,0,0,0,0,0,0,0,0,0,0,0,0,0,0,0,0,0,0,0,0,0,0,0,0,0,0,0,0,0,0,0,0,0,0,0,0,0,0,0,0,0,0,0,0,0,0,0,0,0,0,0,0,0,0,0,0,0,0,0,0,0,0,0,0,0,0,0,0,0,0,0,0,0,0,0,0,0,0,0,0,0,0,0,0,0,0,0,0,0,0,0,0,0,0,0,0
"CZ06",122778709,876987,150658,1178,0,0,0,73239,13801,3350,22,9138871,2499492,12863,0,0,0,3150651,914005,4681,155605,36469,203,0,0,0,0,0,0,0,0,0,0,0,0,0,0,0,0,0,0,0,0,11337,105,0,0,0,0,0,0,0,0,0,0,0,0,0,0,0,0,0,0,0,0,0,0,0,0,0,0,0,0,0,0,0,0,0,0,0,0,0,0,0,0,0,0,0,0,0,0,0,0,0,0,0,0,0,0,0,0,0,0,0,0,0,0,0,0,0,0,0,0,0,0,0,0,0,0,0,0,0,0,0,0,0,0,0,0,0,0,0,0,0,0,0,0,0,0,0,0,0,0,0,0,0,0,0,0,0,0,0,0,0,0,0,0,0,0,0,0,0,0,0,0,0,0,0,0,0,0,0,0,0,0,0,0,0,0,0,0,0,0,0,0,0,0,0,0,0,0,0,0,0,0,0,0,0,0,0,0,0,0,0,0,0,0,0,0,0,0,0,0,0,0,0,0,0,0,0,0,0,0,0,0,0,0,0,0,0,0,0,0,0,0,0,0,0,0,0,0,0,0,0,0,0,0,0,0,0,0,0,0,0,0,0,0,0,0,0,0,0,0,0,0,0,0,0,0,0,0,0,0,0,0,0,0,0,0,0,0,0,0,0,0,0,0,0,0,0,0,0,0,0,0,0,0,0,0,0,0,0,0,0,0,0,0,0,0,0,0,0,0,0,0,0
"CZ07",74946990,1702422,329736,2278,0,0,0,166494,8459,2254,27,11006266,1937407,14393,0,0,0,816924,116351,960,111436,41639,181,0,0,0,0,0,0,0,0,0,0,0,0,0,0,0,0,0,0,0,0,20305,200,0,0,0,0,0,0,0,0,0,0,0,0,0,0,0,49468,242,44,3183,1,0,0,0,905417,23892,1187,121912,2663,1853,1,0,0,0,0,0,0,0,0,0,0,0,0,0,0,0,0,0,0,159,1,0,0,0,0,0,0,0,0,0,0,0,0,0,0,0,0,0,0,0,0,0,0,0,0,0,0,0,0,0,0,0,0,0,0,0,0,0,0,0,0,0,0,0,0,0,0,0,0,0,0,0,0,0,0,0,0,0,0,0,0,0,0,0,0,0,0,0,0,0,0,0,0,0,0,0,0,0,0,0,0,0,0,0,0,0,0,0,0,0,0,0,0,0,0,0,0,0,0,0,0,0,0,0,0,0,0,0,0,0,0,0,0,0,0,0,0,0,0,0,0,0,0,0,0,0,0,0,0,0,0,0,0,0,0,0,0,0,0,0,0,0,0,0,0,0,0,0,0,0,0,0,0,0,0,0,0,0,0,0,0,0,0,0,0,0,0,0,0,0,0,0,0,0,0,0,0,0,0,0,0,0,0,0,0,0,0,0,0,0,0,0,0,0,0,0,0,0,0,0,0,0,0,0,0,0,0,0,0,0,0,0,0,0,0,0,0,0,0,0,0,0
"CZ08",41314832,516640,78170,613,0,0,0,77546,8542,755,13,9153383,1781033,10109,0,0,0,607958,93785,693,136932,30138,143,0,0,0,0,0,0,0,0,0,0,0,0,0,0,0,0,0,0,0,0,6531,79,0,0,0,0,0,0,0,0,0,0,0,0,0,0,0,39658,610,34,687,92,5,0,0,370923,23097,408,38690,3869,674,0,0,0,0,0,0,0,0,0,0,0,0,0,0,0,0,0,0,0,41,3,0,0,0,0,0,0,0,0,0,0,0,0,0,0,0,0,0,0,0,0,0,0,0,0,0,0,0,0,0,0,0,0,0,0,0,0,0,0,0,0,0,0,0,0,0,0,0,0,0,0,0,0,0,0,0,0,0,0,0,0,0,0,0,0,0,0,0,0,0,0,0,0,0,0,0,0,0,0,0,0,0,0,0,0,0,0,0,0,0,0,0,0,0,0,0,0,0,0,0,0,0,0,0,0,0,0,0,0,0,0,0,0,0,0,0,0,0,0,0,0,0,0,0,0,0,0,0,0,0,0,0,0,0,0,0,0,0,0,0,0,0,0,0,0,0,0,0,0,0,0,0,0,0,0,0,0,0,0,0,0,0,0,0,0,0,0,0,0,0,0,0,0,0,0,0,0,0,0,0,0,0,0,0,0,0,0,0,0,0,0,0,0,0,0,0,0,0,0,0,0,0,0,0,0,0,0,0,0,0,0,0,0,0,0,0,0,0,0,0,0,0
"DE11",88288783,9674605,5307757,22879,58990,27506,115,121126,158145,65772,205,615146,235273,863,3220,787,2,12919,3600,17,25245,14406,35,0,0,0,0,0,0,0,0,0,0,0,0,0,0,0,0,0,0,0,0,75640,899,0,0,0,0,0,0,0,0,0,0,0,0,0,0,0,461884,340035,857,6301,5448,17,635,474,6198,6530,24,0,0,0,0,0,0,0,0,0,0,0,0,0,0,0,0,0,0,0,0,0,0,0,0,0,0,0,0,0,0,0,0,0,0,0,0,0,0,0,0,0,0,0,0,0,0,0,0,0,0,0,0,0,0,0,0,0,0,0,0,0,0,0,0,0,0,0,0,0,0,0,0,0,0,0,0,0,0,0,0,0,0,0,0,0,0,0,0,0,0,0,0,0,0,0,0,0,0,0,0,0,0,0,0,0,0,0,0,0,0,0,0,0,0,0,0,0,0,0,0,0,0,0,0,0,0,0,0,0,0,0,0,0,0,0,0,0,0,0,0,0,0,0,0,0,0,0,0,0,0,0,0,0,0,0,0,0,0,0,0,0,0,0,0,0,0,0,0,0,0,0,0,0,0,0,0,0,0,0,0,0,0,0,0,0,0,0,0,0,0,0,0,0,0,0,0,0,0,0,0,0,0,0,0,0,0,0,0,0,0,0,0,0,0,0,0,0,0,0,0,0,0,0,0,0,0,0,0,0,0,0,0,0,0,0,0,0,0,0,0,0,0,0,0,0
"DE12",60567379,2416928,1206438,4894,87,38,0,14788,34846,13620,67,2680819,991579,17718,0,0,0,49029,25539,83,131297,20172,510,0,0,0,0,0,0,0,0,0,0,0,0,0,0,0,0,0,0,0,0,14066,42,0,0,0,0,0,0,0,0,0,0,0,0,0,0,0,44790,28985,70,0,0,0,117,19,708056,199610,1191,21247,4284,4585,2334,0,0,0,0,0,0,0,0,0,0,0,0,0,0,0,0,0,0,27,4,0,0,0,0,0,0,0,0,0,0,0,0,0,0,0,0,0,0,0,0,0,0,0,0,0,0,0,0,0,0,0,0,0,0,0,0,0,0,0,0,0,0,0,0,0,0,0,0,0,0,0,0,0,0,0,0,0,0,0,0,0,0,0,0,0,0,0,0,0,0,0,0,0,0,0,0,0,0,0,0,0,0,0,0,0,0,0,0,0,0,0,0,0,0,0,0,0,0,0,0,0,0,0,0,0,0,0,0,0,0,0,0,0,0,0,0,0,0,0,0,0,0,0,0,0,0,0,0,0,0,0,0,0,0,0,0,0,0,0,0,0,0,0,0,0,0,0,0,0,0,0,0,0,0,0,0,0,0,0,0,0,0,0,0,0,0,0,0,0,0,0,0,0,0,0,0,0,0,0,0,0,0,0,0,0,0,0,0,0,0,0,0,0,0,0,0,0,0,0,0,0,0,0,0,0,0,0,0,0,0,0,0,0,0,0,0,0,0,0,0,0
"DE13",75277734,1408255,1837575,27111,0,0,0,28998,25481,17906,658,1384638,1276538,33120,0,0,0,24376,24207,72,74828,37759,6887,0,569,86,0,0,0,0,0,337,81,0,4154,4542,3,0,0,0,786,372,0,42022,36,0,0,0,0,0,0,0,0,0,0,0,0,0,0,0,1883600,1642001,11412,77307,37602,174,8678,8213,5883450,1777610,9255,822031,245203,34317,20145,0,0,0,0,0,0,0,0,0,0,0,0,0,0,0,15,0,0,1337,56,0,0,0,0,0,0,0,0,0,0,0,0,0,0,0,0,0,0,0,0,0,0,0,0,0,0,0,0,0,0,0,0,0,0,0,0,0,0,0,0,0,0,0,0,0,0,0,0,0,0,0,0,0,0,0,0,0,0,0,0,0,0,0,0,0,0,0,0,0,0,0,0,0,0,0,0,0,0,0,0,0,0,0,0,0,0,0,0,0,0,0,0,0,0,0,0,0,0,0,0,0,0,0,0,0,0,0,0,0,0,0,0,0,0,0,0,0,0,0,0,0,0,0,0,0,0,0,0,0,0,0,0,0,0,0,0,0,0,0,0,0,0,0,0,0,0,0,0,0,0,0,0,0,0,0,0,0,0,0,0,0,0,0,0,0,0,0,0,0,0,0,0,0,0,0,0,0,0,0,0,0,0,0,0,0,0,0,0,0,0,0,0,0,0,0,0,0,0,0,0,0,0,0,0,0,0,0,0,0,0,0,0,0,0,0,0,0,0,0,0,0
"DE14",69840104,3482174,3729096,12439,0,0,0,136102,38187,25006,72,2019291,3138366,67288,0,0,0,231649,300208,1811,47278,37867,1630,0,779,1132,4,0,0,0,0,98,82,0,11196,7741,503,0,0,0,912,437,195,145043,1218,0,0,0,5778,8015,5,0,0,132691,145175,10071,0,437,869,0,1896275,1068738,5353,9496,7102,13,7431,3089,606154,537922,4336,23349,19652,4144,4197,0,0,0,0,0,0,0,0,3791,16876,14385,22,0,0,0,4,0,0,35,15,0,0,0,0,0,0,0,0,0,0,0,0,0,0,1449786,1596955,17252,86289,106221,290,11671,7245,126195,118449,637,9683,10373,37,0,0,0,0,0,0,0,0,0,0,0,0,0,0,0,0,0,0,0,0,0,0,0,0,0,0,0,0,0,0,0,0,0,0,0,2863,8,14,0,813,385,9,0,0,0,0,0,0,0,0,0,0,0,0,0,0,0,0,0,0,0,0,0,0,0,0,0,0,0,0,0,0,0,0,0,0,0,0,0,0,0,0,0,0,0,0,0,0,0,0,0,0,0,0,0,0,0,0,0,0,0,0,0,0,0,0,0,0,0,0,0,0,0,0,0,0,0,0,0,0,0,0,0,0,0,0,0,0,0,0,0,0,0,0,0,0,0,0,0,0,0,0,0,0,0,0,0,0,0,0,0,0,0,0,0,0,0,0,0,0,0,0,0,0,0,0,0,0,0,0,0,0,0,0,0,0,0,0,0,0,0,0,0,0,0,0,0,0,0,0,0,0,0
"DE21",140135756,1839457,2830748,5227,2143,1933,9,29701,19075,31146,27,2312262,3696102,4810,0,0,0,123014,211269,223,184855,74597,146,0,0,0,0,0,0,0,0,0,0,0,0,0,0,0,0,0,0,0,0,35973,60,0,0,0,28713,73784,82,124,109,499419,1502923,2439,0,3498,8988,7,2682391,1037174,12869,39602,51329,60,51644,7045,2028830,3461217,20341,127200,195771,28732,28494,907,0,0,0,0,0,0,0,4490,44009,151774,127,0,0,0,320,0,0,254,41,0,0,0,0,0,0,18298,27426,42,812,8,2087,1469,5,2982172,6155706,22908,298319,508990,861,18995,24351,577546,906763,1404,40100,78783,36,0,0,0,0,0,0,0,0,0,0,0,0,0,0,0,0,0,0,0,0,0,0,0,0,0,0,0,0,0,0,0,0,0,0,0,9881,15,117,0,3275,6141,12,0,0,0,0,0,0,0,0,0,0,0,0,0,0,0,0,0,0,0,0,0,0,0,0,0,0,0,0,0,0,0,0,0,0,0,0,0,0,0,0,0,0,0,0,0,0,0,0,0,0,0,0,0,0,0,0,0,0,0,0,0,0,0,0,0,0,0,0,0,0,0,0,0,0,0,0,0,0,0,0,0,0,0,0,0,0,0,0,0,0,0,0,0,0,0,0,0,0,0,0,0,0,0,0,0,0,0,0,0,0,0,0,0,0,0,0,0,0,0,0,0,0,0,0,0,0,0,0,0,0,0,0,0,0,0,0,0,0,0,0,0,0,0,0,0,0,0,0,0,0,0
"DE22",87741046,1841655,2356709,2889,107,10,1,97113,14626,8763,20,1530028,1777830,2458,0,0,0,272432,444668,606,67167,39233,80,0,0,0,0,0,0,0,0,0,0,0,0,0,0,0,0,0,0,0,0,126691,138,0,0,0,0,0,0,0,0,53846,142367,163,0,1386,1059,1,130241,339880,266,14295,23830,18,18,68,1921967,1554194,3778,593695,796636,5207,5967,0,0,0,0,0,0,0,0,0,59302,114658,157,0,0,0,0,0,0,1448,3,0,0,0,0,0,0,0,0,0,0,0,0,0,0,364670,459137,748,125385,210111,339,1655,3477,0,0,0,0,0,3,0,0,0,0,0,0,0,0,0,0,0,0,0,0,0,0,0,0,0,0,0,0,0,0,0,0,0,0,0,0,0,0,0,0,0,0,0,0,0,0,0,0,0,0,0,0,0,0,0,0,0,0,0,0,0,0,0,0,0,0,0,0,0,0,0,0,0,0,0,0,0,0,0,0,0,0,0,0,0,0,0,0,0,0,0,0,0,0,0,0,0,0,0,0,0,0,0,0,0,0,0,0,0,0,0,0,0,0,0,0,0,0,0,0,0,0,0,0,0,0,0,0,0,0,0,0,0,0,0,0,0,0,0,0,0,0,0,0,0,0,0,0,0,0,0,0,0,0,0,0,0,0,0,0,0,0,0,0,0,0,0,0,0,0,0,0,0,0,0,0,0,0,0,0,0,0,0,0,0,0,0,0,0,0,0,0,0,0,0,0,0,0,0
"DE23",81379582,3402941,2389782,6869,835,452,5,114405,41102,14838,55,2723112,4275225,5646,0,0,0,587786,1157446,1510,52611,28797,84,0,0,0,0,0,0,0,0,0,0,0,0,0,0,0,0,0,0,0,0,184541,149,0,0,0,0,0,0,0,0,38301,119332,113,0,0,0,0,0,0,0,0,0,0,0,0,119199,96228,264,18314,28833,0,0,0,0,0,0,0,0,0,0,0,16871,73581,83,0,0,0,0,0,0,37,0,0,0,0,0,0,0,0,0,0,0,0,0,0,0,69,155,0,0,643,0,0,0,0,0,0,0,0,0,0,0,0,0,0,0,0,0,0,0,0,0,0,0,0,0,0,0,0,0,0,0,0,0,0,0,0,0,0,0,0,0,0,0,0,0,0,0,0,0,0,0,0,0,0,0,0,0,0,0,0,0,0,0,0,0,0,0,0,0,0,0,0,0,0,0,0,0,0,0,0,0,0,0,0,0,0,0,0,0,0,0,0,0,0,0,0,0,0,0,0,0,0,0,0,0,0,0,0,0,0,0,0,0,0,0,0,0,0,0,0,0,0,0,0,0,0,0,0,0,0,0,0,0,0,0,0,0,0,0,0,0,0,0,0,0,0,0,0,0,0,0,0,0,0,0,0,0,0,0,0,0,0,0,0,0,0,0,0,0,0,0,0,0,0,0,0,0,0,0,0,0,0,0,0,0,0,0,0,0,0,0,0,0,0,0,0,0,0,0,0,0,0
"DE24",60779614,5123422,1816187,6563,722,99,0,91906,34769,8438,58,2243675,1269260,2823,0,0,0,210348,134651,237,50140,14769,79,0,0,0,0,0,0,0,0,0,0,0,0,0,0,0,0,0,0,0,0,42710,110,0,0,0,0,0,0,0,0,0,0,0,0,0,0,0,280206,16287,239,3372,10,3,787,3,151221,20274,225,7647,1169,0,0,0,0,0,0,0,0,0,0,0,0,0,0,0,0,0,0,0,0,9,0,0,0,0,0,0,0,0,0,0,0,0,0,0,0,0,0,0,0,0,0,0,0,0,0,0,0,0,0,0,0,0,0,0,0,0,0,0,0,0,0,0,0,0,0,0,0,0,0,0,0,0,0,0,0,0,0,0,0,0,0,0,0,0,0,0,0,0,0,0,0,0,0,0,0,0,0,0,0,0,0,0,0,0,0,0,0,0,0,0,0,0,0,0,0,0,0,0,0,0,0,0,0,0,0,0,0,0,0,0,0,0,0,0,0,0,0,0,0,0,0,0,0,0,0,0,0,0,0,0,0,0,0,0,0,0,0,0,0,0,0,0,0,0,0,0,0,0,0,0,0,0,0,0,0,0,0,0,0,0,0,0,0,0,0,0,0,0,0,0,0,0,0,0,0,0,0,0,0,0,0,0,0,0,0,0,0,0,0,0,0,0,0,0,0,0,0,0,0,0,0,0,0,0,0,0,0,0,0,0,0,0,0,0,0,0,0,0,0,0,0,0
"DE25",60311641,7496428,3302522,12391,592,2717,1,41637,100145,20690,193,816007,286794,1882,0,0,0,3653,2569,3,31960,5493,93,0,0,0,0,0,0,0,0,0,0,0,0,0,0,0,0,0,0,0,0,24287,49,0,0,0,0,0,0,0,0,0,0,0,0,0,0,0,0,0,0,0,0,0,0,0,0,0,0,0,0,0,0,0,0,0,0,0,0,0,0,0,0,0,0,0,0,0,0,0,0,0,0,0,0,0,0,0,0,0,0,0,0,0,0,0,0,0,0,0,0,0,0,0,0,0,0,0,0,0,0,0,0,0,0,0,0,0,0,0,0,0,0,0,0,0,0,0,0,0,0,0,0,0,0,0,0,0,0,0,0,0,0,0,0,0,0,0,0,0,0,0,0,0,0,0,0,0,0,0,0,0,0,0,0,0,0,0,0,0,0,0,0,0,0,0,0,0,0,0,0,0,0,0,0,0,0,0,0,0,0,0,0,0,0,0,0,0,0,0,0,0,0,0,0,0,0,0,0,0,0,0,0,0,0,0,0,0,0,0,0,0,0,0,0,0,0,0,0,0,0,0,0,0,0,0,0,0,0,0,0,0,0,0,0,0,0,0,0,0,0,0,0,0,0,0,0,0,0,0,0,0,0,0,0,0,0,0,0,0,0,0,0,0,0,0,0,0,0,0,0,0,0,0,0,0,0,0,0,0,0,0,0,0,0,0,0,0,0,0,0,0,0,0
"DE26",76165861,2662033,1011979,4777,66240,24971,139,28411,55436,20556,108,2703192,996521,5740,5928,1904,21,190392,94228,332,87667,29186,277,0,0,0,0,0,0,0,0,0,0,0,0,0,0,0,0,0,0,0,0,11357,65,0,0,0,0,0,0,0,0,0,0,0,0,0,0,0,92426,12764,202,15066,2094,36,73,3,775776,101540,1428,102875,18331,3616,438,0,0,0,0,0,0,0,0,0,0,0,0,0,0,0,0,0,0,181,8,0,0,0,0,0,0,0,0,0,0,0,0,0,0,0,0,0,0,0,0,0,0,0,0,0,0,0,0,0,0,0,0,0,0,0,0,0,0,0,0,0,0,0,0,0,0,0,0,0,0,0,0,0,0,0,0,0,0,0,0,0,0,0,0,0,0,0,0,0,0,0,0,0,0,0,0,0,0,0,0,0,0,0,0,0,0,0,0,0,0,0,0,0,0,0,0,0,0,0,0,0,0,0,0,0,0,0,0,0,0,0,0,0,0,0,0,0,0,0,0,0,0,0,0,0,0,0,0,0,0,0,0,0,0,0,0,0,0,0,0,0,0,0,0,0,0,0,0,0,0,0,0,0,0,0,0,0,0,0,0,0,0,0,0,0,0,0,0,0,0,0,0,0,0,0,0,0,0,0,0,0,0,0,0,0,0,0,0,0,0,0,0,0,0,0,0,0,0,0,0,0,0,0,0,0,0,0,0,0,0,0,0,0,0,0,0,0,0,0,0,0
"DE27",71725063,2354619,1330619,3908,0,0,0,164473,27329,6903,35,3732345,2026308,28196,0,0,0,209869,123618,2132,95330,33956,158,0,0,0,0,0,0,0,0,0,0,0,0,0,0,0,0,0,0,0,0,97297,278,0,0,0,325794,224236,518,491,223,550223,442302,805,0,3340,1913,1,2361875,325584,24530,14463,10279,25,43616,92,573503,388006,2717,23349,17920,4707,2878,0,0,0,0,0,0,0,0,10904,8088,4461,22,0,0,0,581,0,0,29,1,0,0,0,0,0,0,7546,3347,11,0,0,952,226,2,4217258,3899114,12870,107762,65278,174,37712,22950,2852246,1603548,13936,72978,37439,537,0,0,0,0,0,0,0,0,0,0,0,0,0,0,0,0,0,0,0,0,0,0,0,0,0,0,0,0,0,0,0,0,0,0,0,4646,16,90,0,13117,6328,40,0,0,0,0,0,0,0,0,0,0,0,0,0,0,0,0,0,0,0,0,0,0,0,0,0,0,0,0,0,0,0,0,0,0,0,0,0,0,0,0,0,0,0,0,0,0,0,0,0,0,0,0,0,0,0,0,0,0,0,0,0,0,0,0,0,0,0,0,0,0,0,0,0,0,0,0,0,0,0,0,0,0,0,0,0,0,0,0,0,0,0,0,0,0,0,0,0,0,0,0,0,0,0,0,0,0,0,0,0,0,0,0,0,0,0,0,0,0,0,0,0,0,0,0,0,0,0,0,0,0,0,0,0,0,0,0,0,0,0,0,0,0,0,0,0,0,0,0,0,0,0
"DE30",8371066,167003,49419,207,0,0,0,137,18824,4100,32,205586,56376,253,0,0,0,1856,102,3,47585,8222,45,0,0,0,0,0,0,0,0,0,0,0,0,0,0,0,0,0,0,0,0,239,0,0,0,0,0,0,0,0,0,0,0,0,0,0,0,0,0,0,0,0,0,0,0,0,0,0,0,0,0,0,0,0,0,0,0,0,0,0,0,0,0,0,0,0,0,0,0,0,0,0,0,0,0,0,0,0,0,0,0,0,0,0,0,0,0,0,0,0,0,0,0,0,0,0,0,0,0,0,0,0,0,0,0,0,0,0,0,0,0,0,0,0,0,0,0,0,0,0,0,0,0,0,0,0,0,0,0,0,0,0,0,0,0,0,0,0,0,0,0,0,0,0,0,0,0,0,0,0,0,0,0,0,0,0,0,0,0,0,0,0,0,0,0,0,0,0,0,0,0,0,0,0,0,0,0,0,0,0,0,0,0,0,0,0,0,0,0,0,0,0,0,0,0,0,0,0,0,0,0,0,0,0,0,0,0,0,0,0,0,0,0,0,0,0,0,0,0,0,0,0,0,0,0,0,0,0,0,0,0,0,0,0,0,0,0,0,0,0,0,0,0,0,0,0,0,0,0,0,0,0,0,0,0,0,0,0,0,0,0,0,0,0,0,0,0,0,0,0,0,0,0,0,0,0,0,0,0,0,0,0,0,0,0,0,0,0,0,0,0,0,0,0
"DE40",247301238,3996252,2046164,7452,0,0,0,303843,206524,70481,335,25097233,12788437,99393,0,0,0,2187960,980711,9353,1067484,215957,6901,0,0,0,0,0,0,0,0,0,0,0,0,0,0,0,0,0,0,0,0,124832,410,0,0,0,0,0,0,0,0,0,0,0,0,0,0,0,0,0,0,0,0,0,0,0,0,0,0,0,0,0,0,0,0,0,0,0,0,0,0,0,0,0,0,0,0,0,0,0,0,0,0,0,0,0,0,0,0,0,0,0,0,0,0,0,0,0,0,0,0,0,0,0,0,0,0,0,0,0,0,0,0,0,0,0,0,0,0,0,0,0,0,0,0,0,0,0,0,0,0,0,0,0,0,0,0,0,0,0,0,0,0,0,0,0,0,0,0,0,0,0,0,0,0,0,0,0,0,0,0,0,0,0,0,0,0,0,0,0,0,0,0,0,0,0,0,0,0,0,0,0,0,0,0,0,0,0,0,0,0,0,0,0,0,0,0,0,0,0,0,0,0,0,0,0,0,0,0,0,0,0,0,0,0,0,0,0,0,0,0,0,0,0,0,0,0,0,0,0,0,0,0,0,0,0,0,0,0,0,0,0,0,0,0,0,0,0,0,0,0,0,0,0,0,0,0,0,0,0,0,0,0,0,0,0,0,0,0,0,0,0,0,0,0,0,0,0,0,0,0,0,0,0,0,0,0,0,0,0,0,0,0,0,0,0,0,0,0,0,0,0,0,0
"DE50",2786651,22421,15854,19,0,0,0,2700,1473,737,2,599745,438083,10477,0,0,0,1980,3896,104,82136,40510,1063,982,0,0,0,0,0,0,0,0,0,0,0,0,0,0,0,0,0,0,0,4418,0,0,0,0,0,0,0,0,0,1883,1182,7,0,0,0,0,0,0,0,0,0,0,0,0,0,0,0,0,0,0,0,0,0,0,0,233,0,0,0,0,0,0,0,0,0,0,0,0,0,0,0,0,0,0,0,0,0,0,0,0,0,0,0,0,0,0,0,0,0,0,0,0,0,0,0,0,0,0,0,0,0,0,0,0,0,0,0,0,0,0,0,0,0,0,0,0,0,0,0,0,0,0,0,0,0,0,7537,2356,836,2,0,0,0,0,0,0,0,0,0,0,0,0,0,0,0,0,0,0,0,0,0,0,0,0,0,0,0,0,0,0,0,0,0,0,0,0,0,0,0,0,0,0,0,0,0,0,0,0,0,0,0,0,0,0,0,0,0,0,0,0,0,0,0,0,0,0,0,0,0,0,0,0,0,0,0,0,0,0,0,0,0,0,0,0,0,0,0,0,0,0,0,0,0,0,0,0,0,0,0,0,0,0,0,0,0,0,0,0,0,0,0,0,0,0,0,0,0,0,0,0,0,0,0,0,0,0,0,0,0,0,0,0,0,0,0,0,0,0,0,0,0,0,0,0,0,0,0,0,0,0,0,0,0,0,0,0,0,0,0,0,0,0
"DE60",6113176,92173,39878,77,0,0,0,3205,5388,2407,8,727605,274328,13086,0,0,0,5758,2646,5,48993,24915,60,0,72,46,0,0,0,0,0,0,0,0,21962,17755,32,0,0,0,1035,1082,1,2565,3,0,28455,0,0,0,0,0,0,0,0,0,0,0,0,0,0,0,0,0,0,0,0,0,0,0,0,0,0,0,0,0,0,0,0,0,0,0,0,0,0,0,0,0,0,0,0,0,0,0,0,0,0,0,0,0,0,0,0,0,0,0,0,0,0,0,0,0,0,0,0,0,0,0,0,0,0,0,0,0,0,0,0,0,0,0,0,0,0,0,0,0,0,0,0,0,0,0,0,5806,1130,0,0,0,0,0,0,0,0,0,0,0,0,0,0,0,0,0,0,0,0,0,0,0,0,0,0,0,0,0,0,0,0,0,0,0,0,0,0,0,0,0,0,0,0,0,0,0,0,0,0,0,0,0,0,0,0,0,0,0,0,0,0,0,0,0,0,0,0,0,0,0,0,0,0,0,0,0,0,0,0,0,0,0,0,0,0,0,0,0,0,0,0,0,0,0,0,0,0,0,0,0,0,0,0,0,0,0,0,0,0,0,0,0,0,0,0,0,0,0,0,0,0,0,0,0,0,0,0,0,0,0,0,0,0,0,0,0,0,0,0,0,0,0,0,0,0,0,0,0,0,0,0,0,0,0,0,0,0,0,0,0,0,0,0,0,0,0,0,0,0,0
"DE71",63780515,1411526,398412,2624,0,0,0,48181,40542,6271,49,4974446,1797181,10269,884,264,2,510377,201954,771,181512,28879,230,0,0,0,0,0,0,0,0,0,0,0,0,0,0,0,0,0,0,0,0,12679,49,0,0,0,0,0,0,0,0,0,0,0,0,0,0,0,34844,4292,34,3360,388,2,0,0,619170,200137,910,123061,41293,2401,1122,0,0,0,0,0,0,0,0,0,0,0,0,0,0,0,0,0,0,167,1,0,0,0,0,0,0,0,0,0,0,0,0,0,0,0,0,0,0,0,0,0,0,0,0,0,0,0,0,0,0,0,0,0,0,0,0,0,0,0,0,0,0,0,0,0,0,0,0,0,0,0,0,0,0,0,0,0,0,0,0,0,0,0,0,0,0,0,0,0,0,0,0,0,0,0,0,0,0,0,0,0,0,0,0,0,0,0,0,0,0,0,0,0,0,0,0,0,0,0,0,0,0,0,0,0,0,0,0,0,0,0,0,0,0,0,0,0,0,0,0,0,0,0,0,0,0,0,0,0,0,0,0,0,0,0,0,0,0,0,0,0,0,0,0,0,0,0,0,0,0,0,0,0,0,0,0,0,0,0,0,0,0,0,0,0,0,0,0,0,0,0,0,0,0,0,0,0,0,0,0,0,0,0,0,0,0,0,0,0,0,0,0,0,0,0,0,0,0,0,0,0,0,0,0,0,0,0,0,0,0,0,0,0,0,0,0,0,0,0,0,0
"DE72",42359808,1615365,422323,2115,0,0,0,118693,23027,4771,22,5621478,1670937,10757,0,0,0,601263,153468,1225,50820,9812,45,0,0,0,0,0,0,0,0,0,0,0,0,0,0,0,0,0,0,0,0,32195,149,0,0,0,0,0,0,0,0,0,0,0,0,0,0,0,21000,2149,21,1722,1084,3,193,0,581004,158884,1127,276618,68432,2828,2397,0,0,0,0,0,0,0,0,0,0,0,0,0,0,0,0,0,0,544,14,0,0,0,0,0,0,0,0,0,0,0,0,0,0,0,0,0,0,0,0,0,0,0,0,0,0,0,0,0,0,0,0,0,0,0,0,0,0,0,0,0,0,0,0,0,0,0,0,0,0,0,0,0,0,0,0,0,0,0,0,0,0,0,0,0,0,0,0,0,0,0,0,0,0,0,0,0,0,0,0,0,0,0,0,0,0,0,0,0,0,0,0,0,0,0,0,0,0,0,0,0,0,0,0,0,0,0,0,0,0,0,0,0,0,0,0,0,0,0,0,0,0,0,0,0,0,0,0,0,0,0,0,0,0,0,0,0,0,0,0,0,0,0,0,0,0,0,0,0,0,0,0,0,0,0,0,0,0,0,0,0,0,0,0,0,0,0,0,0,0,0,0,0,0,0,0,0,0,0,0,0,0,0,0,0,0,0,0,0,0,0,0,0,0,0,0,0,0,0,0,0,0,0,0,0,0,0,0,0,0,0,0,0,0,0,0,0,0,0,0,0
"DE73",67449806,3476436,1318528,9288,6005,684,19,134113,44364,7140,35,5962499,2408582,9671,2406,490,1,439769,178849,640,66708,20774,173,0,0,0,0,0,0,0,0,0,0,0,0,0,0,0,0,0,0,0,0,47488,175,0,0,0,0,0,0,0,0,0,0,0,0,0,0,0,134001,45160,303,7847,3010,9,1163,348,589024,219625,1123,238042,66465,13272,1047,0,0,0,0,0,0,0,0,0,0,0,0,0,0,0,2,0,0,414,23,0,0,0,0,0,0,0,0,0,0,0,0,0,0,0,0,0,0,0,0,0,0,0,0,0,0,0,0,0,0,0,0,0,0,0,0,0,0,0,0,0,0,0,0,0,0,0,0,0,0,0,0,0,0,0,0,0,0,0,0,0,0,0,0,0,0,0,0,0,0,0,0,0,0,0,0,0,0,0,0,0,0,0,0,0,0,0,0,0,0,0,0,0,0,0,0,0,0,0,0,0,0,0,0,0,0,0,0,0,0,0,0,0,0,0,0,0,0,0,0,0,0,0,0,0,0,0,0,0,0,0,0,0,0,0,0,0,0,0,0,0,0,0,0,0,0,0,0,0,0,0,0,0,0,0,0,0,0,0,0,0,0,0,0,0,0,0,0,0,0,0,0,0,0,0,0,0,0,0,0,0,0,0,0,0,0,0,0,0,0,0,0,0,0,0,0,0,0,0,0,0,0,0,0,0,0,0,0,0,0,0,0,0,0,0,0,0,0,0,0,0
"DE80",190620988,7607069,4832363,22975,0,0,0,180774,297737,133239,694,14328908,8617338,120428,0,0,0,410579,229519,1441,612672,188653,4141,197364,163932,104830,306,0,0,678,0,54497,27523,92,313264,218722,371,0,7358,9,259036,125023,412,119093,405,3188,436887,26572,0,0,0,0,0,0,0,0,212,0,0,0,0,0,0,0,0,0,0,0,0,0,0,0,0,0,0,0,0,0,0,69735,0,0,0,0,0,0,0,0,0,0,0,0,0,0,0,0,0,0,0,0,0,0,0,0,0,0,0,0,0,0,0,0,0,0,0,0,0,0,0,0,0,0,0,0,0,0,0,0,0,0,0,0,0,0,0,0,0,0,0,0,0,0,0,159295,649,1613,1237,9,92186,130,117271,56148,126,287,73531,0,0,0,0,0,0,0,0,0,0,0,0,0,0,0,0,0,0,0,0,0,0,0,0,0,0,0,0,0,0,0,0,0,0,0,0,0,0,0,0,0,0,0,0,0,0,0,0,0,0,0,0,0,0,0,0,0,0,0,0,0,0,0,0,0,0,0,0,0,0,0,0,0,0,0,0,0,0,0,0,0,0,0,0,0,0,0,0,0,0,0,0,0,0,0,0,0,0,0,0,0,0,0,0,0,7817,1780,0,0,0,0,0,0,0,0,0,0,0,5601,6018,11,16,0,0,0,0,0,0,0,0,0,0,0,0,0,0,0,0,0,0,0,0,0,0,0,0,0,0,0,0,0,0,0,0,0,0,0,0,0,0,0
"DE91",71504023,2571900,1433891,3917,11752,5986,20,11468,83427,23202,129,3125329,1861270,23822,1993,584,1,60873,16529,1364,67786,23262,186,0,0,0,0,0,0,0,0,0,0,0,0,0,0,0,0,0,0,0,0,5503,13,0,0,0,0,0,0,0,0,0,0,0,0,0,0,0,179181,13844,1654,7493,243,5,3562,361,148048,7783,6396,9710,197,958,66,0,0,0,0,0,0,0,0,0,0,0,0,0,0,0,3,0,0,7,1,0,0,0,0,0,0,0,0,0,0,0,0,0,0,0,0,0,0,0,0,0,0,0,0,0,0,0,0,0,0,0,0,0,0,0,0,0,0,0,0,0,0,0,0,0,0,0,0,0,0,0,0,0,0,0,0,0,0,0,0,0,0,0,0,0,0,0,0,0,0,0,0,0,0,0,0,0,0,0,0,0,0,0,0,0,0,0,0,0,0,0,0,0,0,0,0,0,0,0,0,0,0,0,0,0,0,0,0,0,0,0,0,0,0,0,0,0,0,0,0,0,0,0,0,0,0,0,0,0,0,0,0,0,0,0,0,0,0,0,0,0,0,0,0,0,0,0,0,0,0,0,0,0,0,0,0,0,0,0,0,0,0,0,0,0,0,0,0,0,0,0,0,0,0,0,0,0,0,0,0,0,0,0,0,0,0,0,0,0,0,0,0,0,0,0,0,0,0,0,0,0,0,0,0,0,0,0,0,0,0,0,0,0,0,0,0,0,0,0,0,0
"DE92",78305180,2491421,1441431,7181,17332,6135,36,4510,113855,25840,208,3943820,3734840,347940,144,0,0,12390,6662,4,111146,43207,1948,0,0,0,0,0,0,0,0,0,0,0,0,0,0,0,0,0,0,0,0,2984,3,0,0,0,0,0,0,0,0,0,0,0,0,0,0,0,2176,1,49,0,0,0,0,0,15970,2642,962,2334,5,0,0,0,0,0,0,0,0,0,0,0,0,0,0,0,0,0,0,0,0,0,0,0,0,0,0,0,0,0,0,0,0,0,0,0,0,0,0,0,0,0,0,0,0,0,0,0,0,0,0,0,0,0,0,0,0,0,0,0,0,0,0,0,0,0,0,0,0,0,0,0,0,0,0,0,0,0,0,0,0,0,0,0,0,0,0,0,0,0,0,0,0,0,0,0,0,0,0,0,0,0,0,0,0,0,0,0,0,0,0,0,0,0,0,0,0,0,0,0,0,0,0,0,0,0,0,0,0,0,0,0,0,0,0,0,0,0,0,0,0,0,0,0,0,0,0,0,0,0,0,0,0,0,0,0,0,0,0,0,0,0,0,0,0,0,0,0,0,0,0,0,0,0,0,0,0,0,0,0,0,0,0,0,0,0,0,0,0,0,0,0,0,0,0,0,0,0,0,0,0,0,0,0,0,0,0,0,0,0,0,0,0,0,0,0,0,0,0,0,0,0,0,0,0,0,0,0,0,0,0,0,0,0,0,0,0,0,0,0,0,0,0,0
"DE93",119923149,1351111,1946337,6495,0,0,0,125664,35759,15718,444,10980879,12300601,501872,0,0,0,1195621,1722325,53669,278406,120254,15047,1518,11069,12407,4,0,0,847,3,459,645,0,494262,376702,31521,0,5065,334,85631,26551,8159,319490,383,3730,408,0,46826,114172,98,1450,945,688818,1332747,13925,673,7875,4906,924,0,0,0,0,0,0,0,0,0,0,0,0,0,0,0,0,0,0,0,8745,0,0,0,28441,124079,355241,392,0,0,0,0,0,0,0,0,0,0,0,0,0,0,0,0,0,0,0,0,0,0,0,0,0,0,0,0,0,0,0,0,0,0,0,0,0,0,0,0,0,0,0,0,0,0,0,0,0,0,0,0,0,0,0,0,0,66,9,0,0,0,0,7175,889,2,20,0,0,0,0,80418,16,0,0,0,0,0,0,0,0,0,0,0,0,0,0,0,0,0,0,0,0,0,0,0,0,0,0,0,0,5,0,0,0,0,0,0,0,0,0,0,0,0,0,0,0,0,0,0,0,0,0,0,0,0,0,0,0,0,0,0,0,0,0,0,0,0,0,0,0,0,0,0,0,0,0,0,0,0,0,0,0,0,0,0,0,0,0,0,0,0,0,0,0,0,0,0,0,0,0,0,0,0,0,0,0,0,0,0,0,0,0,0,0,0,0,0,0,0,0,0,0,0,0,0,0,0,0,0,0,0,0,0,0,0,0,0,0,0,0,0,0,0,0,0,0,0,0,0,0,0,0,0,0,0,0,0,0
"DE94",108435733,884066,1452640,1752,0,0,0,51248,29186,30068,59,4006255,4933349,742030,0,0,0,221597,242434,11186,222198,108463,32041,58597,4391,9700,6,0,0,0,0,0,0,0,527633,559638,72515,0,17126,2054,136701,62232,38826,88387,60,10571,560227,1779,1106772,1112023,1887,11844,8875,8645095,10457383,294306,0,208287,112225,26387,0,0,0,0,0,0,0,0,0,0,0,0,0,0,0,0,265,84,1,32702,0,0,0,275463,1618332,1670521,38277,0,0,0,0,0,0,0,0,0,0,0,0,0,0,0,0,0,0,0,0,0,0,0,0,0,0,0,0,0,0,0,0,0,0,0,0,0,0,0,0,0,0,0,0,0,0,0,0,0,0,0,0,0,0,0,0,70101,122766,3689,994,6,88037,28786,16314,5800,1461,15333,36860,0,0,0,294562,1183,0,16,0,0,0,0,0,0,0,0,0,0,0,0,0,0,0,0,0,0,0,0,0,0,0,0,0,0,0,0,0,0,0,0,0,0,0,0,0,0,0,0,0,0,0,0,0,0,0,0,0,0,0,0,0,0,15358,11931,8235,0,8392,3242,0,0,0,0,0,0,0,0,0,0,0,0,0,0,0,0,0,0,0,0,0,0,0,0,0,0,0,0,0,0,0,0,0,0,0,0,0,0,5151,10043,0,0,0,0,0,0,0,0,0,0,0,0,0,3,271,0,0,1820,0,0,0,0,0,0,0,0,0,0,0,0,0,0,0,0,0,0,0,0,0,0,0,0,0,0,0,0,0,0,0,0,0,0,0,0
"DEA1",43862703,245010,107892,293,0,0,0,61244,36768,4235,62,2069196,1531939,3261,0,0,0,624561,617392,1107,311109,124127,438,0,0,0,0,0,0,0,0,0,0,0,0,0,0,0,0,0,0,0,0,64766,75,0,0,0,6384,7653,8,686,64,555635,894908,896,0,30311,34007,37,246331,156362,406,1806,2588,3,13944,4577,140087,124101,276,1118,1317,11378,5099,0,0,0,0,0,0,0,0,66060,351453,488727,602,0,0,0,21,0,0,2,23,0,0,0,0,0,0,0,0,0,0,0,0,0,0,0,0,0,0,0,0,0,0,0,0,0,0,0,0,0,0,0,0,0,0,0,0,0,0,0,0,0,0,0,0,0,0,0,0,0,0,0,0,0,0,0,0,0,0,0,0,0,0,0,107976,118,0,0,0,0,0,0,0,0,0,0,0,0,0,0,0,0,0,0,0,0,0,0,0,0,0,0,0,0,0,0,0,0,0,0,0,0,0,0,0,0,0,0,0,0,0,0,0,0,0,0,0,0,0,0,0,0,0,0,0,0,0,0,0,0,0,0,0,0,0,0,0,0,0,0,0,0,0,0,0,0,0,0,0,0,0,0,0,0,0,0,0,0,0,0,0,0,0,0,0,0,0,0,0,0,0,0,0,0,0,0,0,0,0,0,0,0,0,0,0,0,0,0,0,0,0,0,0,0,0,0,0,0,0,0,0,0,0,0,0,0,0,0,0,0,0,0,0,0,0,0,0,0,0,0,0,0
"DEA2",58440744,2172742,1320009,3616,489,3,0,199216,84418,20285,143,3469411,1879163,17375,0,0,0,227473,204846,402,241258,58661,792,0,0,0,0,0,0,0,0,0,0,0,0,0,0,0,0,0,0,0,0,161189,310,0,0,0,13216,14769,23,414,54,32244,33110,65,0,1006,414,3,952121,774690,1450,33277,32220,53,5748,4128,1805344,1322007,2554,29631,22692,19963,11346,0,0,0,0,0,0,0,0,2984,14450,27145,34,0,0,0,12,0,0,39,36,0,0,0,0,0,0,0,0,0,0,0,0,0,0,0,0,0,0,0,0,0,0,0,0,0,0,0,0,0,0,0,0,0,0,0,0,0,0,0,0,0,0,0,0,0,0,0,0,0,0,0,0,0,0,0,0,0,0,0,0,0,0,0,2045,2,0,0,0,0,0,0,0,0,0,0,0,0,0,0,0,0,0,0,0,0,0,0,0,0,0,0,0,0,0,0,0,0,0,0,0,0,0,0,0,0,0,0,0,0,0,0,0,0,0,0,0,0,0,0,0,0,0,0,0,0,0,0,0,0,0,0,0,0,0,0,0,0,0,0,0,0,0,0,0,0,0,0,0,0,0,0,0,0,0,0,0,0,0,0,0,0,0,0,0,0,0,0,0,0,0,0,0,0,0,0,0,0,0,0,0,0,0,0,0,0,0,0,0,0,0,0,0,0,0,0,0,0,0,0,0,0,0,0,0,0,0,0,0,0,0,0,0,0,0,0,0,0,0,0,0,0
"DEA3",60091767,1234020,1364963,1924,0,0,0,463511,63933,33824,101,1056188,1130233,4921,0,0,0,453515,531206,2609,97015,36078,1800,0,0,0,0,0,0,0,0,0,0,0,0,0,0,0,0,0,0,0,0,548824,782,0,0,0,106884,102757,124,4971,2003,251281,218275,1499,0,16315,9193,27,0,0,0,0,0,0,0,0,0,0,0,0,0,0,0,0,0,0,0,0,0,0,0,379840,291235,297227,1322,0,0,0,0,0,0,0,0,0,0,0,0,0,0,0,0,0,0,0,0,0,0,0,0,0,0,0,0,0,0,0,0,0,0,0,0,0,0,0,0,0,0,0,0,0,0,0,0,0,0,0,0,0,0,0,0,0,0,0,0,0,0,0,0,0,0,0,0,0,0,0,383327,382,0,2,0,0,0,0,0,0,0,0,0,0,0,0,0,0,0,0,0,0,0,0,0,0,0,0,0,0,0,0,0,0,0,0,0,0,0,0,0,0,0,0,0,0,0,0,0,0,0,0,0,0,0,0,0,0,0,0,0,0,0,0,0,0,0,0,0,0,0,0,0,0,0,0,0,0,0,0,0,0,0,0,0,0,0,0,0,0,0,0,0,0,0,0,0,0,0,0,0,0,0,0,0,0,0,0,0,0,0,0,0,0,0,0,0,0,0,0,0,0,0,0,0,0,0,0,0,0,0,0,0,0,0,0,0,0,0,0,0,0,0,0,0,0,0,0,0,0,0,0,0,0,0,0,0,0
"DEA4",54930513,3514824,2753914,7326,6558,2562,8,68761,65066,44405,71,1494519,2087280,30472,1333,947,0,25687,37012,43,75733,43202,96,0,0,0,0,0,0,0,0,0,0,0,0,0,0,0,0,0,0,0,0,59141,306,0,0,0,0,0,0,0,0,0,0,0,0,0,0,0,0,0,0,0,0,0,0,0,0,0,0,0,0,0,0,0,0,0,0,0,0,0,0,0,0,0,0,0,0,0,0,0,0,0,0,0,0,0,0,0,0,0,0,0,0,0,0,0,0,0,0,0,0,0,0,0,0,0,0,0,0,0,0,0,0,0,0,0,0,0,0,0,0,0,0,0,0,0,0,0,0,0,0,0,0,0,0,0,0,0,0,0,0,0,0,0,0,0,0,0,0,0,0,0,0,0,0,0,0,0,0,0,0,0,0,0,0,0,0,0,0,0,0,0,0,0,0,0,0,0,0,0,0,0,0,0,0,0,0,0,0,0,0,0,0,0,0,0,0,0,0,0,0,0,0,0,0,0,0,0,0,0,0,0,0,0,0,0,0,0,0,0,0,0,0,0,0,0,0,0,0,0,0,0,0,0,0,0,0,0,0,0,0,0,0,0,0,0,0,0,0,0,0,0,0,0,0,0,0,0,0,0,0,0,0,0,0,0,0,0,0,0,0,0,0,0,0,0,0,0,0,0,0,0,0,0,0,0,0,0,0,0,0,0,0,0,0,0,0,0,0,0,0,0,0,0
"DEA5",65052423,1816458,1433912,2599,0,0,0,111299,70856,33799,82,1801362,1410469,2575,0,0,0,72129,48674,125,91714,48619,109,0,0,0,0,0,0,0,0,0,0,0,0,0,0,0,0,0,0,0,0,119011,152,0,0,0,0,0,0,0,0,0,0,0,0,0,0,0,1588959,952625,2128,17431,17302,22,14628,8070,3374080,1915479,7467,39371,26988,46702,19401,0,0,0,0,0,0,0,0,0,0,0,0,0,0,0,15,0,0,55,144,0,0,0,0,0,0,0,0,0,0,0,0,0,0,0,0,0,0,0,0,0,0,0,0,0,0,0,0,0,0,0,0,0,0,0,0,0,0,0,0,0,0,0,0,0,0,0,0,0,0,0,0,0,0,0,0,0,0,0,0,0,0,0,0,0,0,0,0,0,0,0,0,0,0,0,0,0,0,0,0,0,0,0,0,0,0,0,0,0,0,0,0,0,0,0,0,0,0,0,0,0,0,0,0,0,0,0,0,0,0,0,0,0,0,0,0,0,0,0,0,0,0,0,0,0,0,0,0,0,0,0,0,0,0,0,0,0,0,0,0,0,0,0,0,0,0,0,0,0,0,0,0,0,0,0,0,0,0,0,0,0,0,0,0,0,0,0,0,0,0,0,0,0,0,0,0,0,0,0,0,0,0,0,0,0,0,0,0,0,0,0,0,0,0,0,0,0,0,0,0,0,0,0,0,0,0,0,0,0,0,0,0,0,0,0,0,0,0,0,0,0
"DEB1",66721243,1337091,760954,1722,0,0,0,73366,19939,4453,22,5925617,2953473,7161,532,89,0,189359,109869,207,123991,26662,170,0,0,0,0,0,0,0,0,0,0,0,0,0,0,0,0,0,0,0,0,45343,92,0,0,0,0,0,0,0,0,0,0,0,0,0,0,0,106190,26874,132,4192,1636,7,278,0,1332275,574815,2731,288360,67777,18557,5167,0,0,0,0,0,0,0,0,0,0,0,0,0,0,0,0,0,0,315,28,0,0,0,0,0,0,0,0,0,0,0,0,0,0,0,0,0,0,0,0,0,0,0,0,0,0,0,0,0,0,0,0,0,0,0,0,0,0,0,0,0,0,0,0,0,0,0,0,0,0,0,0,0,0,0,0,0,0,0,0,0,0,0,0,0,0,0,0,0,0,0,0,0,0,0,0,0,0,0,0,0,0,0,0,0,0,0,0,0,0,0,0,0,0,0,0,0,0,0,0,0,0,0,0,0,0,0,0,0,0,0,0,0,0,0,0,0,0,0,0,0,0,0,0,0,0,0,0,0,0,0,0,0,0,0,0,0,0,0,0,0,0,0,0,0,0,0,0,0,0,0,0,0,0,0,0,0,0,0,0,0,0,0,0,0,0,0,0,0,0,0,0,0,0,0,0,0,0,0,0,0,0,0,0,0,0,0,0,0,0,0,0,0,0,0,0,0,0,0,0,0,0,0,0,0,0,0,0,0,0,0,0,0,0,0,0,0,0,0,0,0
"DEB2",37773358,3175807,1932361,4948,707,249,9,403784,21307,4909,30,2513351,1119633,4250,254,0,0,212563,130328,262,76673,12894,88,0,0,0,0,0,0,0,0,0,0,0,0,0,0,0,0,0,0,0,0,279924,580,0,0,0,40373,11817,76,1247,173,321,171,1,0,0,0,0,302805,212855,412,72341,34143,79,0,0,639445,205485,735,68625,22425,1708,177,0,0,0,0,0,0,0,0,799,0,0,0,0,0,0,0,0,0,61,1,0,0,0,0,0,0,0,0,0,0,0,0,0,0,0,0,0,0,0,0,0,0,0,0,0,0,0,0,0,0,0,0,0,0,0,0,0,0,0,0,0,0,0,0,0,0,0,0,0,0,0,0,0,0,0,0,0,0,0,0,0,0,0,96,2,0,1,0,0,0,0,0,0,0,0,0,0,0,0,0,0,0,0,0,0,0,0,0,0,0,0,0,0,0,0,0,0,0,0,0,0,0,0,0,0,0,0,0,0,0,0,0,0,0,0,0,0,0,0,0,0,0,0,0,0,0,0,0,0,0,0,0,0,0,0,0,0,0,0,0,0,0,0,0,0,0,0,0,0,0,0,0,0,0,0,0,0,0,0,0,0,0,0,0,0,0,0,0,0,0,0,0,0,0,0,0,0,0,0,0,0,0,0,0,0,0,0,0,0,0,0,0,0,0,0,0,0,0,0,0,0,0,0,0,0,0,0,0,0,0,0,0,0,0,0,0,0,0,0,0,0
"DEB3",61803889,967268,153249,1282,11160,2802,21,743,35392,2765,27,4154056,1205098,14827,11292,3209,15,3807,2643,3,111116,15362,906,0,0,0,0,0,0,0,0,0,0,0,0,0,0,0,0,0,0,0,0,134,2,0,0,0,0,0,0,0,0,0,0,0,0,0,0,0,0,0,0,0,0,0,0,0,4936,637,4,0,0,0,0,0,0,0,0,0,0,0,0,0,0,0,0,0,0,0,0,0,0,0,0,0,0,0,0,0,0,0,0,0,0,0,0,0,0,0,0,0,0,0,0,0,0,0,0,0,0,0,0,0,0,0,0,0,0,0,0,0,0,0,0,0,0,0,0,0,0,0,0,0,0,0,0,0,0,0,0,0,0,0,0,0,0,0,0,0,0,0,0,0,0,0,0,0,0,0,0,0,0,0,0,0,0,0,0,0,0,0,0,0,0,0,0,0,0,0,0,0,0,0,0,0,0,0,0,0,0,0,0,0,0,0,0,0,0,0,0,0,0,0,0,0,0,0,0,0,0,0,0,0,0,0,0,0,0,0,0,0,0,0,0,0,0,0,0,0,0,0,0,0,0,0,0,0,0,0,0,0,0,0,0,0,0,0,0,0,0,0,0,0,0,0,0,0,0,0,0,0,0,0,0,0,0,0,0,0,0,0,0,0,0,0,0,0,0,0,0,0,0,0,0,0,0,0,0,0,0,0,0,0,0,0,0,0,0,0,0,0,0,0,0,0
"DEC0",21071442,1633848,206432,2076,2069,412,1,48933,21750,1723,19,2105220,281141,2348,504,211,0,96667,18607,110,38277,2824,28,0,0,0,0,0,0,0,0,0,0,0,0,0,0,0,0,0,0,0,0,19417,55,0,0,0,0,0,0,0,0,0,0,0,0,0,0,0,0,0,0,0,0,0,0,0,110335,10756,99,41348,5659,673,21,0,0,0,0,0,0,0,0,0,0,0,0,0,0,0,0,0,0,50,0,0,0,0,0,0,0,0,0,0,0,0,0,0,0,0,0,0,0,0,0,0,0,0,0,0,0,0,0,0,0,0,0,0,0,0,0,0,0,0,0,0,0,0,0,0,0,0,0,0,0,0,0,0,0,0,0,0,0,0,0,0,0,0,0,0,0,0,0,0,0,0,0,0,0,0,0,0,0,0,0,0,0,0,0,0,0,0,0,0,0,0,0,0,0,0,0,0,0,0,0,0,0,0,0,0,0,0,0,0,0,0,0,0,0,0,0,0,0,0,0,0,0,0,0,0,0,0,0,0,0,0,0,0,0,0,0,0,0,0,0,0,0,0,0,0,0,0,0,0,0,0,0,0,0,0,0,0,0,0,0,0,0,0,0,0,0,0,0,0,0,0,0,0,0,0,0,0,0,0,0,0,0,0,0,0,0,0,0,0,0,0,0,0,0,0,0,0,0,0,0,0,0,0,0,0,0,0,0,0,0,0,0,0,0,0,0,0,0,0,0,0
"DED2",67194698,806144,452486,1527,0,0,0,353109,38338,20539,78,4234831,1986157,27632,0,0,0,2529384,1242888,8898,235851,91880,937,0,0,0,0,0,0,0,0,0,0,0,0,0,0,0,0,0,0,0,0,234508,642,0,0,0,0,0,0,0,0,0,0,0,0,0,0,0,0,0,0,0,0,0,0,0,0,0,0,0,0,0,0,0,0,0,0,0,0,0,0,0,0,0,0,0,0,0,0,0,0,0,0,0,0,0,0,0,0,0,0,0,0,0,0,0,0,0,0,0,0,0,0,0,0,0,0,0,0,0,0,0,0,0,0,0,0,0,0,0,0,0,0,0,0,0,0,0,0,0,0,0,0,0,0,0,0,0,0,0,0,0,0,0,0,0,0,0,0,0,0,0,0,0,0,0,0,0,0,0,0,0,0,0,0,0,0,0,0,0,0,0,0,0,0,0,0,0,0,0,0,0,0,0,0,0,0,0,0,0,0,0,0,0,0,0,0,0,0,0,0,0,0,0,0,0,0,0,0,0,0,0,0,0,0,0,0,0,0,0,0,0,0,0,0,0,0,0,0,0,0,0,0,0,0,0,0,0,0,0,0,0,0,0,0,0,0,0,0,0,0,0,0,0,0,0,0,0,0,0,0,0,0,0,0,0,0,0,0,0,0,0,0,0,0,0,0,0,0,0,0,0,0,0,0,0,0,0,0,0,0,0,0,0,0,0,0,0,0,0,0,0,0,0
"DED4",53658956,602064,643380,1382,0,0,0,151344,24439,18467,48,4176381,3433313,8161,0,0,0,764914,1020678,1782,69146,42034,118,0,0,0,0,0,0,0,0,0,0,0,0,0,0,0,0,0,0,0,0,252209,416,0,0,0,0,0,0,0,0,0,0,0,0,0,0,0,26,4,0,0,0,0,0,0,326464,55802,496,745,375,318,33,0,0,0,0,0,0,0,0,0,0,0,0,0,0,0,0,0,0,1,0,0,0,0,0,0,0,0,0,0,0,0,0,0,0,0,0,0,0,0,0,0,0,0,0,0,0,0,0,0,0,0,0,0,0,0,0,0,0,0,0,0,0,0,0,0,0,0,0,0,0,0,0,0,0,0,0,0,0,0,0,0,0,0,0,0,0,0,0,0,0,0,0,0,0,0,0,0,0,0,0,0,0,0,0,0,0,0,0,0,0,0,0,0,0,0,0,0,0,0,0,0,0,0,0,0,0,0,0,0,0,0,0,0,0,0,0,0,0,0,0,0,0,0,0,0,0,0,0,0,0,0,0,0,0,0,0,0,0,0,0,0,0,0,0,0,0,0,0,0,0,0,0,0,0,0,0,0,0,0,0,0,0,0,0,0,0,0,0,0,0,0,0,0,0,0,0,0,0,0,0,0,0,0,0,0,0,0,0,0,0,0,0,0,0,0,0,0,0,0,0,0,0,0,0,0,0,0,0,0,0,0,0,0,0,0,0,0,0,0,0,0
"DED5",34933644,554184,587735,2184,0,0,0,50374,107942,56310,191,1425746,1443695,15561,0,0,0,161507,204499,646,82199,55064,169,0,0,0,0,0,0,0,0,0,0,0,0,0,0,0,0,0,0,0,0,96568,167,0,0,0,0,0,0,0,0,0,0,0,0,0,0,0,0,0,0,0,0,0,0,0,0,0,0,0,0,0,0,0,0,0,0,0,0,0,0,0,0,0,0,0,0,0,0,0,0,0,0,0,0,0,0,0,0,0,0,0,0,0,0,0,0,0,0,0,0,0,0,0,0,0,0,0,0,0,0,0,0,0,0,0,0,0,0,0,0,0,0,0,0,0,0,0,0,0,0,0,0,0,0,0,0,0,0,0,0,0,0,0,0,0,0,0,0,0,0,0,0,0,0,0,0,0,0,0,0,0,0,0,0,0,0,0,0,0,0,0,0,0,0,0,0,0,0,0,0,0,0,0,0,0,0,0,0,0,0,0,0,0,0,0,0,0,0,0,0,0,0,0,0,0,0,0,0,0,0,0,0,0,0,0,0,0,0,0,0,0,0,0,0,0,0,0,0,0,0,0,0,0,0,0,0,0,0,0,0,0,0,0,0,0,0,0,0,0,0,0,0,0,0,0,0,0,0,0,0,0,0,0,0,0,0,0,0,0,0,0,0,0,0,0,0,0,0,0,0,0,0,0,0,0,0,0,0,0,0,0,0,0,0,0,0,0,0,0,0,0,0,0
"DEE0",175900510,3755818,1415508,18518,0,0,0,56721,212287,45029,537,15412948,6944022,234870,313,0,0,499443,114802,838,605476,191328,1808,0,0,0,0,0,0,0,0,0,0,0,0,0,0,0,0,0,0,0,0,29082,91,0,0,0,0,0,0,0,0,0,0,0,0,0,0,0,275,6,0,0,0,0,0,0,103790,1609,286,3545,34,94,4,0,0,0,0,0,0,0,0,0,0,0,0,0,0,0,0,0,0,3,1,0,0,0,0,0,0,0,0,0,0,0,0,0,0,0,0,0,0,0,0,0,0,0,0,0,0,0,0,0,0,0,0,0,0,0,0,0,0,0,0,0,0,0,0,0,0,0,0,0,0,0,0,0,0,0,0,0,0,0,0,0,0,0,0,0,0,0,0,0,0,0,0,0,0,0,0,0,0,0,0,0,0,0,0,0,0,0,0,0,0,0,0,0,0,0,0,0,0,0,0,0,0,0,0,0,0,0,0,0,0,0,0,0,0,0,0,0,0,0,0,0,0,0,0,0,0,0,0,0,0,0,0,0,0,0,0,0,0,0,0,0,0,0,0,0,0,0,0,0,0,0,0,0,0,0,0,0,0,0,0,0,0,0,0,0,0,0,0,0,0,0,0,0,0,0,0,0,0,0,0,0,0,0,0,0,0,0,0,0,0,0,0,0,0,0,0,0,0,0,0,0,0,0,0,0,0,0,0,0,0,0,0,0,0,0,0,0,0,0,0,0
"DEF0",110689882,3636225,3563132,36548,0,0,0,588684,115662,73283,703,7494918,7020706,168626,0,0,0,628812,724268,30083,520838,145342,14501,96037,128989,81397,1046,0,0,9160,20,93921,30762,3740,538791,249990,17896,0,16138,13,362082,78411,45836,582224,3957,3593,443774,235,729546,954007,8623,9271,8559,6218167,7880008,139968,10492,121071,65856,1279,0,0,0,0,0,0,0,0,0,0,0,0,0,0,0,0,1635,3,158,26616,0,0,0,80608,344174,390944,11071,0,0,0,0,0,0,0,0,0,0,0,0,0,0,0,0,0,0,0,0,0,0,0,0,0,0,0,0,0,0,0,0,0,0,0,0,0,0,0,0,0,0,0,0,0,0,0,0,0,0,0,0,0,0,0,0,133251,40995,35306,13594,3279,252190,14995,102696,41105,1489,6787,123220,0,0,0,73666,800,0,13,0,0,0,0,0,22730,4094,0,0,0,0,0,0,0,0,0,0,0,0,0,0,0,0,0,0,0,0,0,0,0,0,0,0,0,0,0,0,0,0,0,0,0,0,0,0,0,0,0,0,0,0,0,0,0,6944,3436,56,0,8430,3006,9287,0,0,0,0,0,0,0,0,0,0,0,0,0,0,0,0,0,0,0,0,0,0,0,0,0,0,0,0,0,0,0,0,0,0,0,0,0,6510,8043,0,0,0,0,0,0,0,0,0,0,0,14217,3741,1491,20,0,0,60,0,0,0,0,0,0,673,166,397,22,0,0,0,0,0,0,0,0,0,0,0,0,0,0,0,0,0,0,0,0,0,0,0,0,0,0
"DEG0",139176614,7724246,2321297,16405,5244,715,24,315224,166418,42838,1214,7478093,2280250,13290,6826,1135,7,318593,152798,525,155315,51337,210,0,0,0,0,0,0,0,0,0,0,0,0,0,0,0,0,0,0,0,0,172240,463,0,0,0,0,0,0,0,0,0,0,0,0,0,0,0,283021,46629,370,18167,5333,19,0,16,977613,137144,1460,107595,22110,7846,873,0,0,0,0,0,0,0,0,0,0,0,0,0,0,0,1,0,0,177,19,0,0,0,0,0,0,0,0,0,0,0,0,0,0,0,0,0,0,0,0,0,0,0,0,0,0,0,0,0,0,0,0,0,0,0,0,0,0,0,0,0,0,0,0,0,0,0,0,0,0,0,0,0,0,0,0,0,0,0,0,0,0,0,0,0,0,0,0,0,0,0,0,0,0,0,0,0,0,0,0,0,0,0,0,0,0,0,0,0,0,0,0,0,0,0,0,0,0,0,0,0,0,0,0,0,0,0,0,0,0,0,0,0,0,0,0,0,0,0,0,0,0,0,0,0,0,0,0,0,0,0,0,0,0,0,0,0,0,0,0,0,0,0,0,0,0,0,0,0,0,0,0,0,0,0,0,0,0,0,0,0,0,0,0,0,0,0,0,0,0,0,0,0,0,0,0,0,0,0,0,0,0,0,0,0,0,0,0,0,0,0,0,0,0,0,0,0,0,0,0,0,0,0,0,0,0,0,0,0,0,0,0,0,0,0,0,0,0,0,0,0
"DK01",20710414,560,305,1,0,0,0,0,0,0,0,2701150,1066871,5153,0,0,0,101076,65668,146,277839,86954,617,26990,0,0,0,0,0,0,0,0,0,0,301947,112440,739,0,22334,47,215029,36744,354,0,0,14573,12425,470,0,0,0,0,0,0,0,0,0,0,0,0,0,0,0,0,0,0,0,0,0,0,0,0,0,0,0,0,651,48,2,7448,0,0,0,0,0,0,0,0,0,0,0,0,0,0,0,0,0,0,0,0,0,0,0,0,0,0,0,0,0,0,0,0,0,0,0,0,0,0,0,0,0,0,0,0,0,0,0,0,0,0,0,0,0,0,0,0,0,0,0,0,0,0,0,1154,24,410,60,3,214,0,1506,159,3,44,13,0,0,0,0,0,0,0,0,0,0,0,0,0,0,0,0,0,0,0,0,0,0,0,0,0,0,0,0,0,0,0,4,0,0,0,0,0,0,0,0,0,0,0,0,0,0,0,0,0,0,0,0,0,0,0,0,0,0,0,0,0,0,0,0,0,0,0,0,0,0,0,0,0,0,0,0,0,0,0,0,0,0,0,0,0,0,0,0,0,0,0,0,0,0,0,0,0,0,0,0,0,0,0,0,0,0,0,0,0,0,0,0,0,0,0,0,0,0,35,2,0,0,0,0,0,0,0,0,0,0,0,0,0,0,0,0,69,5,4,2,0,0,0,0,0,0,0,0,0,0,0,0,0,0,0,0,0,0,0,0,0
"DK02",63930050,899,230,3,0,0,0,0,495,362,0,4648124,1872018,44371,0,0,0,315124,144147,5220,441569,99422,7055,17146,21,7,0,0,0,0,0,580,390,0,634181,228041,6626,0,57495,1578,558189,147976,21063,0,0,19814,21005,32907,0,0,0,0,0,0,0,0,0,0,0,0,0,0,0,0,0,0,0,0,0,0,0,0,0,0,0,0,4457,207,6,2105,0,0,0,0,0,0,0,0,0,0,0,0,0,0,0,0,0,0,0,0,0,0,0,0,0,0,0,0,0,0,0,0,0,0,0,0,0,0,0,0,0,0,0,0,0,0,0,0,0,0,0,0,0,0,0,0,0,0,0,0,0,0,0,2771,328,3848,154,2,7801,296,6023,718,71,281,926,0,0,0,0,0,0,0,0,0,0,0,0,0,0,0,0,0,0,0,0,0,0,0,0,0,0,0,0,0,0,0,232,93,0,0,0,0,0,0,0,0,0,0,0,0,0,0,0,0,0,0,0,0,0,0,0,0,0,0,0,0,0,0,0,0,0,0,0,0,0,0,0,0,0,0,0,0,0,0,0,0,0,0,0,0,0,0,0,0,0,0,0,0,0,0,0,0,0,0,0,0,0,0,0,0,265,82,0,0,0,0,0,0,0,0,0,0,0,277,35,0,0,0,0,0,0,0,0,0,0,0,0,0,0,0,0,0,0,0,0,0,0,0,0,0,0,0,0,0,0,0,0,0,0,0,0,0,0,0,0,0
"DK03",101409175,339,149,9,0,0,0,0,0,0,0,6203032,2290005,384358,0,0,0,4382206,1656065,126854,567880,144882,72230,6995,0,0,0,0,0,0,0,0,0,0,882298,249518,116725,0,169422,8627,1023483,221064,210513,0,0,72522,52979,79030,0,0,0,0,0,516041,252721,22262,0,18054,13251,816,0,0,0,0,0,0,0,0,0,0,0,0,0,0,0,0,3292,1906,3590,1647,0,0,0,0,331704,148510,4909,0,0,0,0,0,0,0,0,0,0,0,0,0,0,0,0,0,0,0,0,0,0,0,0,0,0,0,0,0,0,0,0,0,0,0,0,0,0,0,0,0,0,0,0,0,0,0,0,0,0,0,0,0,0,0,0,3969,1769,2805,304,57,3184,1704,11681,3162,2799,340,530,0,0,0,0,0,0,0,0,0,0,0,0,17,2,0,0,0,0,0,0,0,0,0,0,0,0,0,0,0,0,0,350,15,890,0,0,0,0,0,0,0,0,0,0,0,0,0,0,0,0,0,0,0,0,0,0,0,0,0,0,0,28,1,0,0,101,1,2,0,0,0,0,0,0,0,0,0,0,0,0,0,0,0,0,0,0,0,0,0,0,0,0,0,0,0,0,0,0,0,0,0,0,0,0,0,633,276,0,0,0,0,0,0,0,0,0,0,0,371,73,39,146,0,0,7,0,0,0,0,0,0,0,0,0,0,0,0,0,0,0,0,0,0,0,0,0,0,0,0,0,0,0,0,0,0,0,0,0,0,0,0
"DK04",108476110,0,0,0,0,0,0,0,0,0,0,13769047,3575133,833287,0,0,0,1810286,471765,103223,524164,93034,50902,14959,337,811,2,0,0,0,0,55,254,0,684125,227368,66514,0,17992,541,812800,110778,65215,0,0,8492,14361,1816,0,0,0,0,0,0,0,0,0,0,0,0,0,0,0,0,0,0,0,0,0,0,0,0,0,0,0,0,934,80,7,1368,0,0,0,0,0,0,0,0,0,0,0,0,0,0,0,0,0,0,0,0,0,0,0,0,0,0,0,0,0,0,0,0,0,0,0,0,0,0,0,0,0,0,0,0,0,0,0,0,0,0,0,0,0,0,0,0,0,0,0,0,0,0,0,887,1447,202,0,0,2081,449,10256,943,333,232,176,0,0,0,0,0,0,0,0,0,0,0,0,344,1,0,0,0,0,0,0,0,0,0,0,0,0,0,0,0,0,0,583,150,0,0,0,0,0,0,0,0,0,0,0,0,0,0,0,0,0,0,0,0,0,0,0,0,0,0,0,0,0,0,0,0,0,0,65,0,0,0,0,0,0,0,0,0,0,0,0,0,0,0,0,0,0,0,0,0,0,0,0,0,0,0,0,0,0,0,0,0,0,0,0,0,284,34,0,0,0,0,0,0,0,0,0,0,0,0,0,2,0,0,0,0,0,0,0,0,0,0,0,0,0,0,0,3,1,0,0,0,0,0,0,0,0,0,0,0,0,0,0,0,0,0,0,0,0,0,0,0
"DK05",62497491,29023,8792,1120,0,0,0,4285,1271,854,80,8469787,2702808,420341,0,0,0,2090704,722871,59757,513171,82556,44602,8376,6929,1934,453,0,0,1240,126,2790,393,811,830599,80397,91865,0,179974,12592,470993,16051,50467,1910,2,11771,14219,47,0,0,0,0,0,0,0,0,134,0,0,0,0,0,0,0,0,0,0,0,0,0,0,0,0,0,0,0,2873,1,3,1019,0,0,0,0,0,0,0,0,0,0,0,0,0,0,0,0,0,0,0,0,0,0,0,0,0,0,0,0,0,0,0,0,0,0,0,0,0,0,0,0,0,0,0,0,0,0,0,0,0,0,0,0,0,0,0,0,0,0,0,0,0,0,0,358,2026,100,0,0,7953,4000,7493,1940,2449,403,369,0,0,0,0,0,0,0,0,0,0,0,0,0,0,9,0,0,0,0,0,0,0,0,0,0,0,0,0,0,0,0,0,0,0,0,0,0,0,0,0,0,0,0,0,0,0,0,0,0,0,0,0,0,0,0,0,0,0,0,0,0,0,0,0,0,0,0,0,0,0,0,0,0,0,0,0,0,0,0,0,0,0,0,0,0,0,0,0,0,0,0,0,0,0,0,0,0,0,0,0,0,0,0,0,0,1456,495,0,0,0,0,0,0,0,0,0,0,0,1028,2,98,194,0,0,0,0,0,0,0,0,0,0,0,0,0,172,0,0,0,0,0,0,0,0,0,0,0,0,0,0,0,0,0,0,0,0,0,0,0,0,0
"EE00",372032439,1780654,118139,2152,0,0,0,17978,76255,4927,104,64389706,6211879,75762,0,0,0,2747651,140436,2694,1008143,73018,1379,28824,318902,21260,334,0,0,1086,3,116478,7345,124,2562638,259550,3558,0,16538,14,1080016,94871,1426,1375,21,1227,140682,38728,0,0,0,0,0,0,0,0,791,0,0,0,0,0,0,0,0,0,0,0,0,0,0,0,0,0,0,0,1110,8,1,144,0,0,0,0,0,0,0,0,0,0,0,0,0,0,0,0,0,0,0,0,0,0,0,0,0,0,0,0,0,0,0,0,0,0,0,0,0,0,0,0,0,0,0,0,0,0,0,0,0,0,0,0,0,0,0,0,0,0,0,0,0,0,0,1410,160,8377,81,9,13652,12,9476,28,13,33,61,0,0,0,0,0,0,0,0,0,0,0,0,0,0,0,0,0,0,0,0,0,0,0,0,0,0,0,0,0,0,0,0,0,0,0,0,0,0,0,0,0,0,0,0,0,0,0,0,0,0,0,0,0,0,0,0,0,0,0,0,0,0,0,0,0,0,0,0,0,0,0,0,0,0,0,0,0,0,0,0,0,0,0,0,0,0,0,0,0,0,0,0,0,0,0,0,0,0,0,0,0,0,0,0,0,0,0,0,0,0,0,0,0,0,0,0,0,0,0,0,0,0,0,0,0,0,0,0,0,0,0,0,0,0,0,0,0,0,0,0,0,0,0,0,0,0,0,0,0,0,0,0,0,0,0,0,0,0,0,0,0
"EL30",33011275,578020,68392,1191,334775,42517,778,0,71743,6836,187,1537631,74141,4518,1131805,57166,3189,450,100,0,280793,26396,684,14721,66061,6323,145,115219,8268,0,0,28699,3780,82,91325,13904,297,92933,0,0,51752,3931,117,0,0,0,150380,1955,0,0,0,0,0,0,0,0,0,0,0,0,0,0,0,0,0,0,0,0,0,0,0,0,0,0,0,0,0,0,0,1129,359,12626,310,0,0,0,0,0,0,0,0,0,0,0,0,0,0,0,0,0,0,0,0,0,0,0,0,0,0,0,0,0,0,0,0,0,0,0,0,0,0,0,0,0,0,0,0,0,0,0,0,0,0,0,0,0,0,0,0,0,0,0,0,5623,422,6942,610,14,186281,525,21699,373,71,37,3095,39512,3473,104,0,0,0,0,0,0,0,0,0,674,2,0,0,0,0,0,0,0,0,0,0,0,0,0,0,0,0,0,0,0,0,0,0,0,0,0,0,0,0,0,0,0,0,0,0,0,0,0,0,0,0,0,0,0,0,0,0,0,0,0,0,0,0,0,0,0,0,0,0,0,0,0,0,0,0,0,0,0,0,0,0,0,0,0,0,0,0,0,0,0,0,0,0,0,0,0,0,0,0,0,0,0,0,0,0,0,0,0,0,0,0,0,0,0,0,0,0,0,0,4542,192,0,13,0,0,0,0,0,0,0,0,0,0,0,0,0,0,0,0,0,0,0,0,0,0,0,0,0,0,0,0,0,0,0,0,0,0,0
"EL41",33384277,705434,41655,1745,4406,1815,12,7128,35854,4577,78,1526897,178147,4642,4793,1644,25,55653,3481,153,204029,31461,501,26603,297336,15889,852,0,0,20840,57,58439,2678,172,448502,93305,1524,398,3144,1,199102,19384,594,148,3,39,196532,1304,0,0,0,0,0,489640,108997,1839,285,4371,1047,11,0,0,0,0,0,0,0,0,0,0,0,0,0,0,0,0,0,0,0,5884,0,64,2,0,24369,2596,59,0,0,0,0,0,0,0,0,0,0,0,0,0,0,0,0,0,0,0,0,0,0,0,0,0,0,0,0,0,0,0,0,0,0,0,0,0,0,0,0,0,0,0,0,0,0,0,0,0,0,0,0,0,0,0,0,15159,424,3622,140,9,205545,526,20582,5339,53,80,15650,0,0,0,0,0,0,0,0,0,0,0,0,14,0,0,0,0,0,0,0,0,0,0,0,0,0,0,0,0,0,0,0,0,0,0,0,0,0,0,0,0,0,0,0,0,0,0,0,0,0,0,0,0,0,0,0,0,0,0,0,0,973,143,3,269,1182,523,149,0,0,0,0,0,0,0,0,0,0,0,0,0,0,0,0,0,0,0,0,0,0,0,0,0,0,0,0,0,0,0,0,0,0,0,0,0,33,1,0,0,0,0,0,0,0,0,0,0,28,1159,227,0,1,0,0,6,0,1,0,0,0,0,0,0,0,0,0,0,0,0,0,0,0,0,0,0,0,0,0,0,0,0,0,0,0,646,126,0,0,0,0,0
"EL42",41040548,583603,50277,1564,190151,74415,660,0,87302,16189,221,2266115,117169,6518,527430,80298,1651,381,0,1,246862,23157,806,101292,143063,7632,380,113944,14303,0,0,108553,11239,293,1295847,56134,3644,666702,127,0,431822,53611,1207,0,0,0,1278521,15493,41325,2644,86,2481,356,266141,20680,959,0,8162,1216,32,50186,171,131,0,0,0,0,0,20410,382,55,0,0,0,0,0,265,0,2,13334,353,120234,2228,0,0,0,0,4419,3,11,0,0,0,0,0,0,0,0,0,0,0,0,0,0,0,0,0,0,0,0,0,0,0,0,0,0,0,0,0,0,0,0,0,0,0,0,0,0,0,0,0,0,0,0,0,0,0,0,0,0,0,0,0,83306,3033,9320,448,15,1562589,4077,236637,43061,676,331,112370,292442,39917,857,0,0,0,5,0,0,0,0,0,0,0,0,0,1327,622,3,144790,40248,535,0,0,0,0,0,0,0,0,0,0,0,0,0,0,0,0,0,0,0,0,0,0,0,0,0,0,0,0,0,0,0,0,0,0,0,0,0,0,0,0,0,0,0,0,0,0,0,0,0,0,0,0,0,0,0,0,0,0,0,0,0,0,0,0,0,0,0,0,0,0,0,0,0,0,0,0,0,0,0,0,0,0,0,0,0,0,0,0,0,0,0,0,0,0,0,0,0,0,0,0,77020,15522,0,206,0,0,0,0,0,0,0,0,0,0,0,0,0,0,0,0,0,0,0,0,0,0,0,0,0,0,0,0,50,0,0,0,1,0,0
"EL43",72298450,2332879,27444,4793,140306,3918,232,626,353232,2122,638,861933,14469,1942,198560,6151,428,3356,2,4,53205,1644,82,56612,410069,6120,793,38787,1178,0,0,159243,1128,263,356167,16237,822,113086,0,0,113164,10156,271,15,0,0,189464,102,1857787,74135,3903,88000,1260,1954677,118107,4196,0,43199,3738,83,226965,375,592,0,0,0,7450,0,4379,1,15,0,0,0,0,0,0,0,0,1473,91,8478,245,0,0,0,0,343,2,4,13,0,0,0,0,86,0,1,0,0,0,11,0,0,0,0,0,0,0,9571,21,6,0,0,0,0,0,59063,277,99,0,0,0,0,0,0,0,0,0,0,0,0,0,0,0,0,0,0,0,0,0,0,0,2181,478,42438,157,128,187381,351,38045,2464,74,79,7338,44083,1442,119,0,0,0,174,0,0,0,862,2,279,0,241,0,130917,8648,230,591113,54778,1193,0,0,0,0,0,0,0,0,0,0,0,0,0,0,0,0,0,0,0,0,0,0,0,0,0,0,0,0,0,0,0,0,0,0,0,0,0,0,0,69410,2138,168,0,31439,2412,0,0,0,0,0,0,0,0,0,0,0,0,0,0,0,0,0,0,0,0,0,0,0,0,0,0,0,0,0,0,0,0,0,0,0,0,0,0,0,0,0,0,0,0,0,0,0,0,0,0,0,0,0,0,0,17038,431,48,32,0,0,0,0,0,0,0,0,0,0,0,0,0,0,0,0,0,0,0,0,0,0,0,0,16107,2172,59,0,0,0,0,0,0,0,0
"EL51",125002697,2683650,229519,4870,10885,641,10,30113,78842,7233,180,11331622,1115608,22072,176914,9576,409,109360,4660,99,553269,49349,931,58415,4368,381,12,0,0,0,0,692,599,7,181029,16209,277,9923,21,0,72331,6787,115,2213,26,6,23518,22,0,0,0,0,0,0,0,0,0,0,0,0,0,0,0,0,0,0,0,0,0,0,0,0,0,0,0,0,13,2,0,3269,0,109,23,0,0,0,0,0,0,0,0,0,0,0,0,0,0,0,0,0,0,0,0,0,0,0,0,0,0,0,0,0,0,0,0,0,0,0,0,0,0,0,0,0,0,0,0,0,0,0,0,0,0,0,0,0,0,0,0,0,0,0,0,2119,62,2542,73,1,14605,20,66347,10216,149,85,1548,0,0,0,0,0,0,0,0,0,0,0,0,0,0,0,0,0,0,0,0,0,0,0,0,0,0,0,0,0,0,0,0,0,0,0,0,0,0,0,0,0,0,0,0,0,0,0,0,0,0,0,0,0,0,0,0,0,0,0,0,0,0,0,0,0,0,0,0,0,0,0,0,0,0,0,0,0,0,0,0,0,0,0,0,0,0,0,0,0,0,0,0,0,0,0,0,0,0,0,0,0,0,0,0,0,434,10,0,0,0,0,0,0,0,0,0,0,0,0,0,0,0,0,0,0,0,0,0,0,0,0,0,0,0,0,0,0,0,0,0,0,0,0,0,0,0,0,0,0,0,0,0,0,0,0,0,0,0,0,0,0
"EL52",162446256,3526602,352481,4952,157823,14476,318,11866,19335,3801,56,17090368,2986915,33994,132846,8393,205,65378,11325,116,587055,146159,1329,34288,7267,2189,12,0,0,201,0,1039,541,0,346497,72357,715,1048,8450,16,136421,38577,338,1789,13,2496,81240,529,0,0,0,0,0,0,0,0,55,0,0,0,0,0,0,0,0,0,0,0,0,0,0,0,0,0,0,0,647,126,0,14612,0,318,3,0,0,0,0,0,0,0,0,0,0,0,0,0,0,0,0,0,0,0,0,0,0,0,0,0,0,0,0,0,0,0,0,0,0,0,0,0,0,0,0,0,0,0,0,0,0,0,0,0,0,0,0,0,0,0,0,0,0,0,0,22433,197,118,18,0,15104,44,20890,9205,48,88,5920,0,0,0,0,0,0,0,0,0,0,0,0,106,2,0,0,0,0,0,0,0,0,0,0,0,0,0,0,0,0,0,193,7,2,0,0,0,0,0,0,0,0,0,0,0,0,0,0,0,0,0,0,0,0,0,0,0,0,0,0,0,0,0,0,0,0,0,1,0,0,0,0,0,0,0,0,0,0,0,0,0,0,0,0,0,0,0,0,0,0,0,0,0,0,0,0,0,0,0,0,0,0,0,0,0,85,35,0,0,0,0,0,0,0,0,0,0,0,33,6,0,0,0,0,0,0,0,0,0,0,0,0,0,0,0,0,29,0,0,0,0,0,0,0,0,0,0,0,0,0,0,0,0,0,0,0,0,0,0,0,0
"EL53",72409492,4811938,234019,6391,2360882,75720,2736,5116,92372,5818,154,10849839,1822588,21843,995058,76949,1735,285739,239290,982,263546,51000,744,0,0,0,0,0,0,0,0,0,0,0,1015,115,4,759,0,0,991,61,0,1418,5,0,0,0,0,0,0,0,0,0,0,0,0,0,0,0,0,0,0,0,0,0,0,0,0,0,0,0,0,0,0,0,0,0,0,0,0,188,3,0,0,0,0,0,0,0,0,0,0,0,0,0,0,0,0,0,0,0,0,0,0,0,0,0,0,0,0,0,0,0,0,0,0,0,0,0,0,0,0,0,0,0,0,0,0,0,0,0,0,0,0,0,0,0,0,0,0,0,0,0,0,0,0,0,0,0,0,0,0,0,0,0,0,0,0,0,0,0,0,0,0,0,0,0,0,0,0,0,0,0,0,0,0,0,0,0,0,0,0,0,0,0,0,0,0,0,0,0,0,0,0,0,0,0,0,0,0,0,0,0,0,0,0,0,0,0,0,0,0,0,0,0,0,0,0,0,0,0,0,0,0,0,0,0,0,0,0,0,0,0,0,0,0,0,0,0,0,0,0,0,0,0,0,0,0,0,0,0,0,0,0,0,0,0,0,0,0,0,0,0,0,0,0,0,0,0,0,0,0,0,0,0,0,0,0,0,0,0,0,0,0,0,0,0,0,0,0,0,0,0,0,0,0,0,0,0,0,0,0,0,0,0,0,0,0,0,0,0,0,0,0,0
"EL54",74134865,7745086,760749,15975,13784,103,30,653469,234991,12814,596,1911834,418082,6482,0,0,0,231107,41577,739,66441,12643,180,21634,33694,5105,105,0,0,0,0,13920,0,26,281479,44127,617,0,44621,70,52938,8928,111,128538,1505,8953,41684,349,171829,28357,359,36052,28,233263,48937,565,0,3390,88,6,3136691,67769,5788,163711,33310,231,130055,563,114958,1997,217,44859,3809,16,131,0,0,0,0,1264,0,0,0,4870,6891,1112,7,25128,10,61,427,0,0,106,0,6,0,0,0,0,0,1,3,0,0,0,0,0,0,0,0,0,0,0,0,0,0,76473,13,107,384,1,0,0,0,0,0,0,0,0,0,0,0,0,0,0,0,0,0,0,0,0,0,4760,111,3,0,0,72891,189,80554,18310,199,69,16659,0,0,0,869,8,0,55,0,0,0,0,0,0,0,0,0,0,0,0,0,0,0,0,0,0,0,0,0,0,0,0,0,0,0,0,0,0,0,0,0,0,0,0,0,0,0,0,0,0,0,0,0,0,0,0,0,0,0,0,0,0,52,18,0,0,1417,77,0,0,0,0,0,0,0,0,0,0,0,0,0,0,0,0,0,0,0,0,0,0,0,0,0,0,0,0,0,0,0,0,0,0,0,0,0,0,2628,31,0,0,0,0,0,0,0,0,0,0,0,728,0,19,1,0,0,2,0,0,0,0,0,0,0,0,0,0,0,0,0,0,0,0,0,0,0,0,0,0,0,0,0,0,0,0,0,0,0,0,0,0,0,0
"EL61",113961511,7241439,633387,12967,79355,7857,176,69466,67565,8360,165,13757340,2497602,29058,512104,42220,1108,255094,55394,491,266913,95807,687,4890,4565,1892,14,0,0,0,0,216,283,0,95227,25508,187,153,881,0,5898,2760,16,17191,114,191,17797,240,0,0,0,0,0,171895,53366,543,0,0,0,0,433693,8349,591,0,0,0,483,121,0,0,0,0,0,0,0,0,0,0,0,4757,0,11,0,0,1115,36,1,0,0,0,3,0,0,0,0,0,0,0,0,0,0,0,0,0,0,0,0,0,0,0,0,0,0,0,0,0,0,0,0,0,0,0,0,0,0,0,0,0,0,0,0,0,0,0,0,0,0,0,0,0,0,0,0,9483,66,374,23,0,36379,72,9763,5465,9,15,7761,0,0,0,0,0,0,0,0,0,0,0,0,0,0,0,0,0,0,0,0,0,0,0,0,0,0,0,0,0,0,0,0,0,0,0,0,0,0,0,0,0,0,0,0,0,0,0,0,0,0,0,0,0,0,0,0,0,0,0,0,0,0,0,0,0,0,0,0,0,0,0,0,0,0,0,0,0,0,0,0,0,0,0,0,0,0,0,0,0,0,0,0,0,0,0,0,0,0,0,0,0,0,0,0,0,0,0,0,0,0,0,0,0,0,0,0,0,0,5,1,0,0,0,0,0,0,0,0,0,0,0,0,0,0,0,0,0,0,0,0,0,0,0,0,0,0,0,0,0,0,0,0,0,0,0,0,0,0,0,0,0
"EL62",20241615,163034,37486,377,12,15,0,10615,3113,720,7,581876,153568,1688,331,59,0,41253,3549,124,41494,8047,108,18647,46296,7029,70,0,0,3246,3,18113,1771,21,209409,50285,502,0,33846,82,64924,17630,151,527,29,860,41812,287,0,0,0,0,0,0,0,0,108,0,0,0,417269,53456,767,5267,394,16,5532,1491,137955,16727,285,329,291,9117,799,79,55,1,0,2385,0,0,0,0,0,0,0,58,83,0,6,0,0,2,27,256060,19911,437,17263,1182,19,26247,6294,71,3,0,5447,436,15,0,0,0,0,0,0,0,0,112616,4072,204,15,1,0,47,9,0,0,0,0,247,30,0,3217,420,5,1410,257,2,3000,261,0,0,0,7363,78,3493,149,7,14628,30,3862,403,13,30,894,0,0,0,0,0,0,0,5435,4,16,0,0,148,0,0,0,0,0,0,0,0,0,1,0,8,0,0,0,0,0,0,0,0,0,0,0,0,0,0,0,0,0,0,0,0,0,0,0,0,0,0,0,0,0,0,0,0,0,0,0,0,0,0,0,0,0,0,12,0,0,0,0,0,0,0,0,0,0,0,0,0,0,0,0,0,0,0,0,0,0,0,0,0,0,0,0,0,0,0,0,0,0,0,0,0,207,11,0,0,0,0,0,0,0,0,0,0,0,651,11,0,1,0,0,0,0,0,0,0,0,0,0,0,0,0,0,0,0,0,0,0,0,0,0,0,0,0,0,0,0,0,0,0,0,0,0,0,0,0,0,0
"EL63",88014747,6720046,1057052,15079,281644,7908,346,200791,63659,13088,161,6552467,2184195,15278,20315,3087,35,37525,11877,51,197832,72159,487,85943,116707,75710,408,6313,715,84,0,34493,7690,120,301942,219451,857,1016,0,0,55969,22099,118,42760,434,0,73304,1995,2207270,563043,5855,18134,3742,1516412,782620,5094,1053,48055,14807,76,891900,12382,1735,1143,686,0,49166,82,0,0,0,0,0,0,0,0,0,0,0,26720,10,2998,12,16559,18172,13942,28,516,91,2,92,0,0,0,0,0,0,0,0,0,0,0,0,0,0,0,0,0,0,1709,109,2,0,0,0,0,0,82756,10568,154,0,0,0,77,9,0,0,0,0,0,0,0,0,0,0,0,0,0,0,0,0,0,0,15633,178,794,49,4,103473,231,142353,26826,459,246,30332,757,295,2,9124,35,0,51,74,0,0,0,0,0,0,0,0,6418,223,22,0,0,0,0,54,0,0,0,0,0,0,0,0,0,0,0,0,0,0,0,0,0,0,0,0,0,0,0,0,0,0,0,0,0,0,0,0,0,0,0,0,0,196,0,0,0,508,0,0,0,0,0,0,0,0,0,0,0,0,0,0,0,0,0,0,0,0,0,0,0,0,0,0,0,0,0,0,1441,104,0,0,0,0,0,0,0,1520,277,1,0,0,0,0,0,0,0,0,0,0,3079,1546,3,6,374,31,1,1,0,0,0,0,0,0,0,0,0,0,0,0,0,0,0,0,0,0,0,0,0,0,0,0,0,0,0,0,0,0,0,0,0,0,0
"EL64",134643997,10387132,1086808,19106,1104690,169902,1962,147099,299710,26191,692,4281817,1003948,10750,505401,76725,1227,1057,154,0,196549,50306,532,107735,269798,34872,615,33021,2614,216,2,71568,11025,169,283818,43776,673,39278,0,0,88483,12992,228,15766,213,0,95936,1110,0,0,0,0,0,0,0,0,5,0,0,0,79573,2386,155,0,0,0,2242,17,0,0,0,0,0,0,0,0,0,0,0,15970,72,1470,113,0,0,0,0,0,0,0,2,0,0,0,0,0,0,0,0,0,0,0,0,0,0,0,0,0,0,0,0,0,0,0,0,0,0,0,0,0,0,0,0,0,0,0,0,0,0,0,0,0,0,0,0,0,0,0,0,0,0,0,0,7569,219,2122,340,7,96688,261,189775,52227,667,307,5374,3681,462,7,0,0,0,0,0,0,0,0,0,0,0,0,0,0,0,0,0,0,0,0,0,0,0,0,0,0,0,0,0,0,0,0,0,0,0,0,0,0,0,0,0,0,0,0,0,0,0,0,0,0,0,0,0,0,0,0,0,0,0,0,0,0,0,0,0,0,0,0,0,0,0,0,0,0,0,0,0,0,0,0,0,0,0,0,0,0,0,0,0,0,0,0,0,0,0,0,0,0,0,0,0,0,0,0,0,0,0,0,0,0,0,0,0,0,0,0,0,0,0,48107,4564,0,125,0,0,0,0,0,0,0,0,0,0,0,0,0,0,0,0,0,0,0,0,0,0,0,0,0,0,0,0,0,0,0,0,0,0,0
"EL65",135122048,10181208,774552,18048,775435,71081,1344,150615,137935,19174,313,5006833,653937,10275,329906,52990,936,144111,24679,343,358565,41511,975,55341,134272,23043,209,25788,6652,0,0,21879,3943,42,172420,41356,385,24005,0,0,77617,19866,176,17011,307,0,87648,565,0,0,0,0,0,0,0,0,0,0,0,0,133732,452,460,0,0,0,0,0,94955,2528,170,0,0,0,0,0,0,0,0,7594,31,9311,66,0,0,0,0,0,0,0,0,1421,33,0,0,0,0,0,0,0,0,0,0,0,0,0,0,0,0,0,0,0,0,0,0,0,0,0,0,0,0,0,0,0,0,0,0,0,0,0,0,0,0,0,0,0,0,0,0,0,0,0,0,8015,192,2130,168,2,79591,154,38565,5801,69,131,5386,4364,769,9,0,0,0,0,0,0,0,0,0,2,0,0,0,0,0,0,0,0,0,0,0,0,0,0,0,0,0,0,0,0,0,0,0,0,0,0,0,0,0,0,0,0,0,0,0,0,0,0,0,0,0,0,0,0,0,0,0,0,0,0,0,0,0,0,2,0,0,0,0,0,0,0,0,0,0,0,0,0,0,0,0,0,0,0,0,0,0,0,0,0,0,0,0,0,0,0,0,0,0,0,0,0,0,0,0,0,0,0,0,0,0,0,0,1,0,0,0,0,0,6287,1741,0,14,0,0,0,0,0,0,0,0,0,0,0,0,0,0,0,0,0,0,0,0,0,0,0,0,0,0,0,0,0,0,0,0,0,0,0
"ES11",245140670,416431,21542,19269,0,0,0,122158,9410,2258,104,1651859,158352,121515,0,0,0,402382,144827,10992,27076,3004,305,12,0,0,0,0,0,0,0,0,0,0,0,0,0,0,0,0,215,4,597,26315,544,0,16606,276,33244,24767,465,1936,2339,73303,33228,1254,0,3863,842,6,6165078,1717869,244326,850994,310565,13223,45045,12157,16280379,5055141,557357,3022230,1315151,273016,90348,67406,0,0,0,519,0,0,0,127010,203418,124380,851,0,0,0,678,0,0,57346,2943,96001,26788,520,6294,4389,42,811172,136955,14016,5669,290,67037,14371,2364,2498283,1595915,40172,881617,632753,2548,14070,4049,999810,550479,23825,576018,358351,45,357497,67678,5887,8510,5752,627,88140,27373,4193,343470,52663,18332,159178,34155,37017,1975,236,11394,1759,1433,138,4575,3822,4,68,2527,2170,0,0,0,0,0,0,0,0,104546,460,2975,18,5145,943,10,0,0,0,0,0,0,0,0,0,0,0,0,3,0,0,0,0,0,0,0,0,0,0,0,0,0,0,0,0,0,0,0,0,0,0,0,0,0,0,0,0,0,0,0,0,0,0,0,0,0,0,0,0,0,0,0,0,0,0,0,0,0,0,0,0,0,0,0,0,0,0,0,0,0,0,0,0,0,0,0,0,0,0,0,0,0,0,0,0,0,0,0,0,0,0,0,0,0,0,0,0,0,0,0,0,0,0,0,0,0,0,0,0,0,0,0,0,0,0,0,0,0,0,0,0,0,0,0,0,0,0,0,0,0,0,0,0,0,0,0,0,0,0,0,0,0,0,0,0,0,0
"ES12",81164072,7834674,1743449,627151,10409,5144,203,213847,292402,87380,14400,820828,143838,42095,1186,90,13,14030,4574,409,5410,352,252,3169,109927,56768,3356,0,0,2331,2,9032,5256,326,0,0,0,0,0,0,0,0,0,110827,8066,0,552,0,282433,129144,1657,3511,4600,0,0,0,1268,0,0,0,6787901,1487552,552192,357062,87412,3179,210996,75933,891264,148879,58586,48151,11864,4671,964,0,0,0,0,1827,0,0,0,6073,0,0,0,2158,413,660,17449,0,0,409,176,138043,78506,988,8326,5415,234,503,169,0,0,0,101,16,0,315776,170687,3437,14528,10971,179,1049,293,388455,154133,7955,102102,29859,5,11187,3935,39,682,17,1,3442,1518,18,5772,8512,30,985,1343,56,4688,4409,6,6,0,1258,3,0,0,0,578,3,8029,5850,26,5,640,0,0,0,5927,10,245,18,7341,1057,15,0,0,0,0,0,0,803,3,2,0,0,0,8,1327,64,8366,433,22,3600,255,1,0,0,0,0,0,0,0,0,0,0,0,0,0,0,0,0,0,0,0,0,0,0,0,0,0,0,0,0,0,0,419,80,2,46,112,90,0,0,0,0,0,0,0,0,0,0,0,0,0,0,0,0,0,0,0,0,0,0,0,0,0,0,0,0,0,0,0,0,0,0,0,0,0,0,0,0,0,0,0,0,0,0,0,0,0,0,0,0,0,0,0,0,0,0,0,0,0,0,0,0,0,0,0,0,0,0,0,0,0,0,0,0,0,0,0,0,0,0,0,0,0,0,0,0,0,0,0,0,0,0
"ES13",32924164,6879333,293720,810148,192439,2658,16276,10207,81529,4037,2048,835746,56314,53428,7058,791,55,257,0,0,29461,2312,1055,596,0,0,0,0,0,0,0,0,0,0,0,0,0,0,0,0,0,0,0,235,54,0,0,40,244802,25509,8216,4463,756,58708,9453,3621,0,2883,232,131,3498428,379578,96964,11053,975,20,55600,7100,133853,6476,5908,0,0,3135,130,0,0,0,0,171,0,0,0,0,0,0,0,0,0,0,980,0,0,0,217,393099,126594,1804,64426,18970,285,52281,12748,607,0,0,25089,6375,45,214393,48935,1477,0,0,0,2200,164,4285776,951216,66784,3561,1293,5,16487,10558,56,0,0,0,7426,3307,11,33778,8314,118,25366,6489,150,0,0,0,0,0,0,0,0,0,0,0,0,11900,2153,131,229,0,0,0,0,0,0,3,2,35715,9694,118,0,0,0,0,0,0,1473,206,1,217,0,284,0,11470,2619,0,0,0,1207,362,1,0,0,0,58,0,0,0,0,0,0,0,0,0,0,0,0,0,0,0,0,0,0,0,0,0,0,0,0,0,0,0,0,0,0,0,0,0,0,0,0,0,0,0,0,0,0,0,0,0,0,0,0,0,0,0,0,0,0,0,0,0,0,0,0,0,2015,34,101,2,1053,1,12,0,0,0,0,0,0,0,0,0,0,0,0,0,0,0,0,0,0,0,0,0,0,0,0,0,0,0,0,0,0,0,0,0,0,0,0,0,0,0,0,0,0,0,0,0,0,0,0,0,0,0,0,0,0,0,0,0,0
"ES21",56569503,2422536,285284,150943,739381,57109,30054,198,71285,10038,421,224677,28535,18655,215734,27583,6638,0,0,0,38060,7960,126,0,0,0,0,0,0,0,0,0,0,0,0,0,0,0,0,0,0,0,0,0,1,0,0,0,10952,1872,19,0,0,0,0,0,0,0,0,0,8237421,771586,58908,20979,822,52,381885,56811,307017,22090,3575,209,0,16143,4118,1462,0,0,0,0,0,0,0,0,0,0,0,22763,2921,582,819,10635,615,2,55,131953,18333,348,22826,3552,58,48078,1549,113,95,2,4758,149,5,0,0,0,0,0,0,0,0,940569,194215,1785,0,0,0,25612,3479,58,0,0,0,6788,2544,15,18753,2429,40,23896,2177,40,1362,438,0,0,0,0,0,153,0,0,0,0,0,0,0,0,0,0,0,0,0,0,0,0,9979,1198,25,0,0,0,0,0,0,0,0,0,0,0,0,0,0,0,0,0,0,0,0,0,0,0,0,0,0,0,0,0,0,0,0,0,0,0,0,0,0,0,0,0,0,0,0,0,0,0,0,0,0,0,0,0,0,0,0,0,0,0,0,0,0,0,0,0,0,0,0,0,0,0,0,0,0,0,0,0,0,0,0,0,0,0,0,0,0,478,31,0,0,0,0,0,0,0,0,0,0,0,0,0,0,0,0,0,0,9,0,0,0,0,0,0,0,0,0,0,0,0,0,0,0,0,0,0,0,0,0,0,0,0,0,0,0,0,0,0,0,0,0,0,0,0,0,0,0,0,0,0,0,0
"ES22",89364606,648144,58322,30969,2651790,80470,151703,44,59724,2712,576,773044,40270,24967,1590404,103194,60189,0,0,0,119055,10464,574,0,0,0,0,0,0,0,0,0,0,0,0,0,0,0,0,0,0,0,0,11,24,0,0,0,574,118,0,724,146,1464,835,11,0,882,728,1,5343753,605717,134009,60152,7156,1195,53366,2285,992811,27520,69491,540,90,2173,69,0,0,0,0,0,0,0,0,0,0,0,0,135960,5616,9390,96,145510,6039,0,13,0,0,0,0,0,0,0,0,0,0,0,0,0,0,10334,1183,5,0,0,0,0,0,337537,114749,2215,18452,9104,0,0,0,0,0,0,0,0,0,0,0,0,0,0,0,0,0,0,0,0,0,0,0,0,0,0,0,0,0,0,0,0,0,0,0,0,0,0,64,0,0,0,0,0,0,0,0,0,0,3386,553,17,10403,3666,31,0,0,0,0,0,0,0,0,0,0,0,0,0,0,0,0,0,0,0,0,0,0,0,0,0,0,0,0,0,0,0,0,0,0,0,0,0,0,0,0,0,0,0,0,0,0,0,0,0,0,0,0,0,0,0,0,0,0,0,0,0,0,0,0,0,0,0,0,0,0,0,0,0,0,978,733,0,0,0,0,0,0,0,0,0,1,0,0,0,0,0,0,0,0,13688,0,0,0,0,0,0,0,0,0,0,0,0,0,0,0,0,0,0,0,0,0,0,0,0,0,0,0,0,0,0,0,0,0,0,0,0,0,0,0,0,0,0,0,0
"ES23",43777677,3755996,21883,335441,1353934,30069,87649,1135,74528,2093,1709,481984,26011,51680,282499,14394,13901,344,0,0,52924,2366,846,0,0,0,0,0,0,0,0,0,0,0,0,0,0,0,0,0,0,0,0,0,93,0,0,0,17093,552,620,1938,17,26951,2107,468,0,4470,204,18,0,0,0,0,0,0,0,0,0,0,0,0,0,0,0,0,0,0,0,0,0,0,0,0,0,0,0,0,0,0,0,0,0,0,0,0,0,0,0,0,0,0,0,0,0,0,0,0,0,0,0,0,0,0,0,0,0,0,0,0,0,0,0,0,0,0,0,0,0,0,0,0,0,0,0,0,0,0,0,0,0,0,0,0,0,0,0,0,0,0,0,0,0,0,0,0,0,0,0,0,0,4,0,0,0,0,0,0,0,0,0,31606,318,4037,8374,91,297,0,0,0,0,0,0,0,0,0,0,0,0,0,0,0,0,0,0,0,0,0,0,0,0,0,0,0,0,0,0,0,0,0,0,0,0,0,0,0,0,0,0,0,0,0,0,0,0,0,0,0,0,0,0,0,0,0,0,0,0,0,0,0,0,0,0,0,0,0,0,0,0,0,0,0,0,0,0,0,0,0,0,0,0,0,0,0,0,0,0,0,0,0,0,0,0,0,0,0,0,0,0,0,0,0,0,0,0,0,0,0,0,0,0,0,0,0,0,0,0,0,0,0,0,0,0,0,0,0,0,0,0,0,0,0,0,0,0,0
"ES24",412537514,12880643,200051,374879,28998565,478837,900475,6,428122,9695,5707,4802122,259383,198827,6359838,436145,203568,0,0,0,300434,22209,2495,0,0,0,0,0,0,0,0,0,0,0,0,0,0,0,0,0,0,0,0,0,0,0,0,0,32711,985,429,6475,250,25093,1446,84,0,1713,90,4,3301058,51598,3110,0,0,0,810182,5382,933382,15710,1027,0,0,217604,910,0,0,0,0,0,0,0,0,0,0,0,0,0,0,0,968,75,0,0,290,0,0,0,0,0,0,0,0,0,0,0,0,0,0,0,0,0,0,0,0,0,0,0,0,0,0,0,0,0,0,0,0,0,0,0,0,0,0,0,0,0,0,0,0,0,0,0,0,0,0,0,0,0,0,0,0,0,0,0,0,0,0,0,0,0,0,28,0,0,0,0,0,0,0,0,0,488714,18092,10480,145806,7952,971,0,0,0,0,0,0,0,0,0,0,0,0,0,0,411604,1911,18516,777548,5265,33435,11213,270,146,202426,5315,9156,194956,9285,12335,804,65,0,0,0,0,0,0,0,0,0,0,0,0,0,0,0,8709,0,0,0,0,0,0,0,0,0,0,0,0,0,0,0,0,0,0,0,0,0,0,0,0,0,0,0,0,0,0,0,0,0,0,0,0,0,0,0,0,0,0,0,0,0,0,0,0,0,0,0,0,0,0,0,0,0,0,0,0,0,0,0,0,0,0,0,0,0,0,0,0,0,0,0,0,0,0,0,0,0,0,0,0,0,0,0,0,0,0,0,0
"ES30",61798012,4884505,478704,107545,1044500,158595,54107,34924,543768,103387,1957,8821276,499490,240795,192295,32663,13384,39114,3848,79,270926,45819,3545,0,0,0,0,0,0,0,0,0,0,0,0,0,0,0,0,0,0,0,0,4304,83,0,0,0,89881,180,479,104,0,776957,1159,5613,0,5740,5,50,0,0,0,0,0,0,0,0,0,0,0,0,0,0,0,0,0,0,0,0,0,0,0,0,2285,0,1,0,0,0,0,0,0,0,0,0,0,0,0,0,0,0,0,0,0,0,0,0,0,0,0,0,0,0,0,0,0,0,0,0,0,0,0,0,0,0,0,0,0,0,0,0,0,0,0,0,0,0,0,0,0,0,0,0,0,0,0,0,0,0,0,0,0,0,0,0,0,0,0,0,0,0,0,0,0,0,0,0,0,0,0,7581,0,18,35806,5,424,0,0,0,0,0,0,0,0,0,0,0,0,0,0,0,0,0,0,0,0,0,0,0,0,0,0,0,0,0,0,0,0,0,0,0,0,0,0,0,0,0,0,0,0,0,0,0,0,0,0,0,0,0,0,0,0,0,0,0,0,0,0,0,0,0,0,0,0,0,0,0,0,0,0,0,0,0,0,0,0,0,0,0,0,0,0,0,0,0,0,0,0,0,0,0,0,0,0,0,0,0,0,0,0,0,0,0,0,0,0,0,0,0,0,0,0,0,0,0,0,0,0,0,0,0,0,0,0,0,0,0,0,0,0,0,0,0,0,0
"ES41",775421911,53971705,2149659,2271639,13705056,232214,569661,5870119,842233,33626,18548,52724464,1747298,1599963,2215435,53408,83546,13182833,487337,151987,940110,37793,11109,0,0,0,0,0,0,0,0,0,0,0,0,0,0,0,0,0,0,0,0,232321,43699,0,0,0,2476555,96807,10233,12047,129,2655712,113296,21182,0,34215,1042,221,1009428,83959,92482,6050,491,1522,27426,1277,518593,8220,79809,2440,793,15652,756,0,0,0,0,0,0,0,0,1790230,2893444,86264,15024,53513,8035,169,2851,0,0,856,1551,0,0,0,0,0,0,0,0,0,0,0,0,0,0,0,0,0,0,0,0,0,0,578,7,0,0,0,0,0,0,0,0,0,0,0,0,0,0,0,0,0,0,0,0,0,0,0,0,0,0,0,0,0,0,0,0,0,0,0,0,0,0,0,81268,6207,0,32,0,0,0,0,0,0,0,0,0,69778,227,291,1129,6,4,0,0,0,0,0,0,0,0,0,0,0,0,0,0,692387,10096,3350,2686,8,5,7034,110,6,532003,4787,1882,4190,44,19606,33,19,0,0,18335,553,9,22473,3628,18,0,0,0,0,0,0,0,125,0,0,0,0,0,0,0,0,0,0,0,0,0,0,0,0,0,0,0,0,0,0,0,0,0,0,0,0,0,0,0,0,0,0,0,0,0,0,0,0,0,0,0,0,0,0,0,0,0,0,0,0,0,0,0,0,0,0,0,0,0,0,0,0,0,0,0,0,0,0,0,0,0,0,0,0,0,0,0,0,0,0,0,0,0,0,0,0,0,0,0,0
"ES42",708274276,22183714,1287618,341711,17882224,379314,291947,1221976,478101,41153,2568,19791781,1522410,318006,2910934,99933,48667,3167826,649181,21984,381250,42084,3297,0,0,0,0,0,0,0,0,0,0,0,0,0,0,0,0,0,0,0,0,237033,11067,0,0,0,242545,2492,2029,1376,4,1655768,75231,7943,0,33037,1142,98,0,0,0,0,0,0,0,0,0,0,0,0,0,0,0,0,0,0,0,0,0,0,0,2689,38168,926,159,0,0,0,0,0,0,0,0,0,0,0,0,0,0,0,0,0,0,0,0,0,0,0,0,0,0,0,0,0,0,0,0,0,0,0,0,0,0,0,0,0,0,0,0,0,0,0,0,0,0,0,0,0,0,0,0,0,0,0,0,0,0,0,0,0,0,0,0,0,0,0,0,3,0,5,0,0,0,0,0,0,0,0,0,34485,272,176,13361,124,142,0,0,0,0,0,0,0,0,0,0,0,0,0,0,2139551,91730,50366,6014610,160870,132132,158122,12080,1112,733332,31441,25982,1139842,47969,80583,6899,135,0,0,0,0,0,0,0,0,0,0,0,0,0,0,0,12794,0,0,0,0,0,0,0,0,0,0,0,0,0,0,0,0,0,0,0,0,0,0,0,0,0,0,0,0,0,0,0,0,0,0,0,0,0,0,0,0,0,0,0,0,0,0,0,0,0,0,0,0,0,0,0,0,0,0,0,0,0,0,0,0,0,0,0,0,0,0,0,0,0,0,0,0,0,0,0,0,0,0,0,0,0,0,0,0,0,0,0,0
"ES43",293642790,16638007,567201,129606,205302,11893,866,4374007,350469,15197,1755,54839404,957651,492340,119359,4059,952,29480617,417138,212853,1701812,29000,21898,0,0,0,0,0,0,0,0,0,0,0,0,0,0,0,0,0,0,0,0,93751,37782,0,0,0,944867,52036,4659,27070,1914,6293645,114122,26654,0,236725,2258,2410,0,0,0,0,0,0,0,0,166502,1225,24438,3227,51,36385,195,0,0,0,0,0,0,0,0,78925,3870423,22548,29796,0,0,0,0,0,0,348,5300,0,0,0,0,0,0,0,0,0,0,0,0,0,0,0,0,0,0,0,0,0,0,0,0,0,0,0,0,0,0,0,0,0,0,0,0,0,0,0,0,0,0,0,0,0,0,0,0,0,0,0,0,0,0,0,0,0,0,0,0,0,0,0,1539,472,0,75,0,0,0,0,0,0,0,0,0,18375,851,77,1767,63,10,0,0,0,0,0,0,0,0,0,0,0,0,0,0,0,0,0,0,0,0,0,0,0,0,0,0,0,0,0,0,0,0,0,0,0,0,0,0,0,0,0,0,0,0,0,0,0,0,0,0,0,0,0,0,0,0,0,0,0,0,0,0,0,0,0,0,0,0,0,0,0,0,0,0,0,0,0,0,0,0,0,0,0,0,0,0,0,0,0,0,0,0,0,0,0,0,0,0,0,0,0,0,0,0,0,0,0,0,0,0,0,0,0,0,0,0,0,0,0,0,0,0,0,0,0,0,0,0,0,0,0,0,0,0,0,0,0,0,0
"ES51",292851138,6259228,1000846,22377,4781585,659106,34236,0,376271,38908,798,6084905,875397,30077,1846564,278534,9139,145,1,0,638900,58712,2810,142,21229,1588,118,26931,2073,0,0,5830,504,15,182280,21456,9674,96201,0,0,61871,12648,1056,0,0,0,8451,0,449390,95233,972,22294,3292,346193,123710,1046,0,23880,5895,58,1297549,4358,1205,0,0,0,155379,0,1350646,4111,2262,0,0,436965,58,0,0,0,0,13,248,9832,776,0,0,0,0,0,0,0,158,660,59,0,820,0,0,0,0,0,0,0,0,0,0,0,0,0,0,17124,0,6,0,0,0,0,0,2373,0,1,0,0,0,0,0,0,0,0,0,0,0,0,0,0,0,0,0,0,0,0,0,0,0,103,776,460,0,54,774,278,140,1,0,0,3,832,8,24,0,0,0,60,36,0,0,0,0,0,0,0,0,216136,64631,695,134397,47398,447,0,0,0,0,0,0,0,0,0,0,0,0,0,0,0,0,0,0,0,0,0,0,0,0,0,0,0,0,0,0,0,0,0,0,0,0,0,0,0,0,0,0,0,0,0,0,0,0,0,0,0,0,0,0,0,0,0,0,0,0,0,0,0,0,0,0,0,0,0,0,0,0,0,0,0,0,0,0,0,0,0,0,0,0,0,0,0,0,0,0,0,0,0,0,2,0,0,0,0,0,10,0,0,0,0,0,0,0,0,0,0,0,0,0,0,0,0,0,0,0,0,0,0,0,0,0,0,0,0,0,0,0,0,0,0,0,0,0,0
"ES52",218649178,2772439,6165,55561,5172622,29456,50130,0,164261,2376,1364,272983,2492,16412,945666,9641,9295,0,0,0,70854,1900,2571,31,15415,894,226,11279,1425,0,0,2865,6,32,7274,1011,3015,8964,0,0,7388,141,146,0,0,0,0,0,0,0,0,0,0,0,0,0,0,0,0,0,0,0,0,0,0,0,0,0,0,0,0,0,0,0,0,0,0,0,0,0,851,1122,350,0,0,0,0,0,0,0,0,0,0,0,0,0,0,0,0,0,0,0,0,0,0,0,0,0,0,0,0,0,0,0,0,0,0,0,0,0,0,0,0,0,0,0,0,0,0,0,0,0,0,0,0,0,0,0,0,0,0,0,0,0,0,64,1,0,0,0,0,0,0,0,0,0,0,0,0,0,0,0,0,0,0,0,0,335,0,0,0,0,0,0,0,0,0,0,0,0,0,0,0,0,0,0,0,0,0,0,0,131284,5371,12619,1956761,37356,24697,86032,4305,474,204182,31113,40937,1341406,54725,198892,18945,5837,4811,35,0,0,0,0,0,0,0,0,0,0,0,0,0,11788,3561,1,6,1903,93,115,23029,812,246,134,42237,11167,2485,55229,5317,1035,18322,1629,94,231,0,0,0,0,1838,307,1,0,0,0,0,0,0,0,540,0,0,0,0,140,5,0,0,0,0,0,0,0,0,0,0,0,0,44,1,0,0,0,0,0,0,0,0,0,0,0,0,0,0,0,0,0,0,0,0,0,0,0,0,0,0,0,0,0,0,0,0,0,0,0,0,0
"ES53",43306830,3077833,355067,10294,1134066,143721,4075,344,62289,7633,188,326852,46184,1195,349198,27801,1158,0,0,0,29852,3500,108,50387,422695,26340,1410,112452,3432,0,0,48774,2826,119,42284,3104,123,36570,0,0,11889,1192,49,9,0,0,95164,1583,0,0,0,0,0,0,0,0,0,0,0,0,0,0,0,0,0,0,0,0,0,0,0,0,0,0,0,0,0,0,0,2810,359,1587,144,0,0,0,0,0,0,0,0,0,0,0,0,0,0,0,0,0,0,0,0,0,0,0,0,0,0,0,0,0,0,0,0,0,0,0,0,0,0,0,0,0,0,0,0,0,0,0,0,0,0,0,0,0,0,0,0,0,0,0,0,2503,151,2692,0,4,30088,71,61888,6665,191,163,1124,32594,1188,118,0,0,0,0,0,0,0,0,0,0,0,453,0,0,0,0,0,0,0,0,0,0,0,0,0,0,0,0,0,0,0,0,0,0,0,0,0,0,0,0,0,0,0,0,0,0,0,0,0,0,0,0,0,0,0,0,0,0,0,0,0,0,0,0,0,0,0,0,0,0,0,0,0,0,0,0,0,0,0,0,0,0,0,0,0,0,0,0,0,0,0,0,0,0,0,0,0,0,0,0,0,0,0,0,0,0,0,0,0,0,0,0,0,0,0,0,0,0,0,22588,2359,0,74,0,0,0,0,0,0,0,0,0,0,0,0,0,0,0,0,0,0,0,0,0,0,0,0,0,0,0,0,0,0,0,0,0,0,0
"ES61",786324494,26880486,838387,562768,14867832,526434,337861,2538389,1308566,67368,11426,19242103,514822,1539458,1879276,80375,52324,1771167,74304,32311,730482,42525,22150,4875,339709,4767,7434,121324,7245,0,0,77207,4893,1271,231730,4800,103789,26648,0,0,40150,2468,2919,136824,34477,0,20527,32,165457,30549,3804,3504,898,1007664,366179,6278,0,16451,4991,61,9332,181,14,0,0,0,904,2,0,0,0,0,0,0,0,0,0,0,0,31,2501,834,198,190804,1268490,282693,7122,0,0,0,2,0,0,0,0,0,0,0,0,0,0,0,0,0,0,0,0,0,0,0,0,0,0,0,0,0,0,0,0,0,0,0,0,0,0,0,0,0,0,0,0,0,0,0,0,0,0,0,0,0,0,0,0,1850,233,0,0,0,3881,28,5650,346,122,25,825,4581,815,12,24301,7509,0,14,0,0,0,0,0,0,0,0,0,28474,2079,1036,1955,259,1,0,0,0,0,0,0,0,0,0,0,0,0,0,0,1013178,32059,47296,2590339,93945,79198,80157,4296,1191,3369293,73449,219063,2989076,109600,103961,8831,1559,7550,328,0,0,0,0,0,0,0,0,0,0,0,0,0,99437,798,17,3,17913,187,155,14414,427,246,67,200846,1622,4761,56882,1653,1708,16996,888,470,259,5,1793,65,9,3282,20,75,0,0,0,0,0,0,0,3,7,0,0,0,0,0,0,0,0,0,0,0,0,0,0,0,0,0,0,0,0,0,0,0,0,0,0,0,0,0,0,0,0,0,0,0,0,0,0,0,0,0,0,0,0,0,0,0,0,0,0,0,0,0,0,0,0
"ES62",108363399,23677,353,49,50595,760,140,0,0,0,0,97,0,0,0,0,0,0,0,0,0,0,0,0,0,0,0,0,0,0,0,0,0,0,0,0,0,0,0,0,0,0,0,0,0,0,0,31,0,0,0,0,0,0,0,0,0,0,0,0,0,0,0,0,0,0,0,0,0,0,0,0,0,0,0,0,0,0,0,0,0,0,0,0,0,0,0,0,0,0,0,0,0,0,0,0,0,0,0,0,0,0,0,0,0,0,0,0,0,0,0,0,0,0,0,0,0,0,0,0,0,0,0,0,0,0,0,0,0,0,0,0,0,0,0,0,0,0,0,0,0,0,0,0,0,2078,3,161,0,0,0,0,0,0,0,0,0,0,0,0,0,0,0,0,0,0,0,0,0,0,0,0,0,0,0,0,0,0,0,0,0,0,0,0,0,0,0,0,0,0,0,129782,2799,2098,1818193,53037,10658,30817,2225,55,313994,5084,12832,2031373,48839,88781,5858,691,1901,24,0,0,0,0,0,0,0,0,0,0,0,0,0,19413,153,0,0,383,0,1,10091,42,95,15,12272,116,107,65450,831,1011,14784,509,394,150,9,2023,10,206,4093,43,137,0,0,0,0,0,0,0,0,2,0,0,0,5,139,25087,1996,176,1110,177,4,0,0,0,0,0,0,0,0,0,0,0,0,0,0,0,0,0,0,0,0,0,0,0,0,0,0,0,0,0,0,0,0,0,0,0,0,0,0,0,0,0,0,0,0,0
"ES63",192811,0,0,0,0,0,0,0,0,0,0,0,0,0,0,0,0,0,0,0,0,0,0,0,0,0,0,0,0,0,0,0,0,0,0,0,0,0,0,0,0,0,0,0,0,0,0,0,0,0,0,0,0,0,0,0,0,0,0,0,0,0,0,0,0,0,0,0,0,0,0,0,0,0,0,0,0,0,0,0,0,0,0,0,0,0,0,0,0,0,0,0,0,0,0,0,0,0,0,0,0,0,0,0,0,0,0,0,0,0,0,0,0,0,0,0,0,0,0,0,0,0,0,0,0,0,0,0,0,0,0,0,0,0,0,0,0,0,0,0,0,0,0,0,0,3596,0,335,0,0,0,0,0,0,0,0,0,0,0,0,0,0,0,0,0,718,255,1512,241,34,6,0,0,0,0,0,0,0,0,0,0,0,0,0,0,0,0,0,0,0,0,0,0,0,0,0,0,0,0,0,0,0,0,0,0,0,0,0,0,0,0,0,0,0,0,0,0,0,0,0,0,0,0,0,0,0,0,0,0,0,0,0,0,0,0,0,0,0,0,0,0,0,0,0,0,0,0,0,0,0,0,0,0,0,0,0,0,0,0,0,0,0,0,0,0,0,0,0,0,0,0,0,0,0,0,0,0,0,0,0,0,0,0,0,0,0,0,0,0,0,0,0,0,0,0,0,0,0,0,0,0,0,0,0,0,0,0,0,0,0,0,0,0,0,0,0
"ES64",132500,0,0,0,0,0,0,0,0,0,0,0,0,0,0,0,0,0,0,0,0,0,0,0,0,0,0,0,0,0,0,0,0,0,0,0,0,0,0,0,0,0,0,0,0,0,0,0,0,0,0,0,0,0,0,0,0,0,0,0,0,0,0,0,0,0,0,0,0,0,0,0,0,0,0,0,0,0,0,0,0,0,0,0,0,0,0,0,0,0,0,0,0,0,0,0,0,0,0,0,0,0,0,0,0,0,0,0,0,0,0,0,0,0,0,0,0,0,0,0,0,0,0,0,0,0,0,0,0,0,0,0,0,0,0,0,0,0,0,0,0,0,0,0,0,3,0,0,0,0,0,0,0,0,0,0,0,0,0,0,0,0,0,0,0,0,0,1378,0,0,0,0,0,0,0,0,0,0,0,0,0,0,0,0,0,0,0,0,0,0,0,0,0,0,0,0,0,0,0,0,0,0,0,0,0,0,0,0,0,0,0,0,0,0,0,0,0,0,0,0,0,0,1019,0,0,0,0,0,0,0,0,0,0,0,0,0,0,0,0,0,0,0,0,0,0,0,0,0,0,0,0,0,0,0,0,0,0,0,0,0,0,0,0,0,0,0,0,0,0,0,0,0,0,0,0,0,0,0,0,0,0,0,0,0,0,0,0,0,0,0,0,0,0,0,0,0,0,0,0,0,0,0,0,0,0,0,0,0,0,0,0,0,0,0,0,0
"FI19",599901386,160398,33382,357,0,0,0,19067,4903,521,11,28604426,1304748,1847361,0,0,0,11451932,342665,27469,1802288,80247,13175,136452,989,11,1,0,0,0,0,0,0,0,205976,12731,400,0,78869,169,172756,5441,1277,1785,39,2842,456647,5967,0,0,0,0,0,0,0,0,0,0,0,0,0,0,0,0,0,0,0,0,0,0,0,0,0,0,0,0,1915,16,5,3384,0,0,0,0,0,0,0,0,0,0,0,0,0,0,0,0,0,0,0,0,0,0,0,0,0,0,0,0,0,0,0,0,0,0,0,0,0,0,0,0,0,0,0,0,0,0,0,0,0,0,0,0,0,0,0,0,0,0,0,0,0,0,0,11590,1203,53671,538,118,33325,183,73887,1821,184,677,2378,0,0,0,0,0,0,0,0,0,0,0,0,793,1,0,0,0,0,0,0,0,0,0,0,0,0,0,0,0,0,0,533,5,1,0,0,0,0,0,0,0,0,0,0,0,0,0,0,0,0,0,0,0,0,0,0,0,0,0,0,0,0,0,0,0,0,0,232,0,0,0,0,0,0,0,0,0,0,0,0,0,0,0,0,0,0,0,0,0,0,0,0,0,0,0,0,0,0,0,0,0,0,0,0,0,30173,785,0,0,0,0,0,0,0,0,0,0,0,21810,1771,56,69,0,0,0,0,0,0,0,0,0,0,0,0,0,0,0,0,0,0,0,0,0,0,0,0,0,0,0,0,0,0,0,0,0,0,0,0,0,0,0
"FI1B",86373140,0,0,0,0,0,0,0,0,0,0,6656003,552321,9755,0,0,0,541630,22747,766,394682,27349,609,57400,0,0,0,0,0,0,0,0,0,0,86771,8111,123,0,61636,80,98756,2912,116,0,0,2487,125013,28341,0,0,0,0,0,0,0,0,0,0,0,0,0,0,0,0,0,0,0,0,0,0,0,0,0,0,0,0,405,1,1,5564,0,0,0,0,0,0,0,0,0,0,0,0,0,0,0,0,0,0,0,0,0,0,0,0,0,0,0,0,0,0,0,0,0,0,0,0,0,0,0,0,0,0,0,0,0,0,0,0,0,0,0,0,0,0,0,0,0,0,0,0,0,0,0,2754,141,3133,52,0,12538,19,80481,7351,81,85,339,0,0,0,0,0,0,0,0,0,0,0,0,152,0,0,0,0,0,0,0,0,0,0,0,0,0,0,0,0,0,0,321,30,3,0,0,0,0,0,0,0,0,0,0,0,0,0,0,0,0,0,0,0,0,0,0,0,0,0,0,0,0,0,0,0,0,0,11,0,0,0,0,0,0,0,0,0,0,0,0,0,0,0,0,0,0,0,0,0,0,0,0,0,0,0,0,0,0,0,0,0,0,0,0,0,26202,1133,0,0,0,0,0,0,0,0,0,0,0,18951,2039,41,27,0,0,0,0,0,0,0,0,0,0,0,0,0,0,0,0,0,0,0,0,0,0,0,0,0,0,0,0,0,0,0,0,0,0,0,0,0,0,0
"FI1C",325893694,0,0,0,0,0,0,0,0,0,0,16110207,1479239,23137,0,0,0,5200661,245751,7042,1000934,75116,1622,285866,0,0,0,0,0,0,0,0,0,0,157780,23034,247,0,67206,76,160847,17128,209,0,0,6529,657129,8392,0,0,0,0,0,0,0,0,0,0,0,0,0,0,0,0,0,0,0,0,0,0,0,0,0,0,0,0,65,0,0,23677,0,0,0,0,0,0,0,0,0,0,0,0,0,0,0,0,0,0,0,0,0,0,0,0,0,0,0,0,0,0,0,0,0,0,0,0,0,0,0,0,0,0,0,0,0,0,0,0,0,0,0,0,0,0,0,0,0,0,0,0,0,0,0,69146,1030,21435,736,50,43157,63,128025,15364,188,415,6189,0,0,0,0,0,0,0,0,0,0,0,0,377,0,0,0,0,0,0,0,0,0,0,0,0,0,0,0,0,0,0,219,2,2,0,0,0,0,0,0,0,0,0,0,0,0,0,0,0,0,0,0,0,0,0,0,0,0,0,0,0,0,0,0,0,0,0,58,0,0,0,0,0,0,0,0,0,0,0,0,0,0,0,0,0,0,0,0,0,0,0,0,0,0,0,0,0,0,0,0,0,0,0,0,0,137489,13558,0,0,0,0,0,0,0,0,0,0,0,79903,8559,194,147,0,0,0,0,0,0,0,0,0,0,0,0,0,0,0,0,0,0,0,0,0,0,0,0,0,0,0,0,0,0,0,0,0,0,0,0,0,0,0
"FI1D",2018521634,14698792,276608,15594,0,0,0,2035629,390909,10143,485,194709093,2430482,214503,0,0,0,28996704,407086,30095,6845673,106460,10163,189144,75374,1262,79,0,0,6117,12,52668,833,56,352511,16250,417,0,51888,48,146715,3423,137,39476,1761,1638,158613,1341,0,0,0,0,0,0,0,0,62,0,0,0,0,0,0,0,0,0,0,0,0,0,0,0,0,0,0,0,76,13,0,4635,0,0,0,0,0,0,0,0,0,0,0,0,0,0,0,0,0,0,0,0,0,0,0,0,0,0,0,0,0,0,0,0,0,0,0,0,0,0,0,0,0,0,0,0,0,0,0,0,0,0,0,0,0,0,0,0,0,0,0,0,0,0,0,5152,231,12499,261,21,49847,60,88577,5249,129,237,699,0,0,0,0,0,0,0,0,0,0,0,0,942,2,0,0,0,0,0,0,0,0,0,0,0,0,0,0,0,0,0,0,0,0,0,0,0,0,0,0,0,0,0,0,0,0,0,0,0,0,0,0,0,0,0,0,0,0,0,0,0,0,0,0,0,0,0,25,0,0,0,0,0,0,0,0,0,0,0,0,0,0,0,0,0,0,0,0,0,0,0,0,0,0,0,0,0,0,0,0,0,0,0,0,0,40142,1690,0,0,0,0,0,0,0,0,0,0,0,2330,22,41,9,0,0,0,0,0,0,0,0,0,0,0,0,0,0,0,0,0,0,0,0,0,0,0,0,0,0,0,0,0,0,0,0,0,0,0,0,0,0,0
"FI20",13236753,0,0,0,0,0,0,0,0,0,0,482135,47569,992,0,0,0,4829,659,8,89407,6692,139,90005,0,0,0,0,0,0,0,0,0,0,55177,5183,100,0,596,0,54571,2771,119,0,0,48,297711,1952,0,0,0,0,0,0,0,0,0,0,0,0,0,0,0,0,0,0,0,0,0,0,0,0,0,0,0,0,0,0,0,9530,0,0,0,0,0,0,0,0,0,0,0,0,0,0,0,0,0,0,0,0,0,0,0,0,0,0,0,0,0,0,0,0,0,0,0,0,0,0,0,0,0,0,0,0,0,0,0,0,0,0,0,0,0,0,0,0,0,0,0,0,0,0,0,28110,626,13777,366,23,67754,212,86799,14290,189,205,10224,0,0,0,0,0,0,0,0,0,0,0,0,41,0,0,0,0,0,0,0,0,0,0,0,0,0,0,0,0,0,0,0,0,0,0,0,0,0,0,0,0,0,0,0,0,0,0,0,0,0,0,0,0,0,0,0,0,0,0,0,0,0,0,0,0,0,0,0,0,0,0,0,0,0,0,0,0,0,0,0,0,0,0,0,0,0,0,0,0,0,0,0,0,0,0,0,0,0,0,0,0,0,0,0,0,4828,1003,0,0,0,0,0,0,0,0,0,0,0,3206,9,18,7,0,0,0,0,0,0,0,0,0,0,0,0,0,0,0,0,0,0,0,0,0,0,0,0,0,0,0,0,0,0,0,0,0,0,0,0,0,0,0
"FR10",111249794,4522944,820718,6346,278585,44377,420,89601,533110,88667,587,2126050,416155,3066,35255,4139,80,85749,34141,98,282598,53363,337,0,0,0,0,0,0,0,0,0,0,0,0,0,0,0,0,0,0,0,0,19787,109,0,0,0,0,0,0,0,0,0,0,0,0,0,0,0,0,0,0,0,0,0,0,0,0,0,0,0,0,0,0,0,0,0,0,0,0,0,0,0,0,0,0,0,0,0,0,0,0,0,0,0,0,0,0,0,0,0,0,0,0,0,0,0,0,0,0,0,0,0,0,0,0,0,0,0,0,0,0,0,0,0,0,0,0,0,0,0,0,0,0,0,0,0,0,0,0,0,0,0,0,0,0,0,0,0,0,0,0,0,0,0,0,0,0,0,0,0,0,0,0,0,0,0,0,0,0,0,0,0,0,0,0,0,0,0,0,0,0,0,0,0,0,0,0,0,0,0,0,0,0,0,0,0,0,0,0,0,0,0,0,0,0,0,0,0,0,0,0,0,0,0,0,0,0,0,0,0,0,0,0,0,0,0,0,0,0,0,0,0,0,0,0,0,0,0,0,0,0,0,0,0,0,0,0,0,0,0,0,0,0,0,0,0,0,0,0,0,0,0,0,0,0,0,0,0,0,0,0,0,0,0,0,0,0,0,0,0,0,0,0,0,0,0,0,0,0,0,0,0,0,0,0,0,0,0,0,0,0,0,0,0,0,0,0,0,0,0,0,0,0,0
"FRB0",335766544,25254061,2664129,47740,207602,32204,432,5581791,588569,55102,893,15831023,2041738,30409,41181,6508,84,4979802,603786,10099,386753,35399,625,0,0,0,0,0,0,0,0,0,0,0,0,0,0,0,0,0,0,0,0,564240,10365,0,0,0,1649,4,9,0,0,275744,62729,739,0,745,35,1,0,0,0,0,0,0,0,0,0,0,0,0,0,0,0,0,0,0,0,0,0,0,0,321,180637,53653,457,0,0,0,0,0,0,0,0,0,0,0,0,0,0,0,0,0,0,0,0,0,0,0,0,0,0,0,0,0,0,0,0,0,0,0,0,0,0,0,0,0,0,0,0,0,0,0,0,0,0,0,0,0,0,0,0,0,0,0,0,0,0,0,0,0,0,0,0,0,0,0,0,2,0,0,0,0,0,0,0,0,0,0,0,0,0,0,0,0,0,0,0,0,0,0,0,0,0,0,0,0,0,0,0,0,0,0,0,0,0,0,0,0,0,0,0,0,0,0,0,0,0,0,0,0,0,0,0,0,0,0,0,0,0,0,0,0,0,0,0,0,0,0,0,0,0,0,0,0,0,0,0,0,0,0,0,0,0,0,0,0,0,0,0,0,0,0,0,0,0,0,0,0,0,0,0,0,0,0,0,0,0,0,0,0,0,0,0,0,0,0,0,0,0,0,0,0,0,0,0,0,0,0,0,0,0,0,0,0,0,0,0,0,0,0,0,0,0,0,0,0,0,0,0,0,0,0,0,0
"FRC1",228744176,26479452,1879518,39616,1039297,106233,1985,4756885,157894,15122,226,16892161,1431254,25069,124762,11392,289,6375083,621902,9805,346335,39972,448,0,0,0,0,0,0,0,0,0,0,0,0,0,0,0,0,0,0,0,0,420762,7459,0,0,0,3109355,143449,4986,15386,961,6810803,524795,10365,0,101396,20750,126,1492668,51250,2075,17114,1167,32,7126,240,3833537,884752,7188,1096322,123469,9714,2208,0,0,0,0,0,0,0,0,2558588,4857322,397679,7668,11049,282,11,10,0,0,1840,19,0,0,0,0,0,0,0,0,0,0,0,0,0,0,603379,38530,935,731952,39512,1339,4948,190,167108,4268,324,116773,4188,10,0,0,0,0,0,0,0,0,0,0,0,0,0,0,0,0,0,0,0,0,0,0,0,0,0,0,0,0,0,0,0,0,0,0,0,175356,4625,227,36,118,39,0,0,0,0,0,0,0,4281,108,6,0,0,0,0,0,0,0,0,0,0,0,0,0,0,0,0,0,0,0,0,0,0,0,0,0,0,0,0,0,0,0,0,0,0,0,0,0,0,0,0,0,0,0,0,0,0,0,0,0,0,0,0,0,0,0,0,0,0,0,0,0,0,0,0,0,0,0,0,0,0,0,0,0,0,0,0,0,0,0,0,0,0,0,0,0,0,0,0,0,0,0,0,0,0,0,0,0,0,0,0,0,0,0,0,0,0,0,0,0,0,0,0,0,0,0,0,0,0,0,0,0,0,0,0,0,0,0,0,0,0,0,0,0,0,0,0,0,0,0,0,0,0
"FRC2",117762902,2826108,1048467,3842,0,0,0,616081,20216,12025,28,2295166,933553,2765,0,0,0,298491,145895,364,68041,31415,76,0,0,0,0,0,0,0,0,0,0,0,0,0,0,0,0,0,0,0,0,174830,755,0,0,0,0,0,0,0,0,130061,26758,197,0,1716,158,0,15339260,14127763,35024,478386,383086,831,103412,79497,2671236,2209555,6248,381950,240737,83971,58704,0,0,0,0,0,0,0,0,0,11579,3121,12,35204,12071,61,190,1064,357,606,134,0,0,0,0,0,0,0,0,0,0,0,0,0,0,20544,9455,34,1080,828,4,0,0,175419,184582,463,0,0,0,0,0,0,0,0,0,0,0,0,0,0,0,0,0,0,0,0,0,0,0,0,0,0,0,0,0,0,0,0,0,0,0,0,0,0,0,0,0,0,0,0,0,0,0,0,0,0,0,0,0,0,0,0,0,0,0,0,0,0,0,0,0,0,0,0,0,0,0,0,0,0,0,0,0,0,0,0,0,0,0,0,0,0,0,0,0,0,0,0,0,0,0,0,0,0,0,0,0,0,0,0,0,0,0,0,0,0,0,0,0,0,0,0,0,0,0,0,0,0,0,0,0,0,0,0,0,0,0,0,0,0,0,0,0,0,0,0,0,0,0,0,0,0,0,0,0,0,0,2,0,0,0,0,0,0,0,0,0,0,0,0,0,0,0,0,0,0,0,0,0,0,0,0,0,0,0,0,0,0,0,0,0,0,0,0,0,0,0,0,0,0,0,0
"FRD1",113403590,8717036,2485624,21498,290441,63048,620,193438,69837,39192,134,6726185,2603424,17552,11573,5462,17,729036,299841,2317,87798,35718,149,16535,204517,139225,695,0,0,31568,138,9180,4097,20,637334,370421,1939,0,266163,946,89213,46769,186,59281,532,223674,44147,0,4326509,1197531,12791,8762,2263,14293922,13056833,57237,31234,98765,68579,211,0,0,0,0,0,0,0,0,0,0,0,0,0,0,0,0,43,28,0,10617,0,0,0,590420,2762445,2452273,11497,0,0,0,0,0,0,0,0,0,0,0,0,0,0,0,0,0,0,0,0,0,0,0,0,0,0,0,0,0,0,0,0,0,0,0,0,0,0,0,0,0,0,0,0,0,0,0,0,0,0,0,0,0,0,0,0,17451,106,829,388,1,17962,48,14134,6899,22,38,7809,0,0,0,413237,2380,0,20,0,0,0,0,0,0,0,0,0,3148,930,12,0,0,0,0,0,0,0,0,0,0,0,0,0,0,0,0,0,0,0,0,0,0,0,0,0,0,0,0,0,0,0,0,0,0,0,0,0,0,0,0,0,0,14664,13981,52,9397,7089,4559,0,0,0,0,0,0,0,0,0,0,0,0,0,0,0,0,0,0,0,0,0,0,0,0,0,0,0,0,0,0,0,0,0,0,0,0,0,0,312,255,0,0,0,0,0,0,0,0,0,0,11084,3868,1674,2,16,0,0,29,0,27,0,0,0,0,0,0,0,0,0,0,0,0,0,0,0,0,0,0,0,0,0,0,0,0,0,0,0,0,0,0,0,0,0,0
"FRD2",100621691,7240028,3405960,15086,206494,95150,389,432503,63487,27652,107,5731977,1332153,13265,60410,20329,138,392960,93569,1060,223278,71932,435,5958,204434,106602,477,279,212,5844,8,19496,12748,21,20690,5075,57,910,0,0,4321,2299,9,226901,1065,0,11071,0,1165423,760621,3210,2127,1469,99748,12009,243,3526,2115,48,3,0,0,0,0,0,0,0,0,0,0,0,0,0,0,0,0,0,0,0,5766,4,26,0,260109,11808,1492,38,0,0,0,0,0,0,0,0,0,0,0,0,0,0,0,0,0,0,0,0,0,0,0,0,0,0,0,0,0,0,0,0,0,0,0,0,0,0,0,0,0,0,0,0,0,0,0,0,0,0,0,0,0,0,0,0,1979,12,0,0,0,2775,4,36806,9927,46,6,2045,0,0,0,175790,658,0,15,0,0,0,0,0,0,0,0,0,14604,6638,33,0,0,0,0,0,0,0,0,0,0,0,0,0,0,0,0,0,0,0,0,0,0,0,0,0,0,0,0,0,0,0,0,0,0,0,0,0,0,0,0,0,0,0,0,0,0,0,0,0,0,0,0,0,0,0,0,0,0,0,0,0,0,0,0,0,0,0,0,0,0,0,0,0,0,0,0,0,0,0,0,0,0,0,0,0,0,1248,1312,0,0,0,0,0,0,0,0,0,0,0,52,125,0,0,0,0,0,0,0,0,0,0,0,0,0,0,0,0,0,0,0,0,0,0,0,0,0,0,0,0,0,0,0,0,0,0,0,0,0,0,0,0,0
"FRE1",101852697,8357058,3888114,12791,11056,8938,15,939986,323501,57700,412,2208643,864329,3300,709,453,5,206705,82545,239,135687,36901,242,4770,36368,8436,32,0,0,773,1,8580,1242,14,72407,14169,127,0,0,0,25045,3387,32,419970,1735,0,6204,12702,1591478,894383,3769,10202,2204,160026,70533,372,603,6534,2969,10,0,0,0,0,0,0,0,0,0,0,0,0,0,0,0,0,0,0,0,1021,0,0,0,1221292,102754,43997,308,0,0,0,0,0,0,0,0,0,0,0,0,0,0,0,0,0,0,0,0,0,0,0,0,0,0,0,0,0,0,0,0,0,0,0,0,0,0,0,0,0,0,0,0,0,0,0,0,0,0,0,0,0,0,0,0,554,12,0,0,0,1232,2,1823,483,3,5,159,0,0,0,665419,3063,0,15,0,0,0,0,0,0,0,0,0,341,139,0,0,0,0,0,0,0,0,0,0,0,0,0,0,0,0,0,0,0,0,0,0,0,0,0,0,0,0,0,0,0,0,0,0,0,0,0,0,0,0,0,0,0,0,0,0,0,0,0,0,0,0,0,0,0,0,0,0,0,0,0,0,0,0,0,0,0,0,0,0,0,0,0,0,0,0,0,0,0,0,0,0,0,0,0,0,0,0,0,0,0,0,0,0,0,0,0,0,0,0,0,0,0,0,0,0,0,0,0,0,0,0,0,0,0,0,0,0,0,0,0,0,0,0,0,0,0,0,0,0,0,0,0,0,0,0,0,0,0,0,0,0,0
"FRE2",174641822,10524219,3417571,16352,550883,130793,673,628382,235528,51026,289,1827229,658059,2768,23551,4007,25,30597,12907,42,148431,32840,227,0,26113,9318,45,591,284,0,0,2326,492,1,151983,55725,264,0,10,0,14166,1206,22,347672,1439,0,911,0,624984,269109,1595,3293,881,18160,6399,25,0,0,0,0,0,0,0,0,0,0,0,0,0,0,0,0,0,0,0,0,0,0,0,0,0,0,0,294506,10055,2990,13,0,0,0,0,0,0,0,0,0,0,0,0,0,0,0,0,0,0,0,0,0,0,0,0,0,0,0,0,0,0,0,0,0,0,0,0,0,0,0,0,0,0,0,0,0,0,0,0,0,0,0,0,0,0,0,0,32,0,0,0,0,4092,0,4,0,0,0,1391,0,0,0,144830,970,0,3,0,0,0,0,0,0,0,0,0,0,0,0,0,0,0,0,0,0,0,0,0,0,0,0,0,0,0,0,0,0,0,0,0,0,0,0,0,0,0,0,0,0,0,0,0,0,0,0,0,0,0,0,0,0,0,0,0,0,0,0,0,0,0,0,0,0,0,0,0,0,0,0,0,0,0,0,0,0,0,0,0,0,0,0,0,0,0,0,0,0,0,0,0,0,0,0,0,0,0,0,0,0,0,0,0,0,0,0,0,0,0,0,0,0,0,0,0,0,0,0,0,0,0,0,0,0,0,0,0,0,0,0,0,0,0,0,0,0,0,0,0,0,0,0,0,0,0,0,0,0,0,0,0,0
"FRF1",73276126,3153544,696834,4208,5619,1004,16,91189,22638,3912,23,2542660,859356,11739,0,0,0,22866,10034,20,237466,41448,2623,0,0,0,0,0,0,0,0,0,0,0,0,0,0,0,0,0,0,0,0,27684,76,0,0,0,9011,1950,7,0,0,1372,243,2,0,0,0,0,387562,128440,2663,34138,12402,65,3071,433,1214056,431462,37886,14389,7298,4623,3368,0,0,0,0,0,0,0,0,0,0,0,0,0,0,0,8,0,0,32,15,0,0,0,0,0,0,0,0,0,0,0,0,0,0,0,0,0,0,0,0,0,0,0,0,0,0,0,0,0,0,0,0,0,0,0,0,0,0,0,0,0,0,0,0,0,0,0,0,0,0,0,0,0,0,0,0,0,0,0,0,0,0,0,0,0,0,0,0,0,0,0,0,0,0,0,0,0,0,0,0,0,0,0,0,0,0,0,0,0,0,0,0,0,0,0,0,0,0,0,0,0,0,0,0,0,0,0,0,0,0,0,0,0,0,0,0,0,0,0,0,0,0,0,0,0,0,0,0,0,0,0,0,0,0,0,0,0,0,0,0,0,0,0,0,0,0,0,0,0,0,0,0,0,0,0,0,0,0,0,0,0,0,0,0,0,0,0,0,0,0,0,0,0,0,0,0,0,0,0,0,0,0,0,0,0,0,0,0,0,0,0,0,0,0,0,0,0,0,0,0,0,0,0,0,0,0,0,0,0,0,0,0,0,0,0,0,0,0,0,0,0
"FRF2",222524800,21040356,2707185,305556,1670737,255152,11705,1187276,285633,28159,1628,3339066,939620,8585,276999,54337,448,393123,158376,850,219252,40461,314,0,0,0,0,0,0,0,0,0,0,0,0,0,0,0,0,0,0,0,0,244991,1167,0,0,0,725184,195243,861,961,206,133966,40938,368,0,6756,3135,3,2771,1234,0,1371,85,0,0,0,65379,4081,1788,43954,2630,445,118,0,0,0,0,0,0,0,0,170522,74730,33188,175,0,0,0,0,0,0,1961,0,0,0,0,0,0,0,0,0,0,0,0,0,0,0,0,0,0,0,0,0,0,0,0,0,0,0,0,0,0,0,0,0,0,0,0,0,0,0,0,0,0,0,0,0,0,0,0,0,0,0,0,0,0,0,0,0,0,0,0,0,0,0,0,53498,184,0,0,0,0,0,0,0,0,0,0,0,0,0,0,0,0,0,0,0,0,0,0,0,0,0,0,0,0,0,0,0,0,0,0,0,0,0,0,0,0,0,0,0,0,0,0,0,0,0,0,0,0,0,0,0,0,0,0,0,0,0,0,0,0,0,0,0,0,0,0,0,0,0,0,0,0,0,0,0,0,0,0,0,0,0,0,0,0,0,0,0,0,0,0,0,0,0,0,0,0,0,0,0,0,0,0,0,0,0,0,0,0,0,0,0,0,0,0,0,0,0,0,0,0,0,0,0,0,0,0,0,0,0,0,0,0,0,0,0,0,0,0,0,0,0,0,0,0,0,0,0,0,0,0,0,0
"FRF3",190303591,27035471,5414095,52696,621184,55667,940,1791798,420037,49663,464,2800602,623628,10176,17916,1695,27,450244,290834,1572,206341,51830,555,0,0,0,0,0,0,0,0,0,0,0,0,0,0,0,0,0,0,0,0,655109,2159,0,0,0,370069,44465,364,11115,162,147797,30233,118,0,9265,1368,14,92801,19635,175,14835,3810,15,576,222,3117282,1126568,5800,515616,260083,21056,9312,0,0,0,0,0,0,0,0,32193,226,0,0,0,0,0,2,0,0,635,25,0,0,0,0,0,0,0,0,0,0,0,0,0,0,0,0,0,0,0,0,0,0,0,0,0,0,0,0,0,0,0,0,0,0,0,0,0,0,0,0,0,0,0,0,0,0,0,0,0,0,0,0,0,0,0,0,0,0,0,0,0,0,0,3282,21,0,7,0,0,0,0,0,0,0,0,0,307,108,0,0,0,0,0,0,0,0,0,0,0,0,0,0,0,0,0,0,0,0,0,0,0,0,0,0,0,0,0,0,0,0,0,0,0,0,0,0,0,0,0,0,0,0,0,0,0,0,0,0,0,0,0,0,0,0,0,0,0,0,0,0,0,0,0,0,0,0,0,0,0,0,0,0,0,0,0,0,0,0,0,0,0,0,0,0,0,0,0,0,0,0,0,0,0,0,0,0,0,0,0,0,0,0,0,0,0,0,0,0,0,0,0,0,0,0,0,0,0,0,0,0,0,0,0,0,0,0,0,0,0,0,0,0,0,0,0,0,0,0,0,0,0
"FRG0",238873182,10375174,1599579,19779,185591,23056,276,945392,86192,8927,106,18911726,6778083,43602,24762,4035,74,5613260,2569359,15710,438582,150145,874,6469,1919,3821,4,0,0,0,0,103,112,0,473865,291503,1281,0,143039,518,129791,76208,314,187944,2044,104924,11112,0,3184266,1260993,8017,40433,11160,13662538,7402610,40549,0,200899,99182,445,0,0,0,0,0,0,0,0,0,0,0,0,0,0,0,0,0,0,0,973,0,0,0,397419,5110098,3547668,18615,0,0,0,0,0,0,0,0,0,0,0,0,0,0,0,0,0,0,0,0,0,0,0,0,0,0,0,0,0,0,0,0,0,0,0,0,0,0,0,0,0,0,0,0,0,0,0,0,0,0,0,0,0,0,0,0,3844,19,103,0,0,2921,4,3885,2796,8,12,1961,0,0,0,165750,1227,0,57,0,0,0,0,0,0,0,263,0,2546,644,1,472,176,2,0,0,0,0,0,0,0,0,0,0,0,0,0,0,0,0,0,0,0,0,0,0,0,0,0,0,0,0,0,0,0,0,0,0,0,0,0,0,0,135,66,3,32,253,124,0,0,0,0,0,0,0,0,0,0,0,0,0,0,0,0,0,0,0,0,0,0,0,0,0,0,0,0,0,0,0,0,0,0,0,0,0,0,21,5,0,0,0,0,0,0,0,0,0,0,10,0,0,0,0,0,0,0,0,0,0,0,0,0,0,0,0,0,0,0,0,0,0,0,0,0,0,0,0,0,0,0,0,0,0,0,0,0,0,0,0,0,0,0
"FRH0",216739426,301337,255793,817,0,0,0,19839,12456,7734,15,10627603,5617426,21884,0,0,0,2710175,1467610,5631,364037,175899,646,36739,3454,2327,5,0,0,3083,6,562,188,2,434958,157143,921,0,266481,504,232420,61432,537,12521,31,95097,35604,3422,137902,114017,473,0,0,5318140,3523671,12474,1759,73758,40727,131,746674,359426,1673,92090,58308,241,41951,9397,8183195,3853870,16965,2136815,1113385,204865,50502,57204,1651,273,1,14308,0,0,0,23485,1786501,1201629,4548,0,0,0,89,0,0,4379,318,94794,18415,224,20551,2385,32,847480,341187,1954,15406,99,173310,36845,380,1422402,806756,3485,536822,381363,1387,9812,3734,119894,83856,257,61043,41327,11,33185,7101,53,1133,574,2,26336,5709,47,13669,2124,41,32574,8567,60,476,120,3739,255,14,6504,83,6734,1154,16,8548,12,43428,17785,116,90,1862,0,0,0,22864,87,144,0,701,187,7,0,0,714,2,0,0,0,0,0,0,0,0,0,6995,1460,71,2,0,309,84,1,102,26,0,8,0,0,0,0,0,0,0,0,0,0,0,0,0,0,0,0,0,0,0,0,0,0,0,0,0,0,1932,1308,6,0,816,78,89,0,0,0,0,0,0,0,0,0,0,0,0,0,0,0,0,0,0,0,0,0,0,0,0,0,0,0,0,0,0,0,0,0,0,0,0,0,4641,1367,0,0,0,0,0,0,0,0,0,0,0,3582,1353,10,11,0,0,0,0,0,0,0,0,0,0,0,0,0,0,0,0,0,0,0,0,0,0,0,0,0,0,0,0,0,0,0,0,0,0,0,0,0,0,0
"FRI1",333699730,26035650,5402432,38775,484062,94874,720,49921,75993,13022,94,18672215,3926288,28418,36838,6057,51,250976,136399,451,550310,107084,818,1293,31031,1937,56,0,0,0,0,468,84,0,277219,17945,654,0,3771,6,49469,3443,140,27128,81,0,642,0,1129,458,1,0,0,223944,57535,268,0,42,9,0,7832041,1936977,8715,74365,47317,118,341167,12654,8354320,3086367,11844,134618,132675,126817,15227,936,0,0,0,33,0,0,0,0,27939,9950,38,785,1057,2,452,125,107,252,170,7903,1953,8,1455,397,1,24194,1412,18,0,2,2074,250,3,2780564,805231,3346,4964,886,12,5022,1588,860107,265284,1170,1725,0,9,1472,123,1,0,0,0,1219,150,1,54,13,1,168,86,1,0,0,0,0,0,110,2,0,0,0,149,0,1063,11,2,4,111,0,0,0,0,0,1,0,674,63,0,0,0,0,0,0,0,0,0,0,0,0,0,0,0,0,0,0,0,0,0,0,0,0,0,0,0,0,0,0,0,0,0,0,0,0,0,0,0,0,0,0,0,0,0,0,0,0,0,0,0,0,0,0,0,0,0,0,0,0,0,0,0,0,0,0,0,0,0,0,0,0,0,0,0,0,0,0,0,0,0,0,0,0,0,0,0,0,0,0,0,0,0,0,0,0,0,0,0,0,0,0,0,0,0,0,0,0,0,0,0,0,0,0,0,0,0,0,0,0,0,0,0,0,0,0,0,0,0,0,0,0,0,0,0,0,0,0,0,0,0,0,0,0,0,0,0,0,0,0,0,0
"FRI2",104261773,792128,131731,1407,4499,402,4,120386,12264,1749,12,9974907,2389591,22342,501,13,2,4711962,1446805,13412,119675,23731,167,0,0,0,0,0,0,0,0,0,0,0,0,0,0,0,0,0,0,0,0,21667,395,0,0,0,104791,15375,251,86,32,13944674,3552286,32628,0,53943,9911,76,364650,69054,748,10538,12706,29,0,0,8868627,2345458,15362,2409192,909100,53347,15020,0,0,0,0,0,0,0,0,120006,6724058,2060379,18704,0,0,0,0,0,0,4492,78,0,0,0,0,0,0,0,0,0,0,0,0,0,0,2831339,845745,5409,837751,242248,1667,5045,1100,3,3,0,0,0,4,0,0,0,0,0,0,0,0,0,0,0,0,0,0,0,0,0,0,0,0,0,0,0,0,0,0,0,0,0,0,0,0,0,0,0,19652,311,0,0,0,0,0,0,0,0,0,0,0,0,0,0,0,0,0,0,0,0,0,0,0,0,0,0,0,0,0,0,0,0,0,0,0,0,0,0,0,0,0,0,0,0,0,0,0,0,0,0,0,0,0,0,0,0,0,0,0,0,0,0,0,0,0,0,0,0,0,0,0,0,0,0,0,0,0,0,0,0,0,0,0,0,0,0,0,0,0,0,0,0,0,0,0,0,0,0,0,0,0,0,0,0,0,0,0,0,0,0,0,0,0,0,0,0,0,0,0,0,0,0,0,0,0,0,0,0,0,0,0,0,0,0,0,0,0,0,0,0,0,0,0,0,0,0,0,0,0,0,0,0,0,0,0,0
"FRI3",215868547,14748955,2399159,25186,1528480,236727,2284,817791,247211,21071,328,10130211,1730564,22556,82950,22946,158,2259915,433157,7181,173455,20501,263,10241,143236,50106,255,3406,911,0,0,46941,13159,64,157141,44304,294,297,3,0,31844,10050,82,119678,2157,0,17020,0,1299295,366778,3629,5956,767,4044092,949852,11197,0,23700,3861,43,2841,928,7,23,111,0,0,0,97797,27684,185,3252,719,0,0,0,0,0,0,1681,5,5,0,11418,723990,223693,2252,0,0,0,0,0,0,5,0,0,0,0,0,0,0,0,0,0,0,0,0,0,0,0,0,0,0,0,0,0,0,0,0,0,0,0,0,0,0,0,0,0,0,0,0,0,0,0,0,0,0,0,0,0,0,0,0,2455,31,194,0,0,15066,23,7578,1459,9,21,3758,0,0,0,1558,23,0,20,0,0,0,0,0,0,0,0,0,12464,1876,18,289,136,0,0,0,0,0,0,0,0,0,0,0,0,0,0,0,0,0,0,0,0,0,0,0,0,0,0,0,0,0,0,0,0,0,0,0,0,0,0,0,0,0,0,0,0,0,0,0,0,0,0,0,0,0,0,0,0,0,0,0,0,0,0,0,0,0,0,0,0,0,0,0,0,0,0,0,0,0,0,0,0,0,0,0,0,0,0,0,0,0,0,0,0,0,0,0,0,0,0,0,0,0,0,0,0,0,0,0,0,0,0,0,0,0,0,0,0,0,0,0,0,0,0,0,0,0,0,0,0,0,0,0,0,0,0,0,0,0,0,0,0
"FRJ1",237244487,8262117,1204475,15001,3054505,309894,5336,8580,255354,6351,359,10830071,1854744,22052,979809,109057,1851,34652,6578,91,434621,38428,747,2934,7221,210,5,7211,110,0,0,1413,40,3,153583,9289,326,79251,0,0,55608,1866,97,4030,19,0,6511,0,51,239,0,0,0,13562,5159,53,0,0,0,0,3589686,139792,6979,1101,47,2,5583,417,6902670,757527,10921,116002,12926,74784,706,0,0,0,0,11,11,8196,192,0,79,51,0,930949,15885,1929,3,54513,2296,216,105,0,0,0,0,0,0,0,0,0,0,0,0,0,0,0,0,0,0,0,0,0,0,0,0,0,0,0,0,0,0,0,0,0,0,0,0,0,0,0,0,0,0,0,0,0,0,0,0,393,20,0,0,0,1246,3,832,22,1,22,31,292,1,0,0,0,0,0,0,0,0,0,0,0,0,0,0,0,0,0,0,0,0,0,0,0,0,0,0,0,0,0,0,0,0,0,0,0,0,0,0,0,0,0,0,0,0,0,0,0,0,0,0,0,0,0,0,0,0,0,0,0,0,0,0,0,0,0,0,0,0,0,0,0,0,0,0,0,0,0,0,0,0,0,0,0,0,0,0,0,0,0,0,0,0,0,0,0,0,0,0,0,0,0,0,0,0,0,0,0,0,0,0,0,0,0,0,123,0,0,0,0,0,89,0,0,2,0,0,0,0,0,0,0,0,0,0,0,0,0,0,0,0,0,0,0,0,0,0,0,0,0,0,0,0,0,0,0,0,0,0,0
"FRJ2",346236051,32978175,7472124,62143,2401313,340749,3523,136690,267088,20246,396,19835267,4596443,31550,215535,34355,321,239291,151094,547,875961,81325,1410,0,0,0,0,0,0,0,0,0,0,0,0,0,0,0,0,0,0,0,0,65188,367,0,0,0,1505898,595221,5138,4801,1661,1778887,569775,4902,0,7879,6749,23,6775696,721540,12315,32159,11351,101,449561,5053,10566108,1744778,17394,504906,295306,1068947,15721,0,0,0,0,0,0,0,0,40489,134808,77551,660,404822,42872,837,647,6040,523,1362,1886,0,0,0,0,0,0,0,0,0,0,0,0,0,0,6696635,2847319,18869,1147319,666800,4499,13806,5079,585480,262991,1943,129205,69221,18,0,0,0,0,0,0,0,0,0,0,0,0,0,0,0,0,0,0,0,0,0,0,0,0,0,0,0,0,0,0,0,0,0,0,0,23053,127,604,8,6531,1581,8,0,0,0,0,0,0,36645,12850,112,12638,3433,23,0,0,0,0,0,0,0,0,0,0,0,0,0,0,0,0,0,0,0,0,0,0,0,0,0,0,0,0,0,0,0,0,0,0,0,0,0,0,0,0,0,0,0,0,0,0,0,0,0,0,0,0,0,0,0,0,0,0,0,0,0,0,0,0,0,0,0,0,0,0,0,0,0,0,13148,3809,11155,21,0,0,0,0,0,0,0,34,0,0,0,0,0,0,0,0,6,0,0,0,0,0,0,0,0,0,0,4260,0,0,0,0,0,0,0,0,0,0,0,0,0,0,0,0,0,0,0,0,0,0,0,0,0,0,0,0,0,0,0,0,0
"FRK1",156736949,4308964,1323289,9702,64670,27292,124,1280517,50634,15168,83,15075448,4317762,33112,31399,8791,48,5690060,1422955,14643,121760,40308,188,0,0,0,0,0,0,0,0,0,0,0,0,0,0,0,0,0,0,0,0,232707,3376,0,0,0,1119229,289588,2692,6713,4124,7241085,2062560,17650,0,87167,31674,181,692237,283694,1875,163196,109078,483,969,499,21060613,6532678,34119,4667738,2521321,64449,18751,0,0,0,0,0,0,0,0,901723,6380587,1208153,16013,351,144,0,3,484,152,11673,116,0,0,0,0,0,0,0,0,0,0,0,0,0,0,6339897,3702923,17259,2182165,1631729,8449,21873,11599,421350,270568,1546,348719,220279,33,0,0,0,0,0,0,0,0,0,0,0,0,0,0,0,0,0,0,0,0,0,0,0,0,0,0,0,0,0,0,0,0,0,0,0,172531,2303,1353,12,3568,2180,9,0,0,0,0,0,0,174,98,0,0,0,0,0,0,0,0,0,0,0,0,0,0,0,0,0,0,0,0,0,0,0,0,0,0,0,0,0,0,0,0,0,0,0,0,0,0,0,0,0,0,0,0,0,0,0,0,0,0,0,0,0,0,0,0,0,0,0,0,0,0,0,0,0,0,0,0,0,0,0,0,0,0,0,0,0,0,0,0,0,0,0,0,0,0,0,0,0,0,0,0,0,0,0,0,0,0,2,0,0,0,0,0,0,0,0,0,0,0,0,0,0,0,0,0,0,0,0,0,0,0,0,0,0,0,0,0,0,0,0,0,0,0,0,0,0,0,0,0,0,0,0
"FRK2",335939769,7219947,1467376,10542,869158,232217,1562,231430,153524,20728,173,17241251,2635039,24493,205177,98083,345,1524279,266001,2370,681952,123478,872,0,0,0,0,0,0,0,0,0,0,0,5558,21209,46,0,0,0,154,492,0,31844,393,0,0,0,1222083,117727,1857,10895,2072,1364393,131851,1917,0,32716,1886,45,28035418,6074172,39100,150089,93895,279,1720690,52845,26806322,5133639,41077,1643479,235840,1382330,98948,0,0,0,0,0,0,0,0,973386,942274,101183,1433,902792,203144,1551,2337,64855,39484,2639,1925,2537,4599,16,0,0,0,7421,12991,41,0,0,3,1,0,1699386,129797,2342,945923,63185,1104,444,36,12403,1800,18,18432,633,0,0,0,0,0,0,0,0,0,0,0,0,0,0,0,0,0,0,0,0,0,0,0,0,0,0,0,0,0,0,0,0,0,0,0,0,74647,1550,23,11,0,0,0,0,0,0,0,0,0,0,0,0,0,0,0,0,0,0,0,0,0,0,0,0,0,0,0,0,0,0,0,0,0,0,0,0,0,0,0,0,0,0,0,0,0,0,0,0,0,0,0,0,0,0,0,0,0,0,0,0,0,0,0,0,0,0,0,0,0,0,0,0,0,0,0,0,0,0,0,0,0,0,0,0,0,0,0,0,0,0,0,0,0,0,0,0,0,0,0,0,0,0,0,0,0,0,0,0,0,150,0,0,0,0,0,0,0,0,0,0,0,0,0,0,0,0,0,0,0,0,0,0,0,0,0,0,0,0,0,0,0,0,0,0,0,0,0,0,0,0,0,0,0,0
"FRL0",272094610,10312613,1313040,15330,4085514,712950,7249,3,754678,31618,860,7214830,2591263,14159,1821118,651050,3286,0,0,0,594738,101917,1077,5547,12279,3425,12,7410,1047,0,0,5567,1293,7,198927,11870,382,5116,0,0,89256,8861,155,0,0,0,4840,717,0,0,0,0,0,0,0,0,0,0,0,0,8721815,163206,10195,0,0,0,1194244,5009,4192369,23736,5742,0,0,614864,1482,0,0,0,0,625,15,2078,15,0,0,0,0,796007,34672,1514,1340,426,235,0,782,0,0,0,0,0,0,0,0,0,0,0,0,0,0,0,0,0,0,0,0,0,0,0,0,0,0,0,0,0,0,0,0,0,0,0,0,0,0,0,0,0,0,0,0,0,0,0,0,670,13,107,8,0,524,1,21,12,0,3,89,0,0,0,0,0,0,0,0,0,0,0,0,1174,2,661,0,0,0,0,0,0,0,0,0,0,0,0,0,0,0,0,0,0,0,0,49,0,0,0,0,0,0,0,0,0,0,0,0,0,0,0,0,0,0,0,0,0,0,0,0,0,0,0,0,0,0,0,1,0,0,0,0,0,0,0,0,0,0,0,0,0,0,0,0,0,0,0,0,0,0,0,0,0,0,0,0,0,0,0,0,0,0,0,0,0,0,0,0,0,0,0,0,0,0,0,0,0,0,0,0,0,0,0,0,0,0,0,0,0,0,0,0,0,0,0,0,0,0,0,0,0,0,0,0,0,0,0,0,0,0,0,0,0,0,0,0,0,0,0,0,0
"FRM0",81336623,402289,65829,1477,0,0,0,20,11585,1847,59,3506339,897646,30193,254,271,7,19198,5866,102,340673,64729,2736,1927,24401,3943,1058,0,0,724,1,1376,236,82,337787,76232,5642,0,1996,51,99086,36669,2972,6,0,322,5528,668,0,0,0,0,0,0,0,0,52,0,0,0,0,0,0,0,0,0,0,0,0,0,0,0,0,0,0,0,35,9,11,884,0,0,0,0,0,0,0,0,0,0,0,0,0,0,0,0,0,0,0,0,0,0,0,0,0,0,0,0,0,0,0,0,0,0,0,0,0,0,0,0,0,0,0,0,0,0,0,0,0,0,0,0,0,0,0,0,0,0,0,0,0,0,0,1412,146,611,40,2,633,4,3577,958,47,29,40,0,0,0,0,0,0,0,0,0,0,0,0,0,0,0,0,0,0,0,0,0,0,0,0,0,0,0,0,0,0,0,0,0,0,0,0,0,0,0,0,0,0,0,0,0,0,0,0,0,0,0,0,0,0,0,0,0,0,0,0,0,0,0,0,0,0,0,0,0,0,0,0,0,0,0,0,0,0,0,0,0,0,0,0,0,0,0,0,0,0,0,0,0,0,0,0,0,0,0,0,0,0,0,0,0,0,0,0,0,0,0,0,0,0,0,0,0,0,3,0,0,0,0,0,0,0,0,0,0,0,0,0,0,0,0,0,0,0,0,0,0,0,0,0,0,0,0,0,0,0,0,0,0,0,0,0,0,0,0,0,0
"HR02",204783383,0,0,0,0,0,0,0,238647,79383,504,48000,20954,100,0,0,0,0,0,0,12610710,4616102,49960,0,0,0,0,0,0,0,0,0,0,0,0,0,0,0,0,0,0,0,0,0,0,0,0,0,0,0,0,0,0,0,0,0,0,0,0,0,135892,51318,358,6036,766,5,4623912,641593,8153,8997,23,766,2098,3424352,677885,0,0,0,0,0,0,0,0,0,0,0,0,0,0,0,9606,0,0,1,7623,0,0,0,0,0,0,0,0,0,0,0,0,0,0,0,0,0,0,0,0,0,0,0,0,0,0,0,0,0,0,0,0,0,0,0,0,0,0,0,0,0,0,0,0,0,0,0,0,0,0,0,0,0,0,0,0,0,0,0,0,0,0,0,0,0,0,0,0,0,0,0,0,0,0,0,0,0,0,0,0,0,0,0,0,0,0,0,0,0,0,0,0,0,0,0,0,0,0,0,0,0,0,0,0,0,0,0,0,0,0,0,0,0,0,0,0,0,0,0,0,0,0,0,0,0,0,0,0,0,0,0,0,0,0,0,0,0,0,0,0,0,0,0,0,0,0,0,0,0,0,0,0,0,0,0,0,0,0,0,0,0,0,0,0,0,0,0,0,0,0,0,0,0,0,0,0,0,0,0,0,0,0,0,0,0,0,0,0,0,0,0,0,0,0,0,0,0,0,0,0,0,0,0,0,0,0,0,0,0,0,0,0,0,0,0,0,0,0,0,0,0
"HR03",196893042,0,0,0,0,0,0,0,909986,110838,7133,0,0,0,0,0,0,0,0,0,5742,58,17,35876,0,0,0,0,0,0,0,195568,10895,656,0,0,0,0,0,0,22442,173,68,0,0,0,199151,22826,0,0,0,0,0,0,0,0,0,0,0,0,345400,10061,527,837,96,1,40718539,3131530,11048,1163,21,3219,171,888491,33984,0,9,0,0,1447,0,0,0,0,0,0,0,5877,382,17,215194,1188,393,2,1579,0,0,0,1604464,73533,10655,0,0,0,0,0,161010,4321,1089,0,0,0,0,0,0,0,0,0,0,0,0,0,0,0,0,0,0,0,0,130722,15471,439,0,0,0,468870,18425,4184,0,0,0,0,0,3734,420,13944,1669,41,0,0,0,0,0,56,0,0,0,0,0,0,0,0,0,0,0,0,0,625,0,0,0,0,0,0,0,0,0,0,0,0,0,0,0,0,0,0,0,0,0,0,0,0,0,0,0,0,0,0,0,0,0,0,0,0,0,0,0,0,0,0,0,0,0,0,0,0,0,0,0,0,0,0,0,0,0,0,0,0,0,0,0,0,0,0,0,0,0,0,0,0,0,0,0,0,0,0,0,0,0,0,0,0,0,0,0,0,0,0,0,0,0,0,0,0,0,0,0,0,0,0,0,4,0,0,0,0,0,0,0,0,0,0,0,0,0,0,0,0,0,0,0,0,0,0,0,0,0,0,0,0,0,0,0,0,0,0,0,0,0,0,0,0,0,0,0,0
"HR05",5129358,0,0,0,0,0,0,0,1353,507,5,0,0,0,0,0,0,0,0,0,415527,177885,946,0,0,0,0,0,0,0,0,0,0,0,0,0,0,0,0,0,0,0,0,0,0,0,0,0,0,0,0,0,0,0,0,0,0,0,0,0,0,0,0,0,0,0,55917,9645,0,0,0,0,0,449080,178061,0,0,0,0,0,0,0,0,0,0,0,0,0,0,0,137,0,0,0,1006,0,0,0,0,0,0,0,0,0,0,0,0,0,0,0,0,0,0,0,0,0,0,0,0,0,0,0,0,0,0,0,0,0,0,0,0,0,0,0,0,0,0,0,0,0,0,0,0,0,0,0,0,0,0,0,0,0,0,0,0,0,0,0,0,0,0,0,0,0,0,0,0,0,0,0,0,0,0,0,0,0,0,0,0,0,0,0,0,0,0,0,0,0,0,0,0,0,0,0,0,0,0,0,0,0,0,0,0,0,0,0,0,0,0,0,0,0,0,0,0,0,0,0,0,0,0,0,0,0,0,0,0,0,0,0,0,0,0,0,0,0,0,0,0,0,0,0,0,0,0,0,0,0,0,0,0,0,0,0,0,0,0,0,0,0,0,0,0,0,0,0,0,0,0,0,0,0,0,0,0,0,0,0,0,0,0,0,0,0,0,0,0,0,0,0,0,0,0,0,0,0,0,0,0,0,0,0,0,0,0,0,0,0,0,0,0,0,0,0,0,0
"HR06",65390646,508,361,16,0,0,0,39,379875,87041,821,136942,96726,363,0,0,0,551,154,0,6408177,2639122,14095,0,0,0,0,0,0,0,0,0,0,0,0,0,0,0,0,0,0,0,0,2,0,0,0,0,0,0,0,0,0,0,0,0,0,55863,67312,154,78323,21418,146,372,44,0,548991,107064,129820,75608,348,10524,4032,3221506,819444,0,0,0,0,0,0,0,0,0,0,0,0,0,0,0,1038,0,0,24,6855,0,0,0,0,0,0,0,0,0,0,0,0,0,0,0,0,0,0,0,0,0,0,0,0,0,0,0,0,0,0,0,0,0,0,0,0,0,0,0,0,0,0,0,0,0,0,0,0,0,0,0,0,0,0,0,0,0,0,0,0,0,0,0,0,0,0,0,0,0,0,0,0,0,0,0,0,0,0,0,0,0,0,0,0,0,0,0,0,0,0,0,0,0,0,0,0,0,0,0,0,0,0,0,0,0,0,0,0,0,0,0,0,0,0,0,0,0,0,0,0,0,0,0,0,0,0,0,0,0,0,0,0,0,0,0,0,0,0,0,0,0,0,0,0,0,0,0,0,0,0,0,0,0,0,0,0,0,0,0,0,0,0,0,0,0,0,0,0,0,0,0,0,0,0,0,0,0,0,0,0,0,0,0,0,0,0,0,0,0,0,0,0,0,0,0,0,0,0,0,0,0,0,0,0,0,0,0,0,0,0,0,0,0,0,0,0,0,0,0,0,0
"HU11",4616392,84628,13551,88,0,0,0,190,10905,3417,6,319388,74112,391,0,0,0,0,0,0,114669,23023,110,0,0,0,0,0,0,0,0,0,0,0,0,0,0,0,0,0,0,0,0,55,0,0,0,0,0,0,0,0,0,0,0,0,0,0,0,0,0,0,0,0,0,0,0,0,0,0,0,0,0,0,0,0,0,0,0,0,0,0,0,0,0,0,0,0,0,0,0,0,0,0,0,0,0,0,0,0,0,0,0,0,0,0,0,0,0,0,0,0,0,0,0,0,0,0,0,0,0,0,0,0,0,0,0,0,0,0,0,0,0,0,0,0,0,0,0,0,0,0,0,0,0,0,0,0,0,0,0,0,0,0,0,0,0,0,0,0,0,0,0,0,0,0,0,0,0,0,0,0,0,0,0,0,0,0,0,0,0,0,0,0,0,0,0,0,0,0,0,0,0,0,0,0,0,0,0,0,0,0,0,0,0,0,0,0,0,0,0,0,0,0,0,0,0,0,0,0,0,0,0,0,0,0,0,0,0,0,0,0,0,0,0,0,0,0,0,0,0,0,0,0,0,0,0,0,0,0,0,0,0,0,0,0,0,0,0,0,0,0,0,0,0,0,0,0,0,0,0,0,0,0,0,0,0,0,0,0,0,0,0,0,0,0,0,0,0,0,0,0,0,0,0,0,0,0,0,0,0,0,0,0,0,0,0,0,0,0,0,0,0,0,0,0
"HU12",53060415,814994,166406,1212,0,0,0,13234,43069,8629,52,7722288,1678113,10094,0,0,0,50169,2777,72,270613,46927,415,0,0,0,0,0,0,0,0,0,0,0,0,0,0,0,0,0,0,0,0,344,19,0,0,0,0,0,0,0,0,0,0,0,0,0,0,0,0,0,0,0,0,0,0,0,0,0,0,0,0,0,0,0,0,0,0,0,0,0,0,0,0,0,0,0,0,0,0,0,0,0,0,0,0,0,0,0,0,0,0,0,0,0,0,0,0,0,0,0,0,0,0,0,0,0,0,0,0,0,0,0,0,0,0,0,0,0,0,0,0,0,0,0,0,0,0,0,0,0,0,0,0,0,0,0,0,0,0,0,0,0,0,0,0,0,0,0,0,0,0,0,0,0,0,0,0,0,0,0,0,0,0,0,0,0,0,0,0,0,0,0,0,0,0,0,0,0,0,0,0,0,0,0,0,0,0,0,0,0,0,0,0,0,0,0,0,0,0,0,0,0,0,0,0,0,0,0,0,0,0,0,0,0,0,0,0,0,0,0,0,0,0,0,0,0,0,0,0,0,0,0,0,0,0,0,0,0,0,0,0,0,0,0,0,0,0,0,0,0,0,0,0,0,0,0,0,0,0,0,0,0,0,0,0,0,0,0,0,0,0,0,0,0,0,0,0,0,0,0,0,0,0,0,0,0,0,0,0,0,0,0,0,0,0,0,0,0,0,0,0,0,0,0
"HU21",93503978,4157083,643250,6015,289,94,0,23234,72806,10697,175,9050976,2683243,13256,228,11,0,12834,6022,16,416105,83536,760,0,46825,11372,93,0,0,0,0,37,29,0,96906,16903,215,0,0,0,2882,332,3,1982,16,0,0,0,0,0,0,0,0,0,0,0,0,0,0,0,0,0,0,0,0,0,0,0,0,0,0,0,0,0,0,0,0,0,0,0,0,0,0,0,0,0,0,0,0,0,0,0,0,0,0,0,0,0,0,0,0,0,0,0,0,0,0,0,0,0,0,0,0,0,0,0,0,0,0,0,0,0,0,0,0,0,0,0,0,0,0,0,0,0,0,0,0,0,0,0,0,0,0,0,0,0,0,0,0,0,0,0,0,0,0,0,0,0,0,0,0,0,0,0,0,0,0,0,0,0,0,0,0,0,0,0,0,0,0,0,0,0,0,0,0,0,0,0,0,0,0,0,0,0,0,0,0,0,0,0,0,0,0,0,0,0,0,0,0,0,0,0,0,0,0,0,0,0,0,0,0,0,0,0,0,0,0,0,0,0,0,0,0,0,0,0,0,0,0,0,0,0,0,0,0,0,0,0,0,0,0,0,0,0,0,0,0,0,0,0,0,0,0,0,0,0,0,0,0,0,0,0,0,0,0,0,0,0,0,0,0,0,0,0,0,0,0,0,0,0,0,0,0,0,0,0,0,0,0,0,0,0,0,0,0,0,0,0,0,0,0,0,0,0,0,0
"HU22",99465405,1357597,435319,2520,0,0,0,380,19920,5818,46,8229481,3467383,14423,0,0,0,7930,1069,13,205677,67969,370,0,0,0,0,0,0,0,0,0,0,0,0,0,0,0,0,0,0,0,0,31,0,0,0,0,0,0,0,0,0,0,0,0,0,0,0,0,0,0,0,0,0,0,0,0,0,0,0,0,0,0,0,0,0,0,0,0,0,0,0,0,0,0,0,0,0,0,0,0,0,0,0,0,0,0,0,0,0,0,0,0,0,0,0,0,0,0,0,0,0,0,0,0,0,0,0,0,0,0,0,0,0,0,0,0,0,0,0,0,0,0,0,0,0,0,0,0,0,0,0,0,0,0,0,0,0,0,0,0,0,0,0,0,0,0,0,0,0,0,0,0,0,0,0,0,0,0,0,0,0,0,0,0,0,0,0,0,0,0,0,0,0,0,0,0,0,0,0,0,0,0,0,0,0,0,0,0,0,0,0,0,0,0,0,0,0,0,0,0,0,0,0,0,0,0,0,0,0,0,0,0,0,0,0,0,0,0,0,0,0,0,0,0,0,0,0,0,0,0,0,0,0,0,0,0,0,0,0,0,0,0,0,0,0,0,0,0,0,0,0,0,0,0,0,0,0,0,0,0,0,0,0,0,0,0,0,0,0,0,0,0,0,0,0,0,0,0,0,0,0,0,0,0,0,0,0,0,0,0,0,0,0,0,0,0,0,0,0,0,0,0,0,0
"HU23",126910706,833348,209359,1438,0,0,0,1203,12568,5105,27,10387763,3185039,17235,0,0,0,79,19,0,264984,78081,425,0,10072,593,23,0,0,0,0,1492,10,3,30741,3911,57,0,0,0,5310,200,10,4,2,0,0,0,0,0,0,0,0,0,0,0,0,0,0,0,0,0,0,0,0,0,0,0,0,0,0,0,0,0,0,0,0,0,0,0,0,0,0,0,0,0,0,0,0,0,0,0,0,0,0,0,0,0,0,0,0,0,0,0,0,0,0,0,0,0,0,0,0,0,0,0,0,0,0,0,0,0,0,0,0,0,0,0,0,0,0,0,0,0,0,0,0,0,0,0,0,0,0,0,0,0,0,0,0,0,0,0,0,0,0,0,0,0,0,0,0,0,0,0,0,0,0,0,0,0,0,0,0,0,0,0,0,0,0,0,0,0,0,0,0,0,0,0,0,0,0,0,0,0,0,0,0,0,0,0,0,0,0,0,0,0,0,0,0,0,0,0,0,0,0,0,0,0,0,0,0,0,0,0,0,0,0,0,0,0,0,0,0,0,0,0,0,0,0,0,0,0,0,0,0,0,0,0,0,0,0,0,0,0,0,0,0,0,0,0,0,0,0,0,0,0,0,0,0,0,0,0,0,0,0,0,0,0,0,0,0,0,0,0,0,0,0,0,0,0,0,0,0,0,0,0,0,0,0,0,0,0,0,0,0,0,0,0,0,0,0,0,0,0,0,0
"HU31",109427562,3348544,242823,4583,0,0,0,150978,29200,591,60,17779356,2506698,21212,0,0,0,406632,32899,452,272805,55081,415,0,0,0,0,0,0,0,0,0,0,0,0,0,0,0,0,0,0,0,0,3411,168,0,0,0,0,0,0,0,0,0,0,0,0,0,0,0,0,0,0,0,0,0,0,0,0,0,0,0,0,0,0,0,0,0,0,0,0,0,0,0,0,0,0,0,0,0,0,0,0,0,0,0,0,0,0,0,0,0,0,0,0,0,0,0,0,0,0,0,0,0,0,0,0,0,0,0,0,0,0,0,0,0,0,0,0,0,0,0,0,0,0,0,0,0,0,0,0,0,0,0,0,0,0,0,0,0,0,0,0,0,0,0,0,0,0,0,0,0,0,0,0,0,0,0,0,0,0,0,0,0,0,0,0,0,0,0,0,0,0,0,0,0,0,0,0,0,0,0,0,0,0,0,0,0,0,0,0,0,0,0,0,0,0,0,0,0,0,0,0,0,0,0,0,0,0,0,0,0,0,0,0,0,0,0,0,0,0,0,0,0,0,0,0,0,0,0,0,0,0,0,0,0,0,0,0,0,0,0,0,0,0,0,0,0,0,0,0,0,0,0,0,0,0,0,0,0,0,0,0,0,0,0,0,0,0,0,0,0,0,0,0,0,0,0,0,0,0,0,0,0,0,0,0,0,0,0,0,0,0,0,0,0,0,0,0,0,0,0,0,0,0,0
"HU32",143939576,8938,118,10,0,0,0,705,3,35,0,26359467,5999251,22225,0,0,0,51223,3917,31,664710,174179,1004,0,0,0,0,0,0,0,0,0,0,0,0,0,0,0,0,0,0,0,0,0,0,0,0,0,0,0,0,0,0,0,0,0,0,0,0,0,0,0,0,0,0,0,0,0,0,0,0,0,0,0,0,0,0,0,0,0,0,0,0,0,0,0,0,0,0,0,0,0,0,0,0,0,0,0,0,0,0,0,0,0,0,0,0,0,0,0,0,0,0,0,0,0,0,0,0,0,0,0,0,0,0,0,0,0,0,0,0,0,0,0,0,0,0,0,0,0,0,0,0,0,0,0,0,0,0,0,0,0,0,0,0,0,0,0,0,0,0,0,0,0,0,0,0,0,0,0,0,0,0,0,0,0,0,0,0,0,0,0,0,0,0,0,0,0,0,0,0,0,0,0,0,0,0,0,0,0,0,0,0,0,0,0,0,0,0,0,0,0,0,0,0,0,0,0,0,0,0,0,0,0,0,0,0,0,0,0,0,0,0,0,0,0,0,0,0,0,0,0,0,0,0,0,0,0,0,0,0,0,0,0,0,0,0,0,0,0,0,0,0,0,0,0,0,0,0,0,0,0,0,0,0,0,0,0,0,0,0,0,0,0,0,0,0,0,0,0,0,0,0,0,0,0,0,0,0,0,0,0,0,0,0,0,0,0,0,0,0,0,0,0,0,0
"HU33",152064067,133,49,1,0,0,0,0,0,0,0,24998024,5684862,27519,0,0,0,2140,101,2,450848,125683,616,0,0,0,0,0,0,0,0,0,0,0,0,0,0,0,0,0,0,0,0,0,0,0,0,0,0,0,0,0,0,0,0,0,0,0,0,0,0,0,0,0,0,0,0,0,0,0,0,0,0,0,0,0,0,0,0,0,0,0,0,0,0,0,0,0,0,0,0,0,0,0,0,0,0,0,0,0,0,0,0,0,0,0,0,0,0,0,0,0,0,0,0,0,0,0,0,0,0,0,0,0,0,0,0,0,0,0,0,0,0,0,0,0,0,0,0,0,0,0,0,0,0,0,0,0,0,0,0,0,0,0,0,0,0,0,0,0,0,0,0,0,0,0,0,0,0,0,0,0,0,0,0,0,0,0,0,0,0,0,0,0,0,0,0,0,0,0,0,0,0,0,0,0,0,0,0,0,0,0,0,0,0,0,0,0,0,0,0,0,0,0,0,0,0,0,0,0,0,0,0,0,0,0,0,0,0,0,0,0,0,0,0,0,0,0,0,0,0,0,0,0,0,0,0,0,0,0,0,0,0,0,0,0,0,0,0,0,0,0,0,0,0,0,0,0,0,0,0,0,0,0,0,0,0,0,0,0,0,0,0,0,0,0,0,0,0,0,0,0,0,0,0,0,0,0,0,0,0,0,0,0,0,0,0,0,0,0,0,0,0,0,0,0
"IE04",92526713,445793,45761,711,0,0,0,15458,14902,921,10,6776,153,8,0,0,0,11,1,0,3959,80,3,0,0,0,0,0,0,0,0,0,0,0,0,0,0,0,0,0,0,0,0,1198,18,0,0,36698,2036772,230098,3558,16367,922,803329,202340,12330,0,5246,309,8,30544241,892546,53516,1976639,37185,8279,636847,21766,31066628,248300,38041,3914597,31302,1105636,10875,228212,23747,633,18,0,0,0,0,98863,66276,13739,274,0,0,0,693,0,0,4554,1074,2561589,142029,2985,834346,44995,858,3227064,76393,3590,1867,313,1642885,30685,1651,23700336,1016781,35158,908287,42807,5208,309869,14378,51842073,2511880,59835,754225,35290,284,36713,402,14,1628,26,0,53381,877,26,22133,687,23,90779,1767,47,65045,2238,457,10,1,0,0,5350,11,4,0,0,0,0,0,0,0,0,0,0,10551,100,887,7,317546,24430,321,0,0,210,0,18753,6,0,0,0,0,0,0,81,11130,384,0,0,0,14032,166,5,2690,0,1,14,107,0,0,0,0,0,0,0,0,0,0,0,0,0,0,0,0,0,0,0,0,0,0,0,0,0,0,0,0,0,0,0,0,0,0,0,0,0,0,0,0,0,0,0,0,0,0,0,0,0,0,0,0,0,0,0,0,0,0,0,0,0,0,0,0,0,0,0,0,0,0,0,0,0,0,0,0,0,0,0,0,0,0,0,0,0,0,0,0,0,0,0,0,0,0,0,0,0,0,0,0,0,0,0,0,0,0,0,0,0,0,0,0,0,0,0,0,0,0,0,0,0,0,0,0,0
"IE05",100062092,289160,68367,474,188,62,5,8957,14692,7447,16,576573,187757,1167,3332,1047,2,2082,623,8,44819,8571,40,2453,75007,24476,136,0,0,1627,8,26916,6124,22,126537,56125,356,0,11895,62,75677,28236,175,348,16,9296,3153,17728,14095956,1935714,21128,41825,7833,2686682,791876,5517,187,21219,5184,40,5504524,587975,7884,48136,2295,102,629251,42498,23903487,1313277,28020,1551216,51580,725632,72348,259953,17534,732,15,5,0,0,0,426046,46501,22018,197,0,0,0,885,0,0,1612,859,1154368,193015,1309,357424,76920,375,4992642,1140231,7627,16993,558,1695573,279649,2466,70751514,13617079,107796,1622243,160192,2334,555791,121097,34811788,6481598,53168,1177611,91917,730,19773,2351,27,25,0,0,28704,1992,24,16564,1852,6,42127,2480,22,7374,74,630,0,0,103,1,4421,224,0,88,0,3019,13,4,0,25,0,0,0,20840,720,1936,54,453569,93724,575,197,0,152,0,3419,0,1739,213,3,5288,540,3,16,39807,8780,366,24,2,21732,3390,10,743,37,2,33,266,0,0,0,0,0,0,0,0,0,0,0,0,0,0,0,0,0,0,0,0,0,0,0,0,0,0,0,0,0,272,0,0,0,0,0,0,0,0,0,0,0,0,0,0,0,0,0,0,0,0,0,0,0,0,0,0,0,0,0,0,0,0,0,0,0,0,0,0,0,0,0,0,0,0,0,0,0,0,0,0,0,0,0,0,0,0,0,0,0,0,0,0,0,0,0,0,0,0,0,0,0,0,0,0,0,0,0,0,0,0,0,0,0,0,0,0,0,0,0,0,0,0,0,0,0
"IE06",61286605,5801672,892489,10682,10824,3466,15,74340,244525,36365,298,1119063,237561,2210,6255,1713,4,7003,550,11,74799,10953,1152,3110,21413,5553,28,0,0,0,0,72374,7145,76,352199,78829,613,0,10583,17,179526,30031,808,9720,132,1071,5402,0,30954774,3735719,81560,141685,11608,7660233,1753170,15849,0,93989,27673,187,415836,33271,787,3753,0,1,23941,1502,2358364,74290,148194,96191,2148,23248,387,0,0,0,0,416,0,0,0,1425110,186778,32408,635,0,0,0,35,0,0,140,38,98234,20113,654,35089,9732,25,21097,2574,462,0,0,3364,216,3,11089941,1395023,88310,508486,45763,780,83900,5019,10445187,537948,21579,119540,3353,108,26,0,0,0,0,0,300,13,0,6,0,0,214,0,1,0,0,0,0,0,253,28,0,0,0,100,0,2790,50,109,26,117,0,0,0,111566,3784,190,252,27473,1909,53,0,0,0,0,0,0,19985,6653,41,7927,4903,8,0,0,0,0,0,0,0,0,0,0,0,0,0,0,0,0,0,0,0,0,0,0,0,0,0,0,0,0,0,0,0,0,0,0,0,0,0,0,0,0,0,0,0,123,8,0,0,0,0,0,0,0,0,0,0,0,0,0,0,0,0,0,0,0,0,0,0,0,0,0,0,0,0,0,441,122,0,0,0,0,0,0,0,6,21,2,0,0,0,0,0,0,0,0,0,0,0,0,0,0,0,0,0,0,0,0,0,0,0,0,0,0,0,0,0,0,0,0,0,0,0,0,0,0,0,0,0,0,0,0,0,0,0,0,0,0,0,0,0
"ITC1",207805263,2597900,2454028,6516,33650,76839,274,166,65986,5880,75,8072756,4628919,13749,25794,45553,113,305,5615,4,231474,175881,442,0,0,0,0,0,0,0,0,0,0,0,0,0,0,0,0,0,0,0,0,173,0,0,0,0,64571,502707,857,293,3080,278656,3747387,5831,0,11738,61894,57,2582226,1211751,5775,4759,7447,10,47677,6821,15010817,3014562,21105,62368,243923,644400,93628,0,0,0,0,0,0,0,0,2,1135,25074,28,21521,39992,161,34,624,1714,273,901,0,0,0,0,0,0,0,0,0,0,0,0,0,0,0,0,0,0,0,0,0,0,0,0,0,0,0,0,0,0,0,0,0,0,0,0,0,0,0,0,0,0,0,0,0,0,0,0,0,0,0,0,0,0,0,0,0,0,0,0,0,0,0,5492,5,0,1,0,0,0,0,0,0,0,0,0,377,733,5,732,2422,5,0,0,0,0,0,0,0,0,0,0,0,0,0,0,0,0,0,0,0,0,0,0,0,0,0,0,0,0,0,0,0,0,0,0,0,0,0,0,0,0,0,0,0,0,0,0,0,0,0,0,0,0,0,0,0,0,0,0,0,0,0,0,0,0,0,0,0,0,0,0,0,0,0,0,0,0,0,0,0,0,0,0,0,0,0,0,0,0,0,0,0,0,0,0,3,0,0,0,0,0,0,0,0,0,0,0,0,0,0,0,0,0,0,0,0,0,0,0,0,0,0,0,0,0,0,0,0,0,0,0,0,0,0,0,0,0,0,0,0
"ITC2",23242588,1600,2316,4,0,0,0,0,0,0,0,1502062,523387,3376,689,1773,6,0,0,0,76563,8567,109,0,0,0,0,0,0,0,0,0,0,0,0,0,0,0,0,0,0,0,0,0,0,0,0,0,0,0,0,0,0,0,0,0,0,0,0,0,458981,27102,563,0,0,0,19135,49,6053376,227298,6292,0,0,446398,3381,0,0,0,0,0,0,0,0,0,0,0,0,0,0,0,13,0,0,0,433,0,0,0,0,0,0,0,0,0,0,0,0,0,0,0,0,0,0,0,0,0,0,0,0,0,0,0,0,0,0,0,0,0,0,0,0,0,0,0,0,0,0,0,0,0,0,0,0,0,0,0,0,0,0,0,0,0,0,0,0,0,0,0,0,0,0,0,0,0,0,0,0,0,0,0,0,0,0,0,0,0,0,0,0,0,0,0,0,0,0,0,0,0,0,0,0,0,0,0,0,0,0,0,0,0,0,0,0,0,0,0,0,0,0,0,0,0,0,0,0,0,0,0,0,0,0,0,0,0,0,0,0,0,0,0,0,0,0,0,0,0,0,0,0,0,0,0,0,0,0,0,0,0,0,0,0,0,0,0,0,0,0,0,0,0,0,0,0,0,0,0,0,0,0,0,0,0,0,0,0,0,0,0,0,0,0,0,0,0,0,0,0,0,0,0,0,0,0,0,0,0,0,0,0,0,0,0,0,0,0,0,0,0,0,0,0,0,0,0,0,0
"ITC3",50587010,218666,16362,557,4999,1909,8,0,2625,927,5,41128,12551,143,3555,2519,17,0,0,0,7297,4607,18,28,34603,6174,64,7169,3541,0,0,1273,563,2,12572,5838,39,2000,0,0,2321,1757,10,0,0,0,16,20,0,0,0,0,0,0,0,0,0,0,0,0,1624639,363994,3610,1113,432,2,10668,4898,800032,190581,2324,732,896,13483,10535,0,0,0,0,47,11,929,4,0,0,0,0,1784,1336,6,44,78,476,3,45,87788,17815,242,3059,3180,16,31735,17579,172,0,0,1510,2194,6,0,0,0,0,0,0,0,0,0,0,0,0,0,0,18,10,0,0,0,0,34,76,0,6,20,0,133,273,0,0,0,0,0,0,3,0,0,0,0,49,0,16,19,0,0,39,0,0,0,0,0,0,0,0,0,0,0,0,0,0,0,0,0,0,0,0,0,0,0,0,0,0,0,0,0,0,0,0,0,0,0,0,0,0,0,0,0,0,0,0,0,0,0,0,0,0,0,0,0,0,0,0,0,0,0,0,0,0,0,0,0,0,0,0,0,0,0,0,0,0,0,0,0,0,0,0,0,0,0,0,0,0,0,0,0,0,0,0,0,0,0,0,0,0,0,0,0,0,0,0,0,0,0,0,0,0,0,0,0,0,0,0,0,0,0,0,0,0,0,1,0,0,0,0,439,233,4,0,0,0,0,0,0,0,0,0,0,0,0,0,0,0,0,0,0,0,0,0,0,0,0,0,0,0,0,0,0
"ITC4",205145756,375251,243705,4620,8457,4097,11,0,13844,1110,585,1326256,2550074,6765,0,0,0,0,0,0,89381,139345,295,0,2144,1320,7,7,26,0,0,368,197,0,1661,12001,22,12,0,0,319,491,2,0,0,0,0,0,0,0,0,0,0,505651,5220049,9556,0,50331,163965,280,4178483,1158465,6861,1772,3207,7,128556,22834,10982306,3545225,18463,51894,166166,1121349,262117,0,0,0,0,0,0,35,0,0,0,0,0,6306,9651,22,344,5436,16246,211,1536,9271,2064,18,0,0,0,4,31,0,0,0,0,0,0,191883,872734,1683,0,0,0,24737,61825,19094,34866,101,0,0,98,0,0,0,0,0,0,0,0,0,0,0,0,0,0,0,0,0,0,0,0,0,0,0,0,0,0,0,0,0,0,0,0,0,0,0,0,0,0,0,2931,2487,4,0,0,0,0,0,0,0,0,0,582,1275,2,0,0,0,0,0,0,0,0,0,0,0,0,0,0,0,0,0,0,0,0,0,0,0,0,0,0,0,0,0,0,0,0,0,0,0,0,0,0,0,0,0,0,0,0,0,0,0,0,0,0,0,0,0,0,0,0,0,0,0,0,0,0,0,0,0,0,0,0,0,0,0,0,0,0,439,1686,546,6,8,66,0,0,0,0,0,3,0,0,0,0,0,0,0,0,59,0,0,0,0,0,0,0,0,0,0,1966,0,0,0,0,0,0,0,0,0,0,0,0,0,0,0,0,0,0,0,0,0,0,0,0,0,0,0,0,0,0,0,0,0
"ITF1",78689755,13977299,1231941,23889,2548053,677227,7076,61,392116,24068,765,7447167,1011392,15143,1266086,256277,3427,1292,210,2,177828,59831,511,2929,9801,9554,41,20543,33700,0,0,608,1083,5,6007,10151,39,3267,0,0,3938,11389,31,0,0,0,2928,0,0,0,0,0,0,0,0,0,0,0,0,0,43178,203,89,0,0,0,0,0,0,0,0,0,0,0,0,0,0,0,0,3309,144,7953,26,0,0,0,0,0,0,0,0,0,0,0,0,0,0,0,0,0,0,0,0,0,0,0,0,0,0,0,0,0,0,0,0,0,0,0,0,0,0,0,0,0,0,0,0,0,0,0,0,0,0,0,0,0,0,0,0,0,0,0,0,2613,11,0,0,0,3066,18,2593,3352,5,9,2009,10,8,0,0,0,0,0,0,0,0,0,0,0,0,0,0,0,0,0,0,0,0,0,0,0,0,0,0,0,0,0,0,0,0,0,0,0,0,0,0,0,0,0,0,0,0,0,0,0,0,0,0,0,0,0,0,0,0,0,0,0,0,0,0,0,0,0,0,0,0,0,0,0,0,0,0,0,0,0,0,0,0,0,0,0,0,0,0,0,0,0,0,0,0,0,0,0,0,0,0,0,0,0,0,0,0,0,0,0,0,0,0,0,0,0,0,0,0,0,0,0,0,59,251,0,4,0,0,0,0,0,0,0,0,0,0,0,0,0,0,0,0,0,0,0,0,0,0,0,0,0,0,0,0,0,0,0,0,0,0,0
"ITF2",36957393,3799334,493848,8328,690867,99036,1714,0,20722,3117,46,1742232,321943,4057,172841,27641,407,11733,1057,10,31320,7302,98,1507,3360,852,14,3846,363,0,0,504,37,0,4171,1456,15,0,0,0,356,161,2,0,0,0,954,0,0,0,0,0,0,0,0,0,0,0,0,0,15066,44,41,0,0,0,0,0,0,0,0,0,0,0,0,0,0,0,0,130,4,0,0,0,0,0,0,0,0,0,0,0,0,0,0,0,0,0,0,0,0,0,0,0,0,0,0,0,0,0,0,0,0,0,0,0,0,0,0,0,0,0,0,0,0,0,0,0,0,0,0,0,0,0,0,0,0,0,0,0,0,0,0,74,0,0,0,0,320,0,493,89,0,1,16,157,31,0,0,0,0,0,0,0,0,0,0,0,0,0,0,0,0,0,0,0,0,0,0,0,0,0,0,0,0,0,0,0,0,0,0,0,0,0,0,0,0,0,0,0,0,0,0,0,0,0,0,0,0,0,0,0,0,0,0,0,0,0,0,0,0,0,0,0,0,0,0,0,0,0,0,0,0,0,0,0,0,0,0,0,0,0,0,0,0,0,0,0,0,0,0,0,0,0,0,0,0,0,0,0,0,0,0,0,0,0,0,0,0,0,0,0,0,0,0,0,0,287,0,0,0,0,0,0,0,0,0,0,0,0,0,0,0,0,0,0,0,0,0,0,0,0,0,0,0,0,0,0,0,0,0,0,0,0,0,0
"ITF3",119061584,9037845,840213,18775,148682,12288,356,21271,112333,6757,264,3574791,1550738,11812,22580,9089,80,100559,54415,527,233721,131796,710,4657,68573,4285,165,0,0,1,0,15064,1258,23,103835,58653,354,30,61,0,29656,17650,88,2713,38,12,9279,526,26147,2857,47,3,12,0,0,0,0,0,0,0,628080,10790,1150,40397,519,65,2282,52,36523,2053,99,948,177,264,96,0,0,0,0,654,0,126,0,0,0,0,0,936,18,2,2,27,1,2,1,1,0,0,0,0,0,0,0,0,0,0,0,0,0,0,0,0,0,0,0,0,0,0,0,0,0,0,0,104,14,0,0,0,0,413,39,1,0,0,0,0,0,0,0,0,0,0,0,2066,14,0,0,0,1546,5,656,29,1,7,536,0,0,0,0,0,0,0,0,0,0,0,0,0,0,707,0,2571,466,9,0,0,0,0,0,0,0,0,0,0,0,0,0,0,0,0,0,0,0,0,0,0,0,0,0,0,0,0,0,0,0,0,0,0,0,0,0,0,0,0,0,0,0,0,0,0,0,0,0,0,0,0,0,0,0,0,0,0,0,0,0,0,0,0,0,0,0,0,0,0,0,0,0,0,0,0,0,0,0,0,0,0,0,0,0,0,0,0,0,0,0,0,0,0,0,0,0,0,0,0,0,0,0,260,168,0,1,0,0,0,0,0,0,0,0,0,0,0,0,0,0,0,0,0,0,0,0,0,0,0,0,0,0,0,0,0,0,0,0,0,0,0
"ITF4",173389387,13679887,1722181,23430,1235494,94649,2333,7824,529381,106426,1156,748633,162505,2130,77232,8430,134,0,0,0,89582,11870,213,43875,327190,56439,772,10749,684,2163,5,61160,15225,185,46368,14993,101,0,0,0,22569,2758,42,544,12,0,25199,1,545968,65480,1135,11905,1024,711,183,3,494,0,0,0,0,0,0,0,0,0,0,0,0,0,0,0,0,0,0,0,0,0,0,8379,53,0,0,121,0,0,0,0,0,0,0,0,0,0,0,0,0,0,0,0,0,0,0,0,0,0,0,0,0,0,0,0,0,0,0,0,0,0,0,0,0,0,0,0,0,0,0,0,0,0,0,0,0,0,0,0,0,0,0,0,0,0,0,6047,59,115,44,3,116465,161,306404,46894,460,108,8308,15,8,0,1,0,0,45,0,0,0,0,0,2814,3,1995,4,824,59,1,0,0,0,0,0,0,0,0,0,0,0,0,922,9,1,0,157,0,0,0,0,0,0,0,0,0,0,0,0,0,0,0,0,0,0,0,0,0,0,0,0,0,0,0,0,0,0,0,131,0,0,0,0,0,0,0,0,0,0,0,0,0,0,0,0,0,0,0,0,0,0,0,0,0,0,0,0,0,0,0,0,0,0,0,0,0,1183,9,0,0,0,0,0,0,0,0,0,0,0,321,65,5,2,355,105,0,2,0,0,0,0,0,0,0,0,0,0,0,0,0,0,0,0,0,0,0,0,0,0,0,0,0,0,0,0,0,0,0,0,0,0,0
"ITF5",83503342,10782097,911151,22049,1396501,118112,3188,13306,147963,19174,298,2056900,399208,4977,117974,19120,316,19330,9152,83,124679,18982,236,1,29794,3815,87,0,0,0,0,933,31,3,46687,15741,165,0,0,0,11343,1318,28,3600,38,0,21,0,0,0,0,0,0,0,0,0,0,0,0,0,76516,529,80,16,30,0,0,0,14194,12,11,0,0,0,0,0,0,0,0,0,0,0,0,0,0,0,0,0,0,0,0,0,0,0,0,0,0,0,0,0,0,0,0,0,0,0,0,0,0,0,0,0,0,0,0,0,0,0,0,0,0,0,0,0,0,0,0,0,0,0,0,0,0,0,0,0,0,0,0,0,0,0,0,1,0,0,0,0,0,0,0,0,0,0,0,0,0,0,0,0,0,0,0,0,0,0,0,0,0,0,0,0,0,0,0,0,0,0,0,0,0,0,0,0,0,0,0,0,0,0,0,0,0,0,0,0,0,0,0,0,0,0,0,0,0,0,0,0,0,0,0,0,0,0,0,0,0,0,0,0,0,0,0,0,0,0,0,0,0,0,0,0,0,0,0,0,0,0,0,0,0,0,0,0,0,0,0,0,0,0,0,0,0,0,0,0,0,0,0,0,0,0,0,0,0,0,0,0,0,0,0,0,0,0,0,0,0,0,0,0,0,0,0,0,0,0,0,0,0,0,0,0,0,0,0,0,0,0,0,0,0,0,0,0,0,0,0,0,0,0,0,0,0,0,0,0
"ITF6",124517329,9598269,1803444,29069,1086677,102867,3228,24320,293948,44384,858,6252723,1353914,19359,241530,28443,867,74166,19752,179,235183,56174,790,27980,716803,125033,2663,156789,11506,1283,5,45036,10606,182,484211,158753,1716,61086,202,2,94992,28750,303,12511,86,0,33038,9,26164,31767,138,0,0,12404,15456,53,195,0,0,0,885030,163627,2442,41417,6545,104,7694,1153,1339346,302672,3555,98136,27994,13246,1151,2752,0,0,0,2733,519,8005,218,4894,0,554,1,31,0,0,33,0,0,237,19,28224,2700,76,0,0,0,13275,1109,39,418,4,0,0,0,0,0,0,0,0,0,0,0,0,0,0,0,0,0,0,0,0,0,0,0,0,0,0,0,0,0,0,0,0,2781,175,0,0,0,4581,97,0,0,0,14331,49,22318,3435,63,77,3194,1750,166,0,8439,12,0,0,0,0,0,0,0,0,0,0,0,0,0,0,0,0,0,4,0,0,0,0,0,0,0,0,0,0,0,0,0,0,0,0,0,0,0,0,0,0,0,0,0,0,0,0,0,0,0,0,0,0,0,0,0,0,0,0,0,0,0,0,0,0,0,0,0,0,0,0,0,0,0,0,0,0,0,0,0,0,0,0,0,0,0,0,0,0,0,0,0,0,0,0,0,0,0,0,0,0,0,0,0,0,0,0,0,0,0,0,0,0,0,0,0,0,0,1185,27,0,2,0,0,0,0,0,0,0,0,0,0,0,0,0,0,0,0,0,0,0,0,0,0,0,0,0,0,0,0,0,0,0,0,0,0,0
"ITG1",185729672,38145795,3405948,84192,13205493,1232783,30974,125744,540567,115465,1569,5887327,953546,16120,1412472,184370,3469,53061,6735,106,328596,116309,986,18218,866818,208916,2370,496451,98558,893,3,165066,57841,506,407444,118988,1364,84720,0,0,124897,31528,340,9236,221,0,43822,0,1019468,126624,2951,22021,8333,116216,9936,397,142,1718,263,7,0,0,0,0,0,0,0,0,0,0,0,0,0,0,0,0,0,0,0,10525,1716,25203,253,0,0,0,0,0,0,0,0,0,0,0,0,0,0,0,0,0,0,0,0,0,0,0,0,0,0,0,0,0,0,0,0,0,0,0,0,0,0,0,0,0,0,0,0,0,0,0,0,0,0,0,0,0,0,0,0,0,0,0,0,10290,119,0,0,0,23848,60,11314,6505,46,54,5961,7622,1843,23,0,0,0,94,0,0,0,0,0,0,0,0,0,1091904,98774,4421,6139,812,27,0,0,0,0,0,0,0,0,0,0,0,0,0,0,0,0,0,0,0,0,0,0,0,0,0,0,0,0,0,0,0,0,0,0,0,0,0,0,0,56,1,0,0,109,40,0,0,0,0,0,0,0,0,0,0,0,0,0,0,0,0,0,0,0,0,0,0,0,0,0,0,0,0,0,0,0,0,0,0,0,0,0,0,0,0,0,0,0,0,0,0,0,0,0,0,0,0,0,0,0,4836,2110,1,25,0,0,0,0,0,0,0,0,0,0,0,0,0,0,0,0,0,0,0,0,0,0,0,0,0,0,0,0,0,0,0,0,0,0,0
"ITG2",181678594,4808924,1196887,24912,279248,15616,768,92750,78383,10708,256,22635763,5709909,278597,255391,11826,891,4221755,1559721,58479,256047,69221,2314,3373,145508,53125,1182,2268,1463,161,0,40634,20730,126,1211923,372251,16842,49783,31561,148,146927,67795,2501,46919,581,15930,11795,588,2265355,922458,16881,15413,7484,6784393,2063852,78967,27,37960,24359,290,0,0,0,0,0,0,0,0,0,0,0,0,0,0,0,0,913,9,261,671,3,1284,157,58251,2023971,587099,32783,0,0,0,0,0,0,0,0,0,0,0,0,0,0,0,0,0,0,0,0,0,0,0,0,0,0,0,0,0,0,0,0,0,0,0,0,0,0,0,0,0,0,0,0,0,0,0,0,0,0,0,0,0,0,0,0,7673,188,437,1,101,8252,52,6143,1760,214,92,2525,0,0,0,39725,966,0,105,0,0,0,0,0,0,0,0,0,481055,53916,1525,91872,11748,285,0,0,0,0,0,0,0,0,0,0,0,0,0,0,0,0,0,0,0,0,0,0,0,0,0,0,0,0,0,0,0,0,0,0,0,0,0,0,0,261,1012,1,0,1,3,0,0,0,0,0,0,0,0,0,0,0,0,0,0,0,0,0,0,0,0,0,0,0,0,0,0,0,0,0,0,0,0,0,0,0,0,0,0,227,0,0,0,0,0,0,0,0,0,0,0,0,40,8,3,5,0,0,0,0,0,0,0,0,0,0,0,0,0,0,0,0,0,0,0,0,0,0,0,0,0,0,0,0,0,0,0,0,0,0,0,0,0,0,0
"ITH1",55344836,203281,222469,1005,0,0,0,0,5399,2633,7,2421865,2642451,55010,0,0,0,361,2088,4,67887,22686,134,0,0,0,0,0,0,0,0,0,0,0,0,0,0,0,0,0,0,0,0,0,0,0,0,0,0,0,0,0,0,27321,89078,137,0,367,1073,1,1728559,194023,4238,0,0,0,138995,2808,8778392,1233424,25896,0,0,726935,10635,0,0,0,0,0,0,0,0,0,0,606,0,0,0,0,309,0,0,0,733,0,0,0,0,0,0,0,0,0,0,0,0,0,0,22297,1263,23,0,0,0,0,0,0,0,0,0,0,0,0,0,0,0,0,0,0,0,0,0,0,0,0,0,0,0,0,0,0,0,0,0,0,0,0,0,0,0,0,0,0,0,0,0,0,0,0,0,0,0,0,0,0,0,0,0,0,0,0,0,0,0,0,0,0,0,0,0,0,0,0,0,0,0,0,0,0,0,0,0,0,0,0,0,0,0,0,0,0,0,0,0,0,0,0,0,0,0,0,0,0,0,0,0,0,0,0,0,0,0,0,0,0,0,0,0,0,0,0,0,0,0,0,0,0,0,0,0,0,0,0,0,0,0,0,0,0,0,0,0,0,0,0,0,0,0,0,0,0,0,0,0,0,0,0,0,0,0,0,0,0,0,0,0,0,0,0,0,0,0,0,0,0,0,0,0,0,0,0,0,0,0,0,0,0,0,0,0,0,0,0,0,0,0,0,0,0,0,0,0,0,0,0
"ITH2",51565391,237627,193561,637,406,454,1,0,777,630,6,496309,304383,1219,216,347,0,21,110,0,9916,7104,19,0,0,0,0,0,0,0,0,0,0,0,0,0,0,0,0,0,0,0,0,0,0,0,0,0,0,0,0,0,0,0,0,0,0,0,0,0,3138269,424454,3750,0,0,0,103196,4019,4589630,394710,5766,0,0,574734,7803,0,0,0,0,0,0,0,0,0,0,0,0,236,490,1,154,706,1672,0,762,0,0,0,0,0,0,0,0,0,0,0,0,0,0,0,0,0,0,0,0,0,0,0,0,0,0,0,0,0,0,0,0,0,0,0,0,0,0,0,0,0,0,0,0,0,0,0,0,0,0,0,0,0,0,0,0,0,0,0,0,0,0,0,0,0,0,0,0,0,0,0,0,0,0,0,0,0,0,0,0,0,0,0,0,0,0,0,0,0,0,0,0,0,0,0,0,0,0,0,0,0,0,0,0,0,0,0,0,0,0,0,0,0,0,0,0,0,0,0,0,0,0,0,0,0,0,0,0,0,0,0,0,0,0,0,0,0,0,0,0,0,0,0,0,0,0,0,0,0,0,0,0,0,0,0,0,0,0,0,0,0,0,0,0,0,0,0,0,0,0,0,0,0,0,0,0,4,0,0,0,0,0,0,0,0,0,0,0,0,0,0,0,0,0,0,0,0,0,0,0,0,0,0,0,0,0,0,0,0,0,0,0,0,0,0,0,0,0,0,0,0
"ITH3",152080030,200980,151765,488,10007,7660,33,0,707,635,0,1598857,4198645,9879,11514,23727,63,0,0,0,111444,312985,745,4885,241,730,0,3,1,0,0,10,42,0,64231,169524,548,306,0,0,21292,39245,122,0,0,0,6412,0,1969,5417,3,0,0,484708,2332686,5560,0,34790,132691,246,5917299,1453216,9043,8679,7844,24,126900,26667,1935229,2255989,7207,4299,3724,53849,97754,0,0,0,0,4081,0,1669,6,0,0,0,0,5470,10348,31,186,12485,38072,12,247,0,0,0,0,0,0,11845,24251,55,0,0,2537,4668,4,331922,1444606,4220,0,0,0,11915,43090,528753,463482,1395,0,0,92,0,0,0,0,0,0,0,0,0,0,0,0,86,52,0,0,0,0,0,0,12629,50,232,203,0,861,8,4391,2728,14,10,4028,0,0,0,0,0,0,0,675,2674,4,0,0,0,0,0,0,69,118,4,77,307,1,0,0,0,0,0,0,0,0,0,0,0,0,0,0,0,0,0,0,0,0,0,0,0,0,0,0,0,0,0,0,0,0,0,0,0,0,0,0,0,0,0,0,0,0,0,0,0,0,0,0,0,0,0,0,0,0,0,0,0,0,0,0,0,0,0,0,0,0,0,0,0,0,0,0,1132,345,45,0,0,0,0,0,0,0,0,2,0,0,0,0,0,0,0,0,78,0,0,0,0,0,0,0,0,0,0,65,438,2701,2,0,0,0,0,0,0,0,0,0,0,0,0,0,0,0,0,0,0,0,0,0,0,0,0,0,0,0,0,0,0
"ITH4",69277314,0,0,0,0,0,0,0,0,0,0,0,0,0,0,0,0,0,0,0,0,0,0,0,0,0,0,0,0,0,0,0,0,0,0,0,0,0,0,0,0,0,0,0,0,0,0,0,0,0,0,0,0,0,0,0,0,0,0,0,2834330,376246,4433,174,258,5,90095,14625,1710319,2850555,8874,0,0,115868,161976,0,19,139,0,0,0,0,0,0,0,0,0,20171,7175,73,129,22746,52290,0,466,16770,11198,52,1155,367,0,11668,29371,112,0,0,1466,4037,7,0,0,0,0,0,0,0,0,0,0,0,0,0,0,3211,3046,11,0,0,0,6692,5172,15,2823,2662,15,2814,3970,18,0,0,0,0,0,0,0,22,117,0,0,0,0,0,0,0,0,0,0,0,0,0,0,0,0,0,0,0,0,0,0,0,0,0,0,0,0,0,0,0,0,0,0,0,0,0,0,0,0,0,0,0,0,0,0,0,0,0,0,0,0,0,0,0,0,0,0,0,0,0,0,0,0,0,0,0,0,0,0,0,0,0,0,0,0,0,0,0,0,0,0,0,0,0,0,0,0,0,0,0,0,0,0,0,0,0,0,0,0,0,0,0,0,0,0,0,0,204,30,0,0,0,0,0,0,0,0,0,0,0,0,0,0,167,0,0,0,0,0,0,0,0,0,0,0,3994,9672,33,0,0,0,0,0,0,0,0,0,3060,1017,398,1144,4,10,0,0,0,0,0,0,0,0,0,0,0,0,0,0,0
"ITH5",190695758,5213636,4359733,15365,890141,313700,2725,0,39084,28417,87,3224747,6950526,20562,445715,233089,1286,0,0,0,208653,342200,921,746,0,0,0,0,0,0,0,0,0,0,41022,58363,212,129,0,0,21554,6357,51,0,0,0,1078,0,86607,181563,503,1999,1351,258576,2586032,9040,0,22602,86003,189,5043379,3171081,12174,1334,837,4,15291,11448,111779,42735,249,0,0,153,789,0,3,0,0,585,0,334,1,0,0,0,0,10145,5961,25,26,1810,95,0,0,0,0,0,0,0,0,0,0,0,0,0,0,0,0,1337,2386,5,0,0,0,68,19,174067,114000,425,0,0,0,0,0,0,0,0,0,0,0,0,0,0,0,0,0,0,0,0,0,0,0,372,3,0,0,0,2701,12,786,324,1,0,878,0,1,0,0,0,0,0,92,295,0,0,0,0,0,0,0,12981,12145,55,0,0,0,0,0,0,0,0,0,0,0,0,0,0,0,0,0,0,0,0,0,0,0,0,0,0,0,0,0,0,0,0,0,0,0,0,0,0,0,0,0,0,0,0,0,0,0,0,0,0,0,0,0,0,0,0,0,0,0,0,0,0,0,0,0,0,0,0,0,0,0,0,0,0,0,0,0,8,253,0,0,0,0,0,0,0,0,0,0,0,0,0,0,0,0,0,0,2,0,0,0,0,0,95,239,0,1,0,0,0,0,0,0,0,0,0,0,0,0,0,0,0,0,0,0,0,0,0,0,0,0,0,0,0,0,0,0,0,0,0,0,0
"ITI1",202185311,10005213,1328900,27603,1100608,126321,2943,337,117946,19528,269,7121574,1789186,23904,108595,25905,367,21,9,0,494280,149552,1654,2949,81009,4906,199,0,0,0,0,27105,2888,73,178894,51325,698,0,208,0,45647,9131,107,36,0,7,3116,0,5679,691,13,0,0,458,5,0,0,0,0,0,3181830,644677,7544,735,520,1,72090,11766,490639,279737,2358,0,0,21260,21828,0,15,0,0,174,0,0,0,0,0,0,0,43048,11514,108,224,5394,3890,0,99,236,166,2,0,0,0,12790,22237,188,0,0,1453,3215,6,0,0,0,0,0,0,0,0,0,0,0,0,0,0,0,0,0,0,0,0,0,0,0,0,0,0,0,0,0,0,0,0,0,0,198,3,0,0,0,747,1,1089,88,5,5,98,0,0,0,0,0,0,0,0,0,0,0,0,0,0,0,0,7245,2615,39,0,0,0,0,0,0,0,0,0,0,0,0,0,0,0,0,0,0,0,0,0,0,0,0,0,0,0,0,0,0,0,0,0,0,0,0,0,0,0,0,0,0,0,0,0,0,0,0,0,0,0,0,0,0,0,0,0,0,0,0,0,0,0,0,0,0,0,0,0,0,0,0,0,0,0,0,0,0,0,0,0,0,0,0,0,0,0,0,0,0,0,0,0,0,0,0,0,11,0,0,0,0,0,29,2,0,0,0,0,0,0,0,0,0,0,0,0,0,0,0,0,0,0,0,0,0,0,0,0,0,0,0,0,0,0,0,0,0,0,0,0,0
"ITI2",71008502,6310284,1260848,14145,685595,204529,2048,22,32164,8174,91,2849730,1026499,10161,389566,132055,1454,867,331,8,94854,33066,240,0,2655,341,3,0,0,0,0,0,0,0,17102,4046,33,0,0,0,1363,73,2,7,0,0,0,0,0,0,0,0,0,0,0,0,0,0,0,0,393111,44051,589,0,0,0,508,157,0,0,0,0,0,0,0,0,0,0,0,0,0,0,0,0,0,0,0,16131,2460,24,1,0,0,0,0,0,0,0,0,0,0,0,0,0,0,0,0,0,0,0,0,0,0,0,0,0,0,0,0,0,0,0,0,0,0,0,0,0,0,0,0,0,0,0,0,0,0,0,0,0,0,0,0,0,0,0,0,0,0,0,0,0,0,0,0,0,0,0,0,0,0,0,0,0,0,0,0,0,0,0,0,0,0,0,0,0,0,0,0,0,0,0,0,0,0,0,0,0,0,0,0,0,0,0,0,0,0,0,0,0,0,0,0,0,0,0,0,0,0,0,0,0,0,0,0,0,0,0,0,0,0,0,0,0,0,0,0,0,0,0,0,0,0,0,0,0,0,0,0,0,0,0,0,0,0,0,0,0,0,0,0,0,0,0,0,0,0,0,0,0,0,0,0,0,0,0,0,0,0,0,0,0,0,0,0,0,0,0,0,0,0,0,0,0,0,0,0,0,0,0,0,0,0,0,0,0,0,0,0,0,0,0,0,0,0,0,0,0,0,0,0,0,0,0,0,0
"ITI3",79022122,4299224,624908,7128,3635370,1356223,12227,0,107549,19083,196,1034109,367453,2643,1118275,492012,3844,21,3,0,95063,45141,254,2516,34815,11985,128,135738,40627,0,0,2549,1156,5,33322,12243,125,36599,0,0,10501,3809,14,0,0,0,3478,0,0,0,0,0,0,0,0,0,0,0,0,0,634275,44294,794,0,0,0,17974,31,875,0,2,0,0,0,0,0,0,0,0,990,407,13191,121,0,0,0,0,2267,636,6,28,0,0,0,0,0,0,0,0,0,0,0,0,0,0,0,0,0,0,0,0,0,0,0,0,0,0,0,0,0,0,0,0,0,0,0,0,0,0,0,0,0,0,0,0,0,0,0,0,0,0,0,0,1249,3,0,0,0,1225,1,1104,305,0,4,467,1619,336,4,0,0,0,0,0,0,0,0,0,0,0,0,0,0,0,0,0,0,0,0,0,0,0,0,0,0,0,0,0,0,0,0,0,0,0,0,0,0,0,0,0,0,0,0,0,0,0,0,0,0,0,0,0,0,0,0,0,0,0,0,0,0,0,0,0,0,0,0,0,0,0,0,0,0,0,0,0,0,0,0,0,0,0,0,0,0,0,0,0,0,0,0,0,0,0,0,0,0,0,0,0,0,0,0,0,0,0,0,0,0,0,0,0,0,0,0,0,0,0,607,129,0,4,0,0,0,0,0,0,0,0,0,0,0,0,0,0,0,0,0,0,0,0,0,0,0,0,0,0,0,0,0,0,0,0,0,0,0
"ITI4",144083612,9978961,756363,25212,310946,30242,916,3879,106989,12266,291,11988284,2232024,36978,130501,24265,388,75796,22735,262,483311,93999,1198,7574,169855,27706,690,678,140,0,0,5932,4618,13,347787,72609,1185,158,0,0,39098,14814,140,367,14,0,8233,0,17296,5618,45,14,28,59626,23205,313,0,155,67,1,731675,5348,1498,0,0,0,48099,185,20778,12,46,0,0,1372,4,0,2905,383,10,2478,3,644,0,0,284,21,0,1448,111,5,68,0,0,0,3,0,0,0,0,0,0,0,0,0,0,0,0,0,0,0,0,0,0,0,0,0,0,0,0,0,0,0,0,0,0,0,0,0,0,0,0,0,0,0,0,0,0,0,0,0,0,0,0,3494,54,495,25,3,7618,28,3561,966,16,15,1931,312,136,2,0,0,0,0,0,0,0,0,0,0,0,0,0,0,0,0,0,0,0,0,0,0,0,0,0,0,0,0,0,0,0,0,0,0,0,0,0,0,0,0,0,0,0,0,0,0,0,0,0,0,0,0,0,0,0,0,0,0,0,0,0,0,0,0,0,0,0,0,0,0,0,0,0,0,0,0,0,0,0,0,0,0,0,0,0,0,0,0,0,0,0,0,0,0,0,0,0,0,0,0,0,0,63,9,0,0,0,0,0,0,0,0,0,0,0,0,0,1,0,142,24,0,0,0,0,0,0,0,0,0,0,0,0,0,0,0,0,0,0,0,0,0,0,0,0,0,0,0,0,0,0,0,0,0,0,0,0,0
"LI00",1108251,0,0,0,0,0,0,0,0,0,0,0,0,0,0,0,0,0,0,0,0,0,0,0,0,0,0,0,0,0,0,0,0,0,0,0,0,0,0,0,0,0,0,0,0,0,0,0,0,0,0,0,0,0,0,0,0,0,0,0,239144,21078,405,0,0,0,231,22,128033,90188,643,0,0,4647,6370,0,0,0,0,0,0,0,0,0,0,0,0,0,0,0,0,0,0,0,35,0,0,0,0,0,0,0,0,0,0,0,0,0,0,369,798,4,0,0,0,372,280,0,0,0,0,0,5,0,0,0,0,0,0,0,0,0,0,0,0,0,0,0,0,0,0,0,0,0,0,0,0,0,0,0,0,0,0,0,0,0,0,0,0,0,0,0,0,0,0,0,0,0,0,0,0,0,0,0,0,0,0,0,0,0,0,0,0,0,0,0,0,0,0,0,0,0,0,0,0,0,0,0,0,0,0,0,0,0,0,0,0,0,0,0,0,0,0,0,0,0,0,0,0,0,0,0,0,0,0,0,0,0,0,0,0,0,0,0,0,0,0,0,0,0,0,0,0,0,0,0,0,0,0,0,0,0,0,0,0,0,0,0,0,0,0,0,0,0,0,0,0,0,0,0,0,0,0,0,0,0,0,0,0,0,0,0,0,0,0,0,0,0,0,0,0,0,0,0,0,0,0,0,0,0,0,0,0,0,0,0,0,0,0,0,0,0,0,0,0,0
"LT01",80956534,11012708,3153889,22671,0,0,0,1363052,238132,52949,490,234983,73733,616,0,0,0,16848,2859,38,25171,7164,65,0,0,0,0,0,0,0,0,0,0,0,0,0,0,0,0,0,0,0,0,172909,2698,0,0,0,0,0,0,0,0,0,0,0,0,0,0,0,0,0,0,0,0,0,0,0,0,0,0,0,0,0,0,0,0,0,0,0,0,0,0,0,0,0,0,0,0,0,0,0,0,0,0,0,0,0,0,0,0,0,0,0,0,0,0,0,0,0,0,0,0,0,0,0,0,0,0,0,0,0,0,0,0,0,0,0,0,0,0,0,0,0,0,0,0,0,0,0,0,0,0,0,0,0,0,0,0,0,0,0,0,0,0,0,0,0,0,0,0,0,0,0,0,0,0,0,0,0,0,0,0,0,0,0,0,0,0,0,0,0,0,0,0,0,0,0,0,0,0,0,0,0,0,0,0,0,0,0,0,0,0,0,0,0,0,0,0,0,0,0,0,0,0,0,0,0,0,0,0,0,0,0,0,0,0,0,0,0,0,0,0,0,0,0,0,0,0,0,0,0,0,0,0,0,0,0,0,0,0,0,0,0,0,0,0,0,0,0,0,0,0,0,0,0,0,0,0,0,0,0,0,0,0,0,0,0,0,0,0,0,0,0,0,0,0,0,0,0,0,0,0,0,0,0,0,0,0,0,0,0,0,0,0,0,0,0,0,0,0,0,0,0,0,0
"LT02",446803489,65382474,28628366,117320,0,0,0,3782811,1363864,422977,2863,1753010,988208,3294,0,0,0,123425,45810,163,68389,35581,144,1749,226040,35366,351,0,0,496,3,54503,6322,85,0,0,0,0,0,0,0,0,0,1396179,6278,0,15770,339,209668,111661,470,15591,7519,0,0,0,1,0,0,0,0,0,0,0,0,0,0,0,0,0,0,0,0,0,0,0,0,0,0,15,0,0,0,11287,0,0,0,0,0,0,0,0,0,0,0,0,0,0,0,0,0,0,0,0,0,0,0,0,0,0,0,0,0,0,0,0,0,0,0,0,0,0,0,0,0,0,0,0,0,0,0,0,0,0,0,0,0,0,0,0,0,0,0,1029,27,0,0,0,28,0,24,33,0,0,0,0,0,0,8155,28,0,39,0,0,0,0,0,0,0,0,0,0,0,0,0,0,0,0,0,0,0,0,0,0,0,0,0,0,0,0,0,0,0,0,0,0,0,0,0,0,0,0,0,0,0,0,0,0,0,0,0,0,0,0,0,0,0,0,0,0,0,0,0,0,0,0,0,0,0,0,0,0,0,0,0,0,0,0,0,0,0,0,0,0,0,0,0,0,0,0,0,0,0,0,0,0,0,0,0,0,0,0,0,0,0,0,0,0,0,0,0,0,0,0,0,0,0,0,0,0,0,0,0,0,0,0,0,0,0,0,0,0,0,0,0,0,0,0,0,0,0,0,0,0,0,0,0,0,0,0,0,0,0,0,0,0
"LU00",18889436,993689,310399,1930,42,0,0,1120930,43063,6500,240,502397,184019,614,0,0,0,244471,99300,270,8882,1652,9,0,0,0,0,0,0,0,0,0,0,0,0,0,0,0,0,0,0,0,0,564802,1626,0,0,0,382630,219617,508,8656,1252,438761,123877,510,0,1005,351,3,0,0,0,0,0,0,0,0,0,0,0,0,0,0,0,0,0,0,0,0,0,0,0,754812,390626,103776,405,0,0,0,0,0,0,0,0,0,0,0,0,0,0,0,0,0,0,0,0,0,0,0,0,0,0,0,0,0,0,0,0,0,0,0,0,0,0,0,0,0,0,0,0,0,0,0,0,0,0,0,0,0,0,0,0,0,0,0,0,0,0,0,0,0,0,0,0,0,0,0,554177,932,0,19,0,0,0,0,0,0,0,0,0,0,0,0,0,0,0,0,0,0,0,0,0,0,0,0,0,0,0,0,0,0,0,0,0,0,0,0,0,0,0,0,0,0,0,0,0,0,0,0,0,0,0,0,0,0,0,0,0,0,0,0,0,0,0,0,0,0,0,0,0,0,0,0,0,0,0,0,0,0,0,0,0,0,0,0,0,0,0,0,0,0,0,0,0,0,0,0,0,0,0,0,0,0,0,0,0,0,0,0,0,0,0,0,0,0,0,0,0,0,0,0,0,0,0,0,0,0,0,0,0,0,0,0,0,0,0,0,0,0,0,0,0,0,0,0,0,0,0,0,0,0,0,0,0,0
"LV00",530492874,98569469,10574021,145029,0,0,0,1236974,1427921,190175,2399,2208058,323690,4006,0,0,0,33794,3801,58,32955,2872,59,7864,321758,36676,518,0,0,3465,1,107566,9758,188,9942,2733,20,0,0,0,6910,1037,12,66615,1730,0,11960,144,0,0,0,0,0,0,0,0,93,0,0,0,0,0,0,0,0,0,0,0,0,0,0,0,0,0,0,0,0,0,0,469,0,0,0,0,0,0,0,0,0,0,0,0,0,0,0,0,0,0,0,0,0,0,0,0,0,0,0,0,0,0,0,0,0,0,0,0,0,0,0,0,0,0,0,0,0,0,0,0,0,0,0,0,0,0,0,0,0,0,0,0,0,0,0,768,25,0,0,0,19819,32,57232,5346,130,9,1657,0,0,0,0,0,0,0,0,0,0,0,0,0,0,0,0,0,0,0,0,0,0,0,0,0,0,0,0,0,0,0,0,0,0,0,0,0,0,0,0,0,0,0,0,0,0,0,0,0,0,0,0,0,0,0,0,0,0,0,0,0,0,0,0,0,0,0,0,0,0,0,0,0,0,0,0,0,0,0,0,0,0,0,0,0,0,0,0,0,0,0,0,0,0,0,0,0,0,0,0,0,0,0,0,0,190,57,0,0,0,0,0,0,0,0,0,0,0,3,0,0,0,0,0,0,0,0,0,0,0,0,0,0,0,0,0,0,0,0,0,0,0,0,0,0,0,39,2,5,6,0,0,0,0,0,0,0,0,0,0,0
"ME00",70280975,0,0,0,0,0,0,0,1313629,101024,1840,0,0,0,0,0,0,0,0,0,215235,11140,378,0,0,0,0,0,0,0,0,0,0,0,0,0,0,0,0,0,0,0,0,0,0,0,0,363,0,0,0,0,0,0,0,0,0,0,0,0,0,0,0,0,0,0,26465950,966646,0,0,0,0,0,1318219,133526,0,0,0,0,0,0,0,0,0,0,0,0,0,0,0,104829,0,0,0,273035,0,0,0,114576,5471,1063,0,0,0,0,0,15300,622,24950,0,0,0,0,0,0,0,0,0,0,0,0,0,0,0,0,0,0,0,0,39942,358,141,0,0,0,15661,62,248,0,0,0,0,0,0,0,0,0,0,0,0,0,0,0,0,0,0,0,0,0,0,0,0,0,0,0,0,0,0,0,0,0,0,0,0,0,0,0,0,0,0,0,0,0,0,0,0,0,0,0,0,0,0,0,0,0,0,0,0,0,0,0,0,0,0,0,0,0,0,0,0,0,0,0,0,0,0,0,0,0,0,0,0,0,0,0,0,0,0,0,0,0,0,0,0,0,0,0,0,0,0,0,0,0,0,0,0,0,0,0,0,0,0,0,0,0,0,0,0,0,0,0,0,0,0,0,0,0,0,0,0,0,0,0,0,0,0,0,0,0,0,0,0,0,0,0,0,0,0,0,0,0,0,0,0,0,0,0,0,0,0,0,0,0,0,0,0,0,0,0,0,0,0,0,0,0,0
"MK00",125675806,86185,592,55,0,0,0,160,9512832,382242,17461,500137,40990,506,0,0,0,5033,752,2,27722212,2178163,53477,0,0,0,0,0,0,0,0,3252,112,3,0,0,0,0,0,0,112779,5234,229,1,0,0,0,0,0,0,0,0,0,0,0,0,0,0,0,0,0,0,0,0,0,0,201522,108,0,0,0,0,0,187865,56,0,0,0,0,0,0,0,0,0,0,0,0,0,0,0,80,0,0,0,76,0,0,0,0,0,0,0,0,0,0,0,0,0,0,0,0,0,0,0,0,0,0,0,0,0,0,0,0,0,0,0,0,0,0,0,0,0,0,0,0,0,0,0,0,0,0,0,0,0,0,0,0,0,0,0,0,0,0,0,0,0,0,0,0,0,0,0,0,0,0,0,0,0,0,0,0,0,0,0,0,0,0,0,0,0,0,0,0,0,0,0,0,0,0,0,0,0,0,0,0,0,0,0,0,0,0,0,0,0,0,0,0,0,0,0,0,0,0,0,0,0,0,0,0,0,0,0,0,0,0,0,0,0,0,0,0,0,0,0,0,0,0,0,0,0,0,0,0,0,0,0,0,0,0,0,0,0,0,0,0,0,0,0,0,0,0,0,0,0,0,0,0,0,0,0,0,0,0,0,0,0,0,0,0,0,0,0,0,0,0,0,0,0,0,0,0,0,0,0,0,0,0,0,0,0,0,0,0,0,0,0,0,0,0,0,0,0,0,0,0,0
"NL11",16143140,0,0,0,0,0,0,0,0,0,0,1291272,1167021,75827,0,0,0,38262,36865,1548,157865,60671,9866,10549,0,0,0,0,0,0,0,0,0,0,17822,6422,4444,0,0,0,20008,2716,9029,0,0,0,15152,1590,0,0,0,0,0,2251141,2555284,20747,0,46452,36359,2013,0,0,0,0,0,0,0,0,0,0,0,0,0,0,0,0,0,0,0,995,0,0,0,0,15197,6905,9,0,0,0,0,0,0,0,0,0,0,0,0,0,0,0,0,0,0,0,0,0,0,0,0,0,0,0,0,0,0,0,0,0,0,0,0,0,0,0,0,0,0,0,0,0,0,0,0,0,0,0,0,0,0,0,0,1350,844,79,0,0,2012,289,2238,211,1291,1121,0,0,0,0,0,0,0,0,0,0,0,0,0,0,0,0,0,0,0,0,0,0,0,0,0,0,0,0,0,0,0,0,0,0,0,0,0,0,0,0,0,0,0,0,0,0,0,0,0,0,0,0,0,0,0,0,0,0,0,0,0,0,1521,0,446,0,1962,0,0,0,0,0,0,0,0,0,0,0,0,0,0,0,0,0,0,0,0,0,0,0,0,0,0,0,0,0,0,0,0,0,0,0,0,0,0,0,0,0,0,0,0,0,0,0,0,0,0,0,0,0,0,0,0,0,0,433,0,0,0,0,0,0,0,0,0,0,0,0,0,0,0,0,0,0,0,0,0,0,0,0,0,0,0,0,0,0,0,0,0,0,0,0
"NL12",18979171,0,0,0,0,0,0,0,0,0,0,330050,451214,41694,0,0,0,3361,4241,1,32476,32627,5773,4107,0,0,0,0,0,0,0,0,0,0,270468,306687,17475,0,0,0,601283,405589,90571,0,0,0,30026,11002,0,0,0,0,0,5233212,11140513,308310,0,228668,338516,26965,0,0,0,0,0,0,0,0,0,0,0,0,0,0,0,0,0,0,0,2188,0,0,0,0,356995,757423,33062,0,0,0,0,0,0,0,0,0,0,0,0,0,0,0,0,0,0,0,0,0,0,0,0,0,0,0,0,0,0,0,0,0,0,0,0,0,0,0,0,0,0,0,0,0,0,0,0,0,0,0,0,0,0,0,0,21477,10376,8566,688,8,175,430,1280,300,42,413,11,0,0,0,0,0,0,0,0,0,0,0,0,0,0,0,0,0,0,0,0,0,0,0,0,0,0,0,0,0,0,0,0,0,0,0,0,0,0,0,0,0,0,0,0,0,0,0,0,0,0,0,0,0,0,0,0,0,0,0,0,0,1168,515,6752,0,9264,3714,0,0,0,0,0,0,0,0,0,0,0,0,0,0,0,0,0,0,0,0,0,0,0,0,0,0,0,0,0,0,0,0,0,0,0,0,0,0,0,0,0,0,0,0,0,0,0,0,0,0,0,0,0,0,0,0,0,7616,0,0,0,0,0,0,0,0,0,0,0,0,0,0,0,0,0,0,0,0,0,0,0,0,0,0,0,0,0,0,0,0,0,0,0,0
"NL13",18296822,0,0,0,0,0,0,0,0,0,0,1636248,1475061,172193,0,0,0,70300,51370,4077,29487,20631,427,0,0,0,0,0,0,0,0,0,0,0,0,0,0,0,0,0,0,0,0,0,0,0,0,0,0,0,0,0,0,1952427,2177328,263847,0,49953,37515,1670,0,0,0,0,0,0,0,0,0,0,0,0,0,0,0,0,0,0,0,0,0,0,0,0,243951,280389,16281,0,0,0,0,0,0,0,0,0,0,0,0,0,0,0,0,0,0,0,0,0,0,0,0,0,0,0,0,0,0,0,0,0,0,0,0,0,0,0,0,0,0,0,0,0,0,0,0,0,0,0,0,0,0,0,0,0,0,0,0,0,0,0,0,0,0,0,0,0,0,0,0,0,0,0,0,0,0,0,0,0,0,0,0,0,0,0,0,0,0,0,0,0,0,0,0,0,0,0,0,0,0,0,0,0,0,0,0,0,0,0,0,0,0,0,0,0,0,0,0,0,0,0,0,0,0,0,0,0,0,0,0,0,0,0,0,0,0,0,0,0,0,0,0,0,0,0,0,0,0,0,0,0,0,0,0,0,0,0,0,0,0,0,0,0,0,0,0,0,0,0,0,0,0,0,0,0,0,0,0,0,0,0,0,0,0,0,0,0,0,0,0,0,0,0,0,0,0,0,0,0,0,0,0,0,0,0,0,0,0,0,0,0,0,0,0,0,0,0,0,0,0,0,0,0,0,0,0,0
"NL21",19240199,0,0,0,0,0,0,379,0,0,0,168798,163962,133360,0,0,0,56931,74087,3717,16576,3749,5300,3115,0,0,0,0,0,0,0,0,0,0,0,0,0,0,0,0,0,0,0,263,0,0,0,0,163,0,3,0,0,3831802,7553795,282420,0,146004,122139,11140,0,0,0,0,0,0,0,0,0,0,0,0,0,0,0,0,0,0,0,651,0,0,0,259,850744,1514717,10824,0,0,0,0,0,0,0,0,0,0,0,0,0,0,0,0,0,0,0,0,0,0,0,0,0,0,0,0,0,0,0,0,0,0,0,0,0,0,0,0,0,0,0,0,0,0,0,0,0,0,0,0,0,0,0,0,0,0,0,0,0,0,0,0,0,0,4570,0,0,0,0,262,0,0,0,0,0,0,0,0,0,0,0,0,0,0,0,0,0,0,0,0,0,0,0,0,0,0,0,0,0,0,0,0,0,0,0,0,0,0,0,0,0,0,0,0,0,0,0,0,0,0,0,0,0,0,0,0,0,4966,5980,237,0,4222,2114,0,0,0,0,0,0,0,0,0,0,0,0,0,0,0,0,0,0,0,0,0,0,0,0,0,0,0,0,0,0,0,0,0,0,0,0,0,0,0,0,0,0,0,0,0,0,0,0,0,0,0,0,0,0,0,0,0,1024,0,0,0,0,0,0,0,0,0,0,0,0,0,0,0,0,0,0,0,0,0,0,0,0,0,0,0,0,0,0,0,0,0,0,0,0
"NL22",34177824,0,0,0,0,0,0,0,0,0,0,616954,749357,58892,0,0,0,69260,96122,4623,66689,56082,305,1902,0,0,0,0,0,0,0,0,0,0,0,0,0,0,0,0,0,0,0,0,0,0,0,0,157,8,0,0,0,3371169,6934530,80975,0,173724,248008,2268,0,0,0,0,0,0,0,0,0,0,0,0,0,0,0,0,0,0,0,323,0,0,0,3045,1562570,3071572,6859,0,0,0,0,0,0,0,0,0,0,0,0,0,0,0,0,0,0,0,0,0,0,0,0,0,0,0,0,0,0,0,0,0,0,0,0,0,0,0,0,0,0,0,0,0,0,0,0,0,0,0,0,0,0,0,0,0,0,0,0,0,0,0,676,324,0,0,0,0,0,0,3774,3,0,0,0,0,0,0,0,0,0,0,0,0,0,0,0,0,0,0,0,0,0,0,0,0,0,0,0,0,0,0,0,0,0,0,0,0,0,0,0,0,0,0,0,0,0,0,0,0,0,0,0,0,0,0,0,0,1274,410,3,0,1371,704,0,0,0,0,0,0,0,0,0,0,0,0,0,0,0,0,0,0,0,0,0,0,0,0,0,0,0,0,0,0,0,0,0,0,0,0,0,0,0,0,0,0,0,0,0,0,0,0,0,0,0,0,0,0,0,0,0,1,0,0,0,0,0,0,0,0,0,0,0,0,0,0,0,0,0,0,0,0,0,0,0,0,0,0,0,0,0,0,0,0,0,0,0,0
"NL23",22492817,0,0,0,0,0,0,0,0,0,0,457893,414311,61153,0,0,0,3449,2323,5,53145,80290,24472,6504,0,0,0,0,0,0,0,0,0,0,76522,32451,18035,0,0,0,43253,37959,2596,0,0,0,4670,0,0,0,0,0,0,97634,122141,6096,0,12000,10400,1982,0,0,0,0,0,0,0,0,0,0,0,0,0,0,0,0,0,0,0,10932,0,0,0,0,491,862,0,0,0,0,0,0,0,0,0,0,0,0,0,0,0,0,0,0,0,0,0,0,0,0,0,0,0,0,0,0,0,0,0,0,0,0,0,0,0,0,0,0,0,0,0,0,0,0,0,0,0,0,0,0,0,0,0,1094,3,7430,59,12,0,0,3802,11122,4,9,0,0,0,0,0,0,0,0,0,0,0,0,0,0,0,0,0,0,0,0,0,0,0,0,0,0,0,0,0,0,0,0,0,0,0,0,0,0,0,0,0,0,0,0,0,0,0,0,0,0,0,0,0,0,0,0,0,0,0,0,0,0,5336,4208,1164,0,5466,3628,0,0,0,0,0,0,0,0,0,0,0,0,0,0,0,0,0,0,0,0,0,0,0,0,0,0,0,0,0,0,0,0,0,0,0,0,0,0,0,0,0,0,0,0,0,0,0,0,0,0,0,0,0,0,0,0,0,1207,0,0,0,0,0,0,0,0,0,0,0,0,0,0,0,0,0,0,0,0,0,0,0,0,0,0,0,0,0,0,0,0,0,0,0,0
"NL32",24585275,0,0,0,0,0,0,0,0,0,0,1968224,710858,23042,0,0,0,168451,94262,386,368101,63766,5559,4899,0,0,0,0,0,0,0,0,0,0,726064,401923,1609,0,40741,194,289716,89092,1514,0,0,61018,22139,161,0,0,0,0,0,2783834,1283352,3857,0,97450,36589,155,0,0,0,0,0,0,0,0,0,0,0,0,0,0,0,0,0,0,0,631,0,0,0,0,135208,118683,470,0,0,0,0,0,0,0,0,0,0,0,0,0,0,0,0,0,0,0,0,0,0,0,0,0,0,0,0,0,0,0,0,0,0,0,0,0,0,0,0,0,0,0,0,0,0,0,0,0,0,0,0,0,0,0,0,8557,220,2905,607,0,1701,489,1522,948,5,372,688,0,0,0,0,0,0,0,0,0,0,0,0,0,0,0,0,0,0,0,0,0,0,0,0,0,0,0,0,0,0,0,0,0,0,0,0,0,0,0,0,0,0,0,0,0,0,0,0,0,0,0,0,0,0,0,0,0,0,0,0,0,413,121,0,33,4281,2916,0,0,0,0,0,0,0,0,0,0,0,0,0,0,0,0,0,0,0,0,0,0,0,0,0,0,0,0,0,0,0,0,0,0,0,0,0,0,0,0,0,0,0,0,0,0,0,0,0,0,0,0,0,0,0,0,0,16,0,0,0,0,0,0,0,0,0,0,0,0,0,0,0,0,0,0,0,0,0,0,0,0,0,0,0,0,0,0,0,0,0,0,0,0
"NL34",16779435,0,0,0,0,0,0,0,0,0,0,1065353,269511,1516,0,0,0,120036,26272,153,183622,35016,246,33635,0,0,0,0,0,0,0,0,0,0,337216,106471,466,0,51773,55,98184,20403,125,0,0,8480,42063,0,0,0,0,0,0,60738,30424,56,0,0,0,0,0,0,0,0,0,0,0,0,0,0,0,0,0,0,0,0,0,0,0,2163,0,0,0,0,10719,5643,2,0,0,0,0,0,0,0,0,0,0,0,0,0,0,0,0,0,0,0,0,0,0,0,0,0,0,0,0,0,0,0,0,0,0,0,0,0,0,0,0,0,0,0,0,0,0,0,0,0,0,0,0,0,0,0,0,4587,49,5429,256,3,5999,5,1942,85,2,54,889,0,0,0,0,0,0,0,0,0,0,0,0,6103,9,0,0,0,0,0,0,0,0,0,0,0,0,0,0,0,0,0,0,0,0,0,0,0,0,0,0,0,0,0,0,0,0,0,0,0,0,0,0,0,0,0,0,0,0,0,0,0,0,0,0,0,0,0,6,0,0,0,0,0,0,0,0,0,0,0,0,0,0,0,0,0,0,0,0,0,0,0,0,0,0,0,0,0,0,0,0,0,0,0,0,0,183,0,0,0,0,0,0,0,0,0,0,0,0,71,0,0,0,0,0,0,0,0,0,0,0,0,0,0,0,0,0,0,0,0,0,0,0,0,0,0,0,0,0,0,0,0,0,0,0,0,0,0,0,0,0,0
"NL35",8424271,0,0,0,0,0,0,0,0,0,0,343427,602844,1222,0,0,0,61063,72388,94,44249,35093,172,0,0,0,0,0,0,0,0,0,0,0,0,0,0,0,0,0,0,0,0,0,0,0,0,0,0,0,0,0,0,1557004,3314462,9494,0,53046,79365,333,0,0,0,0,0,0,0,0,0,0,0,0,0,0,0,0,0,0,0,0,0,0,0,0,302331,716084,762,0,0,0,0,0,0,0,0,0,0,0,0,0,0,0,0,0,0,0,0,0,0,0,0,0,0,0,0,0,0,0,0,0,0,0,0,0,0,0,0,0,0,0,0,0,0,0,0,0,0,0,0,0,0,0,0,0,0,0,0,0,0,0,0,0,0,0,0,0,0,0,0,0,0,0,0,0,0,0,0,0,0,0,0,0,0,0,0,0,0,0,0,0,0,0,0,0,0,0,0,0,0,0,0,0,0,0,0,0,0,0,0,0,0,0,0,0,0,0,0,0,0,0,0,0,0,0,0,0,132,58,0,0,141,28,0,0,0,0,0,0,0,0,0,0,0,0,0,0,0,0,0,0,0,0,0,0,0,0,0,0,0,0,0,0,0,0,0,0,0,0,0,0,0,0,0,0,0,0,0,0,0,0,0,0,0,0,0,0,0,0,0,0,0,0,0,0,0,0,0,0,0,0,0,0,0,0,0,0,0,0,0,0,0,0,0,0,0,0,0,0,0,0,0,0,0,0,0,0
"NL36",22093278,0,0,0,0,0,0,0,0,0,0,1861646,508134,2840,0,0,0,246128,79811,325,337105,59292,490,27842,0,0,0,0,0,0,0,0,0,0,313238,108683,580,0,59431,52,103074,20048,168,0,0,13752,30799,0,0,0,0,0,0,2361260,2132171,3199,0,73000,28808,116,0,0,0,0,0,0,0,0,0,0,0,0,0,0,0,0,18,0,0,3561,0,0,0,0,345926,523037,742,0,0,0,0,0,0,0,0,0,0,0,0,0,0,0,0,0,0,0,0,0,0,0,0,0,0,0,0,0,0,0,0,0,0,0,0,0,0,0,0,0,0,0,0,0,0,0,0,0,0,0,0,0,0,0,0,7950,87,11341,3937,51,75,0,2803,2,3,44,0,0,0,0,0,0,0,0,0,0,0,0,0,0,0,0,0,0,0,0,0,0,0,0,0,0,0,0,0,0,0,0,0,0,0,0,0,0,0,0,0,0,0,0,0,0,0,0,0,0,0,0,0,0,0,0,0,0,0,0,0,0,0,0,0,0,0,0,0,0,0,0,0,0,0,0,0,0,0,0,0,0,0,0,0,0,0,0,0,0,0,0,0,0,0,0,0,0,0,0,0,0,0,0,0,0,140,0,0,0,0,0,0,0,0,0,0,0,0,155,0,0,0,0,0,0,0,0,0,0,0,0,0,0,0,0,0,0,0,0,0,0,0,0,0,0,0,0,0,0,0,0,0,0,0,0,0,0,0,0,0,0
"NL41",40674138,0,0,0,0,0,0,0,0,0,0,786961,436203,1039,0,0,0,527619,548373,877,135989,41515,210,3551,0,0,0,0,0,0,0,0,0,0,95492,29664,121,0,22996,17,38601,7801,132,0,0,3749,15993,0,0,0,0,0,0,1367715,1308709,1979,0,201849,88644,246,0,0,0,0,0,0,0,0,0,0,0,0,0,0,0,0,0,0,0,209,0,0,0,0,2025016,2456471,3779,0,0,0,0,0,0,0,0,0,0,0,0,0,0,0,0,0,0,0,0,0,0,0,0,0,0,0,0,0,0,0,0,0,0,0,0,0,0,0,0,0,0,0,0,0,0,0,0,0,0,0,0,0,0,0,0,1115,19,7771,3,23,9506,12,984,26,1,3,8,0,0,0,0,0,0,0,0,0,0,0,0,0,0,0,0,0,0,0,0,0,0,0,0,0,0,0,0,0,0,0,0,0,0,0,0,0,0,0,0,0,0,0,0,0,0,0,0,0,0,0,0,0,0,0,0,0,0,0,0,0,0,0,0,0,0,0,0,0,0,0,0,0,0,0,0,0,0,0,0,0,0,0,0,0,0,0,0,0,0,0,0,0,0,0,0,0,0,0,0,0,0,0,0,0,17,0,0,0,0,0,0,0,0,0,0,0,0,0,0,0,0,0,0,0,0,0,0,0,0,0,0,0,0,0,0,0,0,0,0,0,0,0,0,0,0,0,0,0,0,0,0,0,0,0,0,0,0,0,0,0
"NL42",18144197,41552,38063,92,0,0,0,3917,423,141,1,807985,583563,1228,0,0,0,176635,167383,308,119981,69940,203,0,0,0,0,0,0,0,0,0,0,0,0,0,0,0,0,0,0,0,0,8199,5,0,0,0,43586,58182,108,0,0,510699,478982,894,0,34336,18323,32,0,0,0,0,0,0,0,0,0,0,0,0,0,0,0,0,0,0,0,0,0,0,0,12265,354618,419207,582,0,0,0,0,0,0,0,0,0,0,0,0,0,0,0,0,0,0,0,0,0,0,0,0,0,0,0,0,0,0,0,0,0,0,0,0,0,0,0,0,0,0,0,0,0,0,0,0,0,0,0,0,0,0,0,0,0,0,0,0,0,0,0,0,0,0,0,0,0,0,0,22534,30,0,0,0,0,0,0,0,0,0,0,0,0,0,0,0,0,0,0,0,0,0,0,0,0,0,0,0,0,0,0,0,0,0,0,0,0,0,0,0,0,0,0,0,0,0,0,0,0,0,0,0,0,0,0,0,0,0,0,0,0,0,0,0,0,0,0,0,0,0,0,0,0,0,0,0,0,0,0,0,0,0,0,0,0,0,0,0,0,0,0,0,0,0,0,0,0,0,0,0,0,0,0,0,0,0,0,0,0,0,0,0,0,0,0,0,0,0,0,0,0,0,0,0,0,0,0,0,0,0,0,0,0,0,0,0,0,0,0,0,0,0,0,0,0,0,0,0,0,0,0,0,0,0,0,0,0
"NO02",122788478,215108,361,226,0,0,0,6227,6821490,39008,10868,340901,3967,533,0,0,0,30563,398,21,7787279,317283,9929,0,0,0,0,0,0,0,0,1629,3,0,0,0,0,0,0,0,2682,0,1,2,14,0,0,0,0,0,0,0,0,0,0,0,0,0,0,0,0,0,0,0,0,0,0,0,0,0,0,0,0,43789,101,0,0,0,0,0,0,0,0,0,0,0,0,0,0,0,0,0,0,0,47,0,0,0,0,0,0,0,0,0,0,0,0,0,0,0,0,0,0,0,0,0,0,0,0,0,0,0,0,0,0,0,0,0,0,0,0,0,0,0,0,0,0,0,0,0,0,0,0,0,0,0,0,0,0,0,0,0,0,0,0,0,0,0,0,0,0,0,0,0,0,0,0,0,0,0,0,0,0,0,0,0,0,0,0,0,0,0,0,0,0,0,0,0,0,0,0,0,0,0,0,0,0,0,0,0,0,0,0,0,0,0,0,0,0,0,0,0,0,0,0,0,0,0,0,0,0,0,0,0,0,0,0,0,0,0,0,0,0,0,0,0,0,0,0,0,0,0,0,0,0,0,0,0,0,0,0,0,0,0,0,0,0,0,0,0,0,0,0,0,0,0,0,0,0,0,0,0,0,0,0,0,0,0,0,0,0,0,0,0,0,0,0,0,0,0,0,0,0,0,0,0,0,0,0,0,0,0,0,0,0,0,0,0,0,0,0,0,0,0,0,0
"NO06",125261175,637425,442,1087,0,0,0,27156,13250696,14591,18823,761984,2185,1354,0,0,0,13503,271,18,10878171,10854,19151,0,0,0,0,0,0,0,0,0,0,0,0,0,0,0,0,0,10681,16,13,1,56,0,0,3832,0,0,0,0,0,0,0,0,0,0,0,0,464311,7,627,2383,0,0,8157835,121768,627301,47,1358,139,0,27198046,421634,0,0,0,0,0,0,0,0,0,0,0,0,0,0,0,14467,0,0,0,54182,0,0,0,0,0,0,0,0,0,0,0,31332,547,52,0,0,0,0,0,0,0,0,0,0,0,0,0,0,0,0,0,0,0,0,31543,5807,66,0,0,0,64812,19007,122,0,0,0,0,0,0,0,0,0,0,0,0,0,0,0,0,0,0,0,0,0,0,0,0,0,0,0,0,0,0,0,0,0,0,0,0,0,0,0,0,0,0,0,0,0,0,0,0,0,0,0,0,0,0,0,0,0,0,0,0,0,0,0,0,0,0,0,0,0,0,0,0,0,0,0,0,0,0,0,0,0,0,0,0,0,0,0,0,0,0,0,0,0,0,0,0,0,0,0,0,0,0,0,0,0,0,0,0,0,0,0,0,0,0,0,0,0,0,0,0,0,0,0,0,0,0,0,0,0,0,0,0,0,0,0,0,0,0,0,0,0,0,0,0,0,0,0,0,0,0,0,0,0,0,0,0,0,0,0,0,0,0,0,0,0,0,0,0,0,0,0,0,0,0,0,0,0,0
"NO07",475721292,650097,30871,1162,0,0,0,0,49227772,506217,62218,3698291,58037,4997,0,0,0,7302,1,12,83986804,2561781,131745,756687,0,0,0,0,0,0,0,1978445,25327,2838,0,0,0,0,0,0,717526,3872,1334,0,0,0,766703,117615,0,0,0,0,0,0,0,0,0,0,0,0,16752,0,9,0,0,0,4279122,47733,607943,83,932,0,0,49684258,224219,0,410,0,0,20730,0,0,0,0,0,0,0,0,0,0,7474,0,0,0,89200,0,0,0,132119,1998,202,0,0,0,0,0,1514509,83884,2890,0,0,0,0,0,0,0,0,0,0,0,0,0,0,0,0,0,0,0,0,1375909,17885,3023,0,0,0,613541,31407,1242,0,0,0,0,0,5745,1214,30722,124,56,0,0,0,0,0,1164,0,0,0,0,0,0,0,0,0,0,0,0,0,736,0,0,0,0,0,0,0,0,0,0,0,0,0,0,0,0,0,0,187,4,0,0,0,0,0,0,0,0,0,0,0,0,0,0,0,0,0,0,0,0,0,0,0,0,0,0,0,0,0,0,0,0,0,0,27,0,0,0,0,0,0,0,0,0,0,0,0,0,0,0,0,0,0,0,0,0,0,0,0,0,0,0,0,0,0,0,0,0,0,0,0,0,0,0,0,0,0,0,0,0,0,0,0,0,0,0,0,0,0,0,0,0,0,0,0,0,0,0,0,0,0,0,0,0,0,0,0,0,0,0,0,0,0,0,0,0,0,0,0,0,0,0,0,0,0,0,0,0
"NO08",90903701,0,0,0,0,0,0,0,448138,126562,590,37744,2028,43,0,0,0,10468,106,7,3724632,1025954,5163,33460,0,0,0,0,0,0,0,30387,6179,41,0,0,0,0,0,0,90768,26549,140,0,0,0,81519,1460,0,0,0,0,0,0,0,0,0,0,0,0,0,0,0,0,0,0,35149,1180,13967,530,15,501,8,719943,40118,0,0,0,0,5809,0,0,0,0,0,0,0,0,0,0,47,0,0,1,790,0,0,0,0,0,0,0,0,0,0,0,12694,1890,27,0,0,0,0,0,0,0,0,0,0,0,0,0,0,0,0,0,0,0,0,0,0,0,0,0,0,493,17,1,0,0,0,0,0,31212,151,5167,37,3,985,2,2642,107,5,58,113,0,0,0,0,0,0,0,0,0,0,0,0,4,0,0,0,0,0,0,0,0,0,0,0,0,0,0,0,0,0,0,0,0,0,0,0,0,0,0,0,0,0,0,0,0,0,0,0,0,0,0,0,0,0,0,0,0,0,0,0,0,0,0,0,0,0,0,0,0,0,0,0,0,0,0,0,0,0,0,0,0,0,0,0,0,0,0,0,0,0,0,0,0,0,0,0,0,0,0,0,0,0,0,0,0,0,0,0,0,0,0,0,0,0,0,0,0,0,0,0,0,0,0,0,0,0,0,0,0,0,0,0,0,0,0,0,0,0,0,0,0,0,0,0,0,0,0,0,0,0,0,0,0,0,0,0,0,0,0,0,0
"NO09",25829775,0,0,0,0,0,0,0,63423,52383,91,0,0,0,0,0,0,0,0,0,496654,226491,748,41017,0,0,0,0,0,0,0,1305,534,2,0,0,0,0,0,0,83328,26853,103,0,0,0,70540,4781,0,0,0,0,0,0,0,0,0,0,0,0,0,0,0,0,0,0,313,305,0,0,0,0,0,651328,104584,0,39,1,0,18726,0,0,0,0,0,0,0,0,0,0,1,0,0,0,990,0,0,0,0,0,0,0,0,0,0,0,21162,5408,38,0,0,0,0,0,0,0,0,0,0,0,0,0,0,0,0,0,0,0,0,2120,553,0,0,0,0,8345,2338,7,0,0,0,0,0,35134,123,2992,330,14,0,0,0,0,0,79,0,0,0,0,0,0,0,0,0,0,0,0,0,339,0,0,0,0,0,0,0,0,0,0,0,0,0,0,0,0,0,0,6,0,0,0,0,0,0,0,0,0,0,0,0,0,0,0,0,0,0,0,0,0,0,0,0,0,0,0,0,0,0,0,0,0,0,0,32,0,0,0,0,0,0,0,0,0,0,0,0,0,0,0,0,0,0,0,0,0,0,0,0,0,0,0,0,0,0,0,0,0,0,0,0,0,0,0,0,0,0,0,0,0,0,0,0,0,0,0,0,0,0,0,0,0,0,0,0,0,0,0,0,0,0,0,0,0,0,0,0,0,0,0,0,0,0,0,0,0,0,0,0,0,0,0,0,0,0,0,0,0
"PL21",115273787,5303298,519581,7336,0,0,0,1683349,11403,1772,24,19436164,3370118,30023,0,0,0,3348086,317326,4983,298651,98894,588,0,0,0,0,0,0,0,0,0,0,0,0,0,0,0,0,0,0,0,0,127642,2116,0,0,0,0,0,0,0,0,0,0,0,0,0,0,0,449204,23089,488,59678,4544,75,1129,1,1030403,143595,1399,247812,47294,3371,47,0,0,0,0,0,0,0,0,0,0,0,0,0,0,0,2,0,0,411,1,0,0,0,0,0,0,0,0,0,0,0,0,0,0,0,0,0,0,0,0,0,0,0,0,0,0,0,0,0,0,0,0,0,0,0,0,0,0,0,0,0,0,0,0,0,0,0,0,0,0,0,0,0,0,0,0,0,0,0,0,0,0,0,0,0,0,0,0,0,0,0,0,0,0,0,0,0,0,0,0,0,0,0,0,0,0,0,0,0,0,0,0,0,0,0,0,0,0,0,0,0,0,0,0,0,0,0,0,0,0,0,0,0,0,0,0,0,0,0,0,0,0,0,0,0,0,0,0,0,0,0,0,0,0,0,0,0,0,0,0,0,0,0,0,0,0,0,0,0,0,0,0,0,0,0,0,0,0,0,0,0,0,0,0,0,0,0,0,0,0,0,0,0,0,0,0,0,0,0,0,0,0,0,0,0,0,0,0,0,0,0,0,0,0,0,0,0,0,0,0,0,0,0,0,0,0,0,0,0,0,0,0,0,0,0,0,0,0,0,0,0
"PL22",98353102,4827357,332197,7249,0,0,0,374149,136261,6898,208,14179609,1251839,21074,0,0,0,1487679,186810,2297,574420,43808,852,0,0,0,0,0,0,0,0,0,0,0,0,0,0,0,0,0,0,0,0,33192,589,0,0,0,0,0,0,0,0,0,0,0,0,0,0,0,376436,5481,552,20994,811,30,2404,58,1039918,26473,1473,50104,1492,796,3,0,0,0,0,0,0,0,0,0,0,0,0,0,0,0,5,0,0,72,0,0,0,0,0,0,0,0,0,0,0,0,0,0,0,0,0,0,0,0,0,0,0,0,0,0,0,0,0,0,0,0,0,0,0,0,0,0,0,0,0,0,0,0,0,0,0,0,0,0,0,0,0,0,0,0,0,0,0,0,0,0,0,0,0,0,0,0,0,0,0,0,0,0,0,0,0,0,0,0,0,0,0,0,0,0,0,0,0,0,0,0,0,0,0,0,0,0,0,0,0,0,0,0,0,0,0,0,0,0,0,0,0,0,0,0,0,0,0,0,0,0,0,0,0,0,0,0,0,0,0,0,0,0,0,0,0,0,0,0,0,0,0,0,0,0,0,0,0,0,0,0,0,0,0,0,0,0,0,0,0,0,0,0,0,0,0,0,0,0,0,0,0,0,0,0,0,0,0,0,0,0,0,0,0,0,0,0,0,0,0,0,0,0,0,0,0,0,0,0,0,0,0,0,0,0,0,0,0,0,0,0,0,0,0,0,0,0,0,0,0,0
"PL41",257604660,122177,58848,242,0,0,0,3,2162,85,1,26190227,12212943,46084,0,0,0,855140,226150,1293,796884,146192,1354,0,0,0,0,0,0,0,0,0,0,0,0,0,0,0,0,0,0,0,0,8,0,0,0,0,0,0,0,0,0,0,0,0,0,0,0,0,0,0,0,0,0,0,0,0,0,0,0,0,0,0,0,0,0,0,0,0,0,0,0,0,0,0,0,0,0,0,0,0,0,0,0,0,0,0,0,0,0,0,0,0,0,0,0,0,0,0,0,0,0,0,0,0,0,0,0,0,0,0,0,0,0,0,0,0,0,0,0,0,0,0,0,0,0,0,0,0,0,0,0,0,0,0,0,0,0,0,0,0,0,0,0,0,0,0,0,0,0,0,0,0,0,0,0,0,0,0,0,0,0,0,0,0,0,0,0,0,0,0,0,0,0,0,0,0,0,0,0,0,0,0,0,0,0,0,0,0,0,0,0,0,0,0,0,0,0,0,0,0,0,0,0,0,0,0,0,0,0,0,0,0,0,0,0,0,0,0,0,0,0,0,0,0,0,0,0,0,0,0,0,0,0,0,0,0,0,0,0,0,0,0,0,0,0,0,0,0,0,0,0,0,0,0,0,0,0,0,0,0,0,0,0,0,0,0,0,0,0,0,0,0,0,0,0,0,0,0,0,0,0,0,0,0,0,0,0,0,0,0,0,0,0,0,0,0,0,0,0,0,0,0,0,0
"PL42",186776909,23534,5389,39,0,0,0,1181,143,0,0,26830258,5268597,35805,0,0,0,2870321,358632,3450,685250,145471,1048,34309,0,0,0,0,0,0,0,0,0,0,910466,283966,1380,0,5910,3,123697,67836,181,220,0,1339,26458,0,0,0,0,0,0,0,0,0,0,0,0,0,0,0,0,0,0,0,0,0,0,0,0,0,0,0,0,0,0,0,0,10687,0,0,0,0,0,0,0,0,0,0,0,0,0,0,0,0,0,0,0,0,0,0,0,0,0,0,0,0,0,0,0,0,0,0,0,0,0,0,0,0,0,0,0,0,0,0,0,0,0,0,0,0,0,0,0,0,0,0,0,0,0,0,0,11960,45,0,0,0,4030,6,19819,5361,31,42,2204,0,0,0,0,0,0,0,0,0,0,0,0,0,0,0,0,0,0,0,0,0,0,0,0,0,0,0,0,0,0,0,0,0,0,0,0,0,0,0,0,0,0,0,0,0,0,0,0,0,0,0,0,0,0,0,0,0,0,0,0,0,0,0,0,0,0,0,0,0,0,0,0,0,0,0,0,0,0,0,0,0,0,0,0,0,0,0,0,0,0,0,0,0,0,0,0,0,0,0,0,0,0,0,0,0,0,0,0,0,0,0,0,0,0,0,0,0,0,0,0,0,0,0,0,0,0,0,0,0,0,0,0,0,0,0,0,0,0,0,0,0,0,0,0,0,0,0,0,0,0,0,0,0,0,0,0,0,0,0,0,0
"PL43",116614523,154746,9763,173,0,0,0,165407,985,55,1,14102301,2887675,19005,0,0,0,4940424,528538,6392,389291,58556,571,0,0,0,0,0,0,0,0,0,0,0,0,0,0,0,0,0,0,0,0,9326,208,0,0,0,0,0,0,0,0,0,0,0,0,0,0,0,0,0,0,0,0,0,0,0,0,0,0,0,0,0,0,0,0,0,0,0,0,0,0,0,0,0,0,0,0,0,0,0,0,0,0,0,0,0,0,0,0,0,0,0,0,0,0,0,0,0,0,0,0,0,0,0,0,0,0,0,0,0,0,0,0,0,0,0,0,0,0,0,0,0,0,0,0,0,0,0,0,0,0,0,0,0,0,0,0,0,0,0,0,0,0,0,0,0,0,0,0,0,0,0,0,0,0,0,0,0,0,0,0,0,0,0,0,0,0,0,0,0,0,0,0,0,0,0,0,0,0,0,0,0,0,0,0,0,0,0,0,0,0,0,0,0,0,0,0,0,0,0,0,0,0,0,0,0,0,0,0,0,0,0,0,0,0,0,0,0,0,0,0,0,0,0,0,0,0,0,0,0,0,0,0,0,0,0,0,0,0,0,0,0,0,0,0,0,0,0,0,0,0,0,0,0,0,0,0,0,0,0,0,0,0,0,0,0,0,0,0,0,0,0,0,0,0,0,0,0,0,0,0,0,0,0,0,0,0,0,0,0,0,0,0,0,0,0,0,0,0,0,0,0,0,0
"PL51",169510497,2160705,103720,2708,0,0,0,313724,63345,1373,101,19911741,1723584,29813,0,0,0,4326773,499552,6141,565266,40157,940,0,0,0,0,0,0,0,0,0,0,0,0,0,0,0,0,0,0,0,0,23818,328,0,0,0,0,0,0,0,0,0,0,0,0,0,0,0,57,0,0,0,0,0,0,0,176744,712,220,10419,17,3274,72,0,0,0,0,0,0,0,0,0,0,0,0,0,0,0,0,0,0,20,2,0,0,0,0,0,0,0,0,0,0,0,0,0,0,0,0,0,0,0,0,0,0,0,0,0,0,0,0,0,0,0,0,0,0,0,0,0,0,0,0,0,0,0,0,0,0,0,0,0,0,0,0,0,0,0,0,0,0,0,0,0,0,0,0,0,0,0,0,0,0,0,0,0,0,0,0,0,0,0,0,0,0,0,0,0,0,0,0,0,0,0,0,0,0,0,0,0,0,0,0,0,0,0,0,0,0,0,0,0,0,0,0,0,0,0,0,0,0,0,0,0,0,0,0,0,0,0,0,0,0,0,0,0,0,0,0,0,0,0,0,0,0,0,0,0,0,0,0,0,0,0,0,0,0,0,0,0,0,0,0,0,0,0,0,0,0,0,0,0,0,0,0,0,0,0,0,0,0,0,0,0,0,0,0,0,0,0,0,0,0,0,0,0,0,0,0,0,0,0,0,0,0,0,0,0,0,0,0,0,0,0,0,0,0,0,0,0,0,0,0,0
"PL52",85099486,679074,98813,868,0,0,0,17513,38812,1956,74,6240716,1354758,7631,0,0,0,320912,57160,316,187130,19416,275,0,0,0,0,0,0,0,0,0,0,0,0,0,0,0,0,0,0,0,0,2256,10,0,0,0,0,0,0,0,0,0,0,0,0,0,0,0,0,0,0,0,0,0,0,0,0,0,0,0,0,0,0,0,0,0,0,0,0,0,0,0,0,0,0,0,0,0,0,0,0,0,0,0,0,0,0,0,0,0,0,0,0,0,0,0,0,0,0,0,0,0,0,0,0,0,0,0,0,0,0,0,0,0,0,0,0,0,0,0,0,0,0,0,0,0,0,0,0,0,0,0,0,0,0,0,0,0,0,0,0,0,0,0,0,0,0,0,0,0,0,0,0,0,0,0,0,0,0,0,0,0,0,0,0,0,0,0,0,0,0,0,0,0,0,0,0,0,0,0,0,0,0,0,0,0,0,0,0,0,0,0,0,0,0,0,0,0,0,0,0,0,0,0,0,0,0,0,0,0,0,0,0,0,0,0,0,0,0,0,0,0,0,0,0,0,0,0,0,0,0,0,0,0,0,0,0,0,0,0,0,0,0,0,0,0,0,0,0,0,0,0,0,0,0,0,0,0,0,0,0,0,0,0,0,0,0,0,0,0,0,0,0,0,0,0,0,0,0,0,0,0,0,0,0,0,0,0,0,0,0,0,0,0,0,0,0,0,0,0,0,0,0,0
"PL61",159998139,2112,627,1,0,0,0,0,1558,108,1,13665443,4943070,42810,0,0,0,388552,92819,613,497424,84816,965,0,0,0,0,0,0,0,0,0,0,0,0,0,0,0,0,0,0,0,0,0,0,0,0,0,0,0,0,0,0,0,0,0,0,0,0,0,0,0,0,0,0,0,0,0,0,0,0,0,0,0,0,0,0,0,0,0,0,0,0,0,0,0,0,0,0,0,0,0,0,0,0,0,0,0,0,0,0,0,0,0,0,0,0,0,0,0,0,0,0,0,0,0,0,0,0,0,0,0,0,0,0,0,0,0,0,0,0,0,0,0,0,0,0,0,0,0,0,0,0,0,0,0,0,0,0,0,0,0,0,0,0,0,0,0,0,0,0,0,0,0,0,0,0,0,0,0,0,0,0,0,0,0,0,0,0,0,0,0,0,0,0,0,0,0,0,0,0,0,0,0,0,0,0,0,0,0,0,0,0,0,0,0,0,0,0,0,0,0,0,0,0,0,0,0,0,0,0,0,0,0,0,0,0,0,0,0,0,0,0,0,0,0,0,0,0,0,0,0,0,0,0,0,0,0,0,0,0,0,0,0,0,0,0,0,0,0,0,0,0,0,0,0,0,0,0,0,0,0,0,0,0,0,0,0,0,0,0,0,0,0,0,0,0,0,0,0,0,0,0,0,0,0,0,0,0,0,0,0,0,0,0,0,0,0,0,0,0,0,0,0,0,0
"PL62",189039058,63660,14501,150,0,0,0,463,2133,268,16,35433227,8800040,191213,0,0,0,4816692,925751,11361,669043,100916,15665,1364,0,0,0,0,0,0,0,0,0,0,22501,2723,4185,0,0,0,3384,2538,2637,38,1,0,297,0,0,0,0,0,0,0,0,0,0,0,0,0,0,0,0,0,0,0,0,0,0,0,0,0,0,0,0,0,0,0,0,570,0,0,0,0,0,0,0,0,0,0,0,0,0,0,0,0,0,0,0,0,0,0,0,0,0,0,0,0,0,0,0,0,0,0,0,0,0,0,0,0,0,0,0,0,0,0,0,0,0,0,0,0,0,0,0,0,0,0,0,0,0,0,0,9,62,0,0,0,208,25,1072,3,275,216,1,0,0,0,0,0,0,0,0,0,0,0,0,0,0,0,0,0,0,0,0,0,0,0,0,0,0,0,0,0,0,0,0,0,0,0,0,0,0,0,0,0,0,0,0,0,0,0,0,0,0,0,0,0,0,0,0,0,0,0,0,0,0,0,0,0,0,0,0,0,0,0,0,0,0,0,0,0,0,0,0,0,0,0,0,0,0,0,0,0,0,0,0,0,0,0,0,0,0,0,0,0,0,0,0,0,0,0,0,0,0,0,0,0,0,0,0,0,0,0,0,0,0,0,0,0,0,0,0,0,0,0,0,0,0,0,0,0,0,0,0,0,0,0,0,0,0,0,0,0,0,0,0,0,0,0,0,0,0,0,0,0
"PL63",155410369,0,0,0,0,0,0,0,0,0,0,18394634,3199222,116778,0,0,0,3039959,403436,4968,490185,104762,13867,1353,10835,800,13,0,0,0,0,0,0,0,431829,43069,12358,0,5205,5124,39165,15382,18428,0,0,637,2939,735,0,0,0,0,0,0,0,0,0,0,0,0,0,0,0,0,0,0,0,0,0,0,0,0,0,0,0,0,459,2,0,22,0,0,0,0,0,0,0,0,0,0,0,0,0,0,0,0,0,0,0,0,0,0,0,0,0,0,0,0,0,0,0,0,0,0,0,0,0,0,0,0,0,0,0,0,0,0,0,0,0,0,0,0,0,0,0,0,0,0,0,0,0,0,0,104,1414,0,0,0,112,42,1300,7,124,895,2,0,0,0,0,0,0,0,0,0,0,0,0,0,0,0,0,0,0,0,0,0,0,0,0,0,0,0,0,0,0,0,0,0,0,0,0,0,0,0,0,0,0,0,0,0,0,0,0,0,0,0,0,0,0,0,0,0,0,0,0,0,0,0,0,0,0,0,0,0,0,0,0,0,0,0,0,0,0,0,0,0,0,0,0,0,0,0,0,0,0,0,0,0,0,0,0,0,0,0,0,0,0,0,0,0,0,0,0,0,0,0,0,0,0,0,0,0,0,0,0,0,0,0,0,0,0,0,0,0,0,0,0,0,0,0,0,0,0,0,0,0,0,0,0,0,0,0,0,0,0,0,0,0,0,0,0,0,0,0,0,0
"PL71",148469483,524389,99929,969,0,0,0,125219,30134,600,61,20443283,4295475,34430,0,0,0,6744973,809894,12424,525928,65746,846,0,0,0,0,0,0,0,0,0,0,0,0,0,0,0,0,0,0,0,0,16027,213,0,0,0,0,0,0,0,0,0,0,0,0,0,0,0,0,0,0,0,0,0,0,0,0,0,0,0,0,0,0,0,0,0,0,0,0,0,0,0,0,0,0,0,0,0,0,0,0,0,0,0,0,0,0,0,0,0,0,0,0,0,0,0,0,0,0,0,0,0,0,0,0,0,0,0,0,0,0,0,0,0,0,0,0,0,0,0,0,0,0,0,0,0,0,0,0,0,0,0,0,0,0,0,0,0,0,0,0,0,0,0,0,0,0,0,0,0,0,0,0,0,0,0,0,0,0,0,0,0,0,0,0,0,0,0,0,0,0,0,0,0,0,0,0,0,0,0,0,0,0,0,0,0,0,0,0,0,0,0,0,0,0,0,0,0,0,0,0,0,0,0,0,0,0,0,0,0,0,0,0,0,0,0,0,0,0,0,0,0,0,0,0,0,0,0,0,0,0,0,0,0,0,0,0,0,0,0,0,0,0,0,0,0,0,0,0,0,0,0,0,0,0,0,0,0,0,0,0,0,0,0,0,0,0,0,0,0,0,0,0,0,0,0,0,0,0,0,0,0,0,0,0,0,0,0,0,0,0,0,0,0,0,0,0,0,0,0,0,0,0,0
"PL72",90802085,6003239,1005744,9604,0,0,0,952414,72121,12987,111,12142661,2147490,18770,0,0,0,3110367,400310,5206,210101,22592,344,0,0,0,0,0,0,0,0,0,0,0,0,0,0,0,0,0,0,0,0,173828,1460,0,0,0,0,0,0,0,0,0,0,0,0,0,0,0,0,0,0,0,0,0,0,0,0,0,0,0,0,0,0,0,0,0,0,0,0,0,0,0,0,0,0,0,0,0,0,0,0,0,0,0,0,0,0,0,0,0,0,0,0,0,0,0,0,0,0,0,0,0,0,0,0,0,0,0,0,0,0,0,0,0,0,0,0,0,0,0,0,0,0,0,0,0,0,0,0,0,0,0,0,0,0,0,0,0,0,0,0,0,0,0,0,0,0,0,0,0,0,0,0,0,0,0,0,0,0,0,0,0,0,0,0,0,0,0,0,0,0,0,0,0,0,0,0,0,0,0,0,0,0,0,0,0,0,0,0,0,0,0,0,0,0,0,0,0,0,0,0,0,0,0,0,0,0,0,0,0,0,0,0,0,0,0,0,0,0,0,0,0,0,0,0,0,0,0,0,0,0,0,0,0,0,0,0,0,0,0,0,0,0,0,0,0,0,0,0,0,0,0,0,0,0,0,0,0,0,0,0,0,0,0,0,0,0,0,0,0,0,0,0,0,0,0,0,0,0,0,0,0,0,0,0,0,0,0,0,0,0,0,0,0,0,0,0,0,0,0,0,0,0,0
"PL81",207943704,3294390,398871,6234,247,52,1,491249,48284,14621,90,29156643,5374920,41991,203,2,1,3329515,592924,6063,451694,37120,641,0,0,0,0,0,0,0,0,0,0,0,0,0,0,0,0,0,0,0,0,46991,1039,0,0,316,0,0,0,0,0,0,0,0,0,0,0,0,0,0,0,0,0,0,0,0,0,0,0,0,0,0,0,0,0,0,0,0,0,0,0,0,0,0,0,0,0,0,0,0,0,0,0,0,0,0,0,0,0,0,0,0,0,0,0,0,0,0,0,0,0,0,0,0,0,0,0,0,0,0,0,0,0,0,0,0,0,0,0,0,0,0,0,0,0,0,0,0,0,0,0,0,0,0,0,0,0,0,0,0,0,0,0,0,0,0,0,0,0,0,0,0,0,0,0,0,0,0,0,0,0,0,0,0,0,0,0,0,0,0,0,0,0,0,0,0,0,0,0,0,0,0,0,0,0,0,0,0,0,0,0,0,0,0,0,0,0,0,0,0,0,0,0,0,0,0,0,0,0,0,0,0,0,0,0,0,0,0,0,0,0,0,0,0,0,0,0,0,0,0,0,0,0,0,0,0,0,0,0,0,0,0,0,0,0,0,0,0,0,0,0,0,0,0,0,0,0,0,0,0,0,0,0,0,0,0,0,0,0,0,0,0,0,0,0,0,0,0,0,0,0,0,0,0,0,0,0,0,0,0,0,0,0,0,0,0,0,0,0,0,0,0,0,0
"PL82",140583416,1423955,96942,1785,0,0,0,477404,2391,6,1,23009190,1594617,33788,0,0,0,9731693,530375,13559,467776,65836,756,0,0,0,0,0,0,0,0,0,0,0,0,0,0,0,0,0,0,0,0,25839,694,0,0,0,0,0,0,0,0,0,0,0,0,0,0,0,1973,30,0,3652,5,4,0,0,230057,3415,211,163990,2445,0,0,0,0,0,0,0,0,0,0,0,0,0,0,0,0,0,0,0,0,168,0,0,0,0,0,0,0,0,0,0,0,0,0,0,0,0,0,0,0,0,0,0,0,0,0,0,0,0,0,0,0,0,0,0,0,0,0,0,0,0,0,0,0,0,0,0,0,0,0,0,0,0,0,0,0,0,0,0,0,0,0,0,0,0,0,0,0,0,0,0,0,0,0,0,0,0,0,0,0,0,0,0,0,0,0,0,0,0,0,0,0,0,0,0,0,0,0,0,0,0,0,0,0,0,0,0,0,0,0,0,0,0,0,0,0,0,0,0,0,0,0,0,0,0,0,0,0,0,0,0,0,0,0,0,0,0,0,0,0,0,0,0,0,0,0,0,0,0,0,0,0,0,0,0,0,0,0,0,0,0,0,0,0,0,0,0,0,0,0,0,0,0,0,0,0,0,0,0,0,0,0,0,0,0,0,0,0,0,0,0,0,0,0,0,0,0,0,0,0,0,0,0,0,0,0,0,0,0,0,0,0,0,0,0,0,0,0,0,0,0,0,0
"PL84",152488732,14827,26342,14,0,0,0,616,612,61,0,25908197,17429364,41282,0,0,0,2797775,1678346,4305,243906,67445,342,0,0,0,0,0,0,0,0,0,0,0,0,0,0,0,0,0,0,0,0,620,0,0,0,0,0,0,0,0,0,581538,449202,807,0,2055,17,1,0,0,0,0,0,0,0,0,0,0,0,0,0,0,0,0,0,0,0,0,0,0,0,0,83263,48417,99,0,0,0,0,0,0,0,0,0,0,0,0,0,0,0,0,0,0,0,0,0,0,0,0,0,0,0,0,0,0,0,0,0,0,0,0,0,0,0,0,0,0,0,0,0,0,0,0,0,0,0,0,0,0,0,0,0,0,0,0,0,0,0,0,0,0,0,0,0,0,0,0,0,0,0,0,0,0,0,0,0,0,0,0,0,0,0,0,0,0,0,0,0,0,0,0,0,0,0,0,0,0,0,0,0,0,0,0,0,0,0,0,0,0,0,0,0,0,0,0,0,0,0,0,0,0,0,0,0,0,0,0,0,0,0,0,0,0,0,0,0,0,0,0,0,0,0,0,0,0,0,0,0,0,0,0,0,0,0,0,0,0,0,0,0,0,0,0,0,0,0,0,0,0,0,0,0,0,0,0,0,0,0,0,0,0,0,0,0,0,0,0,0,0,0,0,0,0,0,0,0,0,0,0,0,0,0,0,0,0,0,0,0,0,0,0,0,0,0,0,0,0,0,0,0,0,0,0,0
"PL91",45711693,59253,7097,88,0,0,0,27208,1624,317,1,11349818,1689406,16989,0,0,0,1595742,161834,2670,331227,71092,435,0,0,0,0,0,0,0,0,0,0,0,0,0,0,0,0,0,0,0,0,1952,76,0,0,0,0,0,0,0,0,0,0,0,0,0,0,0,0,0,0,0,0,0,0,0,0,0,0,0,0,0,0,0,0,0,0,0,0,0,0,0,0,0,0,0,0,0,0,0,0,0,0,0,0,0,0,0,0,0,0,0,0,0,0,0,0,0,0,0,0,0,0,0,0,0,0,0,0,0,0,0,0,0,0,0,0,0,0,0,0,0,0,0,0,0,0,0,0,0,0,0,0,0,0,0,0,0,0,0,0,0,0,0,0,0,0,0,0,0,0,0,0,0,0,0,0,0,0,0,0,0,0,0,0,0,0,0,0,0,0,0,0,0,0,0,0,0,0,0,0,0,0,0,0,0,0,0,0,0,0,0,0,0,0,0,0,0,0,0,0,0,0,0,0,0,0,0,0,0,0,0,0,0,0,0,0,0,0,0,0,0,0,0,0,0,0,0,0,0,0,0,0,0,0,0,0,0,0,0,0,0,0,0,0,0,0,0,0,0,0,0,0,0,0,0,0,0,0,0,0,0,0,0,0,0,0,0,0,0,0,0,0,0,0,0,0,0,0,0,0,0,0,0,0,0,0,0,0,0,0,0,0,0,0,0,0,0,0,0,0,0,0,0
"PL92",229329247,151207,29951,210,0,0,0,44782,2036,50,3,36686816,15085928,60271,0,0,0,9804476,2488946,15860,642409,59327,962,0,0,0,0,0,0,0,0,0,0,0,0,0,0,0,0,0,0,0,0,2722,65,0,0,0,0,0,0,0,0,93455,28394,75,0,1795,146,1,0,0,0,0,0,0,0,0,0,0,0,0,0,0,0,0,0,0,0,0,0,0,0,0,8695,2827,6,0,0,0,0,0,0,0,0,0,0,0,0,0,0,0,0,0,0,0,0,0,0,0,0,0,0,0,0,0,0,0,0,0,0,0,0,0,0,0,0,0,0,0,0,0,0,0,0,0,0,0,0,0,0,0,0,0,0,0,0,0,0,0,0,0,0,0,0,0,0,0,0,0,0,0,0,0,0,0,0,0,0,0,0,0,0,0,0,0,0,0,0,0,0,0,0,0,0,0,0,0,0,0,0,0,0,0,0,0,0,0,0,0,0,0,0,0,0,0,0,0,0,0,0,0,0,0,0,0,0,0,0,0,0,0,0,0,0,0,0,0,0,0,0,0,0,0,0,0,0,0,0,0,0,0,0,0,0,0,0,0,0,0,0,0,0,0,0,0,0,0,0,0,0,0,0,0,0,0,0,0,0,0,0,0,0,0,0,0,0,0,0,0,0,0,0,0,0,0,0,0,0,0,0,0,0,0,0,0,0,0,0,0,0,0,0,0,0,0,0,0,0,0,0,0,0,0,0,0
"PT11",184806725,1287,113,142,0,0,0,9,160,0,0,6784265,100854,266426,0,0,0,629136,7008,32541,35343,279,1585,0,0,0,0,0,0,0,0,0,0,0,0,0,0,0,0,0,0,0,0,0,1,0,0,0,0,0,0,0,0,0,0,0,0,0,0,0,140,17,92,0,0,0,6,0,13036048,3129812,1013437,1427193,318807,147220,88046,1792,0,0,0,0,0,0,0,0,0,0,0,0,0,0,0,0,0,119476,2969,0,0,0,0,0,0,56896,109004,239,4140,21,12394,24377,75,337370,319578,890,12013,10408,34,8922,16642,0,0,0,0,0,17,0,0,0,0,0,0,0,0,0,0,0,0,0,0,0,0,0,0,0,0,0,0,0,0,0,0,0,0,0,0,0,0,0,0,0,0,0,0,0,0,0,0,0,0,0,0,0,0,0,0,0,0,0,0,0,0,0,0,0,0,0,0,0,0,0,0,0,0,0,0,0,0,0,0,0,0,0,0,0,0,0,0,0,0,0,0,0,0,0,0,0,0,0,0,0,0,0,0,0,0,0,0,0,0,0,0,0,0,0,0,0,0,0,0,0,0,0,0,0,0,0,0,0,0,0,0,0,0,0,0,0,0,0,0,0,0,0,0,0,0,0,0,0,0,0,0,0,0,0,0,0,0,0,0,0,0,0,0,0,0,0,0,0,0,0,0,0,0,0,0,0,0,0,0,0,0,0,0,0,0,0,0,0,0,0,0,0,0,0,0,0,0,0
"PT15",44557840,998595,24537,16578,378480,16143,981,795,21329,217,196,2812330,56286,40844,172850,3602,1348,334637,3219,4060,42138,1862,683,58,63378,475,2335,200,3,11,2,1191,106,141,103379,3244,2437,2978,5502,391,8147,669,59,44,2,0,0,0,0,0,0,0,0,0,0,0,0,0,0,0,0,0,0,0,0,0,0,0,0,0,0,0,0,0,0,0,0,0,0,0,0,187,7,0,0,0,0,0,0,0,0,0,0,0,0,0,0,0,0,0,0,0,0,0,0,0,0,0,0,0,0,0,0,0,0,0,0,0,0,0,0,0,0,0,0,0,0,0,0,0,0,0,0,0,0,0,0,0,0,0,0,0,0,0,0,0,0,0,0,0,0,0,0,0,0,0,0,0,0,0,0,0,0,0,0,0,0,0,0,0,0,0,0,0,0,0,0,0,0,0,0,0,0,0,0,0,0,0,0,0,0,0,0,0,0,0,0,0,0,0,0,0,0,0,0,0,0,0,0,0,0,0,0,0,0,0,0,0,0,0,0,0,0,0,0,0,0,0,0,0,0,0,0,0,0,0,0,0,0,0,0,0,0,0,0,0,0,0,0,0,0,0,0,0,0,0,0,0,0,0,0,0,0,0,0,0,0,0,0,0,0,0,0,0,0,0,0,0,0,0,0,0,0,0,0,0,0,0,0,0,0,0,0,0,0,0,0,0,0,0,0,0,0,0,0,0,0,0,0,0,0,0,0,0,0,0
"PT19",194875173,2937,90,13,0,0,0,262,0,4,0,13309855,200773,648595,7294,0,3,5229814,50312,263604,32830,788,681,0,0,0,0,0,0,0,0,4,1,0,0,0,0,0,31,0,4,28,0,0,0,110,0,0,0,0,0,0,0,0,0,0,22,0,0,0,2044651,790758,6877,70509,26384,212,11621,8411,8075965,2004757,425292,3092096,381915,83105,42528,5997,0,0,0,0,0,0,0,0,0,0,0,3725,954,19,27,43,14,176415,2405,2474,17318,41,33,515,6,26905,34338,127,5187,41,12482,5624,31,100226,81094,472,7554,20537,67,1093,585,15272,12042,80,149,387,2,0,0,0,0,0,0,0,0,0,0,0,0,0,0,0,0,0,0,0,0,0,0,0,0,0,0,0,0,0,0,0,0,0,0,0,0,0,0,0,0,0,0,0,0,0,0,0,0,0,0,0,0,0,0,0,0,0,0,0,0,0,0,0,0,0,0,0,0,0,0,0,0,0,0,0,0,0,0,0,0,0,0,0,0,0,0,0,0,0,0,0,0,0,0,0,0,0,0,0,0,0,0,0,0,0,0,0,0,0,0,0,0,0,0,0,0,0,0,0,0,0,0,0,0,0,0,0,0,0,0,0,0,0,0,0,0,0,0,0,0,0,0,0,0,0,0,0,0,0,0,0,0,0,0,0,0,0,0,0,0,0,0,0,0,0,0,0,0,0,0,0,0,0,0,0,0,0,0,0,0,0,0,0,0,0,0,0,0,0,0,0,0,0
"PT1A",10922628,1261466,110428,2968,7062,1919,12,5031,42165,8494,60,674585,102535,1652,14760,4434,31,8953,357,23,78582,21583,189,0,69571,9315,220,0,0,580,0,4436,1244,6,40376,8168,94,0,19,0,1928,550,2,159,16,0,0,201,69892,3965,168,586,19,4204,233,3,66,0,0,0,0,0,0,0,0,0,0,0,0,0,0,0,0,0,0,0,0,0,0,0,0,0,0,0,0,0,0,0,0,0,0,0,0,0,0,0,0,0,0,0,0,0,0,0,0,0,0,0,0,0,0,0,0,0,0,0,0,0,0,0,0,0,0,0,0,0,0,0,0,0,0,0,0,0,0,0,0,0,0,0,0,0,0,0,0,0,0,0,0,0,0,0,0,0,0,0,0,0,0,0,0,0,0,0,0,0,0,0,0,0,0,0,0,0,0,0,0,0,0,0,0,0,0,0,0,0,0,0,0,0,0,0,0,0,0,0,0,0,0,0,0,0,0,0,0,0,0,0,0,0,0,0,0,0,0,0,0,0,0,0,0,0,0,0,0,0,0,0,0,0,0,0,0,0,0,0,0,0,0,0,0,0,0,0,0,0,0,0,0,0,0,0,0,0,0,0,0,0,0,0,0,0,0,0,0,0,0,0,0,0,0,0,0,0,0,0,0,0,0,0,0,0,0,0,0,0,0,0,0,0,0,0,0,0,0,0,0,0,0,0,0,0,0,0,0,0,0,0,0,0,0,0,0,0,0,0
"PT1B",11907777,93613,7452,179,12,0,0,2228,2781,145,3,2080359,82331,4566,7166,147,5,98446,2880,223,66518,3874,134,0,34698,1723,83,0,0,855,0,2190,304,6,111749,4392,263,0,144,0,28590,1118,54,15,4,0,0,0,0,0,0,0,0,429403,9596,946,3,11794,87,28,0,0,0,0,0,0,0,0,0,0,0,0,0,0,0,0,0,0,0,0,0,0,0,0,0,0,0,0,0,0,0,0,0,0,0,0,0,0,0,0,0,0,0,0,0,0,0,0,0,0,0,0,0,0,0,0,0,0,0,0,0,0,0,0,0,0,0,0,0,0,0,0,0,0,0,0,0,0,0,0,0,0,0,0,0,0,0,0,0,0,0,0,0,0,0,0,0,0,0,0,0,0,0,0,0,0,0,0,0,0,0,0,0,0,0,0,0,0,0,0,0,0,0,0,0,0,0,0,0,0,0,0,0,0,0,0,0,0,0,0,0,0,0,0,0,0,0,0,0,0,0,0,0,0,0,0,0,0,0,0,0,0,0,0,0,0,0,0,0,0,0,0,0,0,0,0,0,0,0,0,0,0,0,0,0,0,0,0,0,0,0,0,0,0,0,0,0,0,0,0,0,0,0,0,0,0,0,0,0,0,0,0,0,0,0,0,0,0,0,0,0,0,0,0,0,0,0,0,0,0,0,0,0,0,0,0,0,0,0,0,0,0,0,0,0,0,0,0,0,0,0,0,0,0,0,0
"PT1C",183895793,1250754,63708,4186,20380,2075,95,571693,24126,502,69,50697424,1319760,167980,44560,4597,114,28328804,560265,116003,697544,32761,1983,60,0,0,0,0,0,0,0,0,0,0,193616,13446,446,0,20706,31,7608,606,11,10977,1623,1362,30,0,135382,5436,367,0,0,1214507,32338,3707,0,3988,9,12,0,0,0,0,0,0,0,0,96730,1793,344,33147,440,34,0,0,0,0,0,0,0,0,0,230281,2593973,59261,9656,0,0,0,0,0,0,104,0,0,0,0,0,0,0,0,0,0,0,0,0,0,0,0,0,0,0,0,0,0,0,0,0,0,0,0,0,0,0,0,0,0,0,0,0,0,0,0,0,0,0,0,0,0,0,0,0,0,0,0,0,0,0,0,0,0,0,0,0,0,0,0,11986,862,0,0,0,0,0,0,0,0,0,0,0,0,0,0,0,0,0,0,0,0,0,0,0,0,0,0,0,0,0,0,0,0,0,0,0,0,0,0,0,0,0,0,0,0,0,0,0,0,0,0,0,0,0,0,0,0,0,0,0,0,0,0,0,0,0,0,0,0,0,0,0,0,0,0,0,0,0,0,0,0,0,0,0,0,0,0,0,0,0,0,0,0,0,0,0,0,0,0,0,0,0,0,0,0,0,0,0,0,0,0,0,0,0,0,0,0,0,0,0,0,0,0,0,0,0,0,0,0,0,0,0,0,0,0,0,0,0,0,0,0,0,0,0,0,0,0,0,0,0,0,0,0,0,0,0,0
"PT1D",78757882,1944256,327977,7019,3601,508,2,17189,15571,5885,48,7018389,508158,19739,29105,1000,83,870749,25669,1936,123941,11912,231,0,53471,30923,151,0,0,432,1,4042,5359,21,22399,19381,82,0,1323,2,2757,3317,4,4474,68,1088,0,0,26777,1296,70,0,0,2328,304,1,87,0,0,0,1212183,202160,3483,90848,6882,248,4508,1008,392611,36211,930,192248,18399,2849,434,6,2842,526,1,0,0,0,0,0,0,0,0,1417,186,1,6,1727,56,389,4,0,0,0,0,0,0,0,0,0,0,0,0,0,0,0,0,0,0,0,0,0,0,0,0,0,0,0,0,0,0,0,0,0,0,0,0,0,0,0,0,0,0,0,0,0,0,0,0,0,0,0,0,0,0,0,0,0,0,0,0,0,0,0,0,0,0,0,0,0,0,0,0,0,0,0,0,0,0,0,0,0,0,0,0,0,0,0,0,0,0,0,0,0,0,0,0,0,0,0,0,0,0,0,0,0,0,0,0,0,0,0,0,0,0,0,0,0,0,0,0,0,0,0,0,0,0,0,0,0,0,0,0,0,0,0,0,0,0,0,0,0,0,0,0,0,0,0,0,0,0,0,0,0,0,0,0,0,0,0,0,0,0,0,0,0,0,0,0,0,0,0,0,0,0,0,0,0,0,0,0,0,0,0,0,0,0,0,0,0,0,0,0,0,0,0,0,0,0,0,0,0,0,0,0,0,0,0,0,0,0,0,0,0,0,0,0,0,0,0,0,0
"RO11",237533325,15098401,539185,24563,0,0,0,4105341,140354,17599,266,64748187,3912194,97863,932,15,1,11698184,581960,21036,578510,89343,944,0,0,0,0,0,0,0,0,0,0,0,0,0,0,0,0,0,0,0,0,175401,7179,0,0,0,0,0,0,0,0,0,0,0,0,0,0,0,568472,6417,604,30503,1103,60,779,83,1329023,10631,1298,192826,802,3967,60,0,0,0,0,0,0,0,0,0,0,0,0,0,0,0,1,0,0,191,2,0,0,0,0,0,0,0,0,0,0,0,0,0,0,0,0,0,0,0,0,0,0,0,0,0,0,0,0,0,0,0,0,0,0,0,0,0,0,0,0,0,0,0,0,0,0,0,0,0,0,0,0,0,0,0,0,0,0,0,0,0,0,0,0,0,0,0,0,0,0,0,0,0,0,0,0,0,0,0,0,0,0,0,0,0,0,0,0,0,0,0,0,0,0,0,0,0,0,0,0,0,0,0,0,0,0,0,0,0,0,0,0,0,0,0,0,0,0,0,0,0,0,0,0,0,0,0,0,0,0,0,0,0,0,0,0,0,0,0,0,0,0,0,0,0,0,0,0,0,0,0,0,0,0,0,0,0,0,0,0,0,0,0,0,0,0,0,0,0,0,0,0,0,0,0,0,0,0,0,0,0,0,0,0,0,0,0,0,0,0,0,0,0,0,0,0,0,0,0,0,0,0,0,0,0,0,0,0,0,0,0,0,0,0,0,0,0,0,0,0,0
"RO12",233061802,15447398,1430327,25138,0,0,0,2192775,160437,36872,281,72280415,5407797,111664,0,0,0,8639855,1265793,13403,450283,66895,929,0,0,0,0,0,0,0,0,0,0,0,0,0,0,0,0,0,0,0,0,515929,3295,0,0,0,0,0,0,0,0,0,0,0,0,0,0,0,0,0,0,0,0,0,0,0,1795,0,2,0,0,0,0,0,0,0,0,0,0,0,0,0,0,0,0,0,0,0,0,0,0,0,0,0,0,0,0,0,0,0,0,0,0,0,0,0,0,0,0,0,0,0,0,0,0,0,0,0,0,0,0,0,0,0,0,0,0,0,0,0,0,0,0,0,0,0,0,0,0,0,0,0,0,0,0,0,0,0,0,0,0,0,0,0,0,0,0,0,0,0,0,0,0,0,0,0,0,0,0,0,0,0,0,0,0,0,0,0,0,0,0,0,0,0,0,0,0,0,0,0,0,0,0,0,0,0,0,0,0,0,0,0,0,0,0,0,0,0,0,0,0,0,0,0,0,0,0,0,0,0,0,0,0,0,0,0,0,0,0,0,0,0,0,0,0,0,0,0,0,0,0,0,0,0,0,0,0,0,0,0,0,0,0,0,0,0,0,0,0,0,0,0,0,0,0,0,0,0,0,0,0,0,0,0,0,0,0,0,0,0,0,0,0,0,0,0,0,0,0,0,0,0,0,0,0,0,0,0,0,0,0,0,0,0,0,0,0,0,0,0,0,0,0,0
"RO21",288025316,10576413,574426,19947,0,0,0,2740301,128186,17220,257,51321385,7123786,99790,0,0,0,5832676,864822,13099,835673,149878,1642,0,0,0,0,0,0,0,0,0,0,0,0,0,0,0,0,0,0,0,0,176347,5918,0,0,1380,0,0,0,0,0,0,0,0,0,0,0,0,0,0,0,0,0,0,0,0,0,0,0,0,0,0,0,0,0,0,0,0,0,0,0,0,0,0,0,0,0,0,0,0,0,0,0,0,0,0,0,0,0,0,0,0,0,0,0,0,0,0,0,0,0,0,0,0,0,0,0,0,0,0,0,0,0,0,0,0,0,0,0,0,0,0,0,0,0,0,0,0,0,0,0,0,0,0,0,0,0,0,0,0,0,0,0,0,0,0,0,0,0,0,0,0,0,0,0,0,0,0,0,0,0,0,0,0,0,0,0,0,0,0,0,0,0,0,0,0,0,0,0,0,0,0,0,0,0,0,0,0,0,0,0,0,0,0,0,0,0,0,0,0,0,0,0,0,0,0,0,0,0,0,0,0,0,0,0,0,0,0,0,0,0,0,0,0,0,0,0,0,0,0,0,0,0,0,0,0,0,0,0,0,0,0,0,0,0,0,0,0,0,0,0,0,0,0,0,0,0,0,0,0,0,0,0,0,0,0,0,0,0,0,0,0,0,0,0,0,0,0,0,0,0,0,0,0,0,0,0,0,0,0,0,0,0,0,0,0,0,0,0,0,0,0,0,0
"RO22",306746208,2877947,83696,5020,0,0,0,168754,37699,2823,66,16672676,863417,27525,0,0,0,562437,23384,1194,318307,30456,581,0,2749,1362,27,0,0,0,0,257,48,0,18807,5829,33,0,0,0,4424,3672,16,2065,330,0,241,0,0,0,0,0,0,0,0,0,0,0,0,0,0,0,0,0,0,0,0,0,0,0,0,0,0,0,0,0,0,0,0,0,0,0,0,0,0,0,0,0,0,0,0,0,0,0,0,0,0,0,0,0,0,0,0,0,0,0,0,0,0,0,0,0,0,0,0,0,0,0,0,0,0,0,0,0,0,0,0,0,0,0,0,0,0,0,0,0,0,0,0,0,0,0,0,75,0,17175,0,34,57,0,0,0,0,0,25,0,0,0,0,0,0,0,0,0,0,0,0,0,0,0,0,0,0,0,0,0,0,0,0,0,0,0,0,0,0,0,0,0,0,0,0,2491099,179039,2836,0,0,0,115041,10912,213,20130109,2152824,23187,0,0,1239945,97676,2127,24762,23,5973,152,5,126827,5608,61,0,0,0,0,0,0,0,0,65777,760,141,222575,9845,156,0,0,0,643,957226,38267,1012,0,0,0,282974,5438,363,362467,8713,0,0,0,301160,9658,333,0,0,0,0,0,0,0,72548,0,0,0,0,0,390,0,0,0,0,0,0,0,0,0,0,0,0,0,0,0,0,0,0,0,0,0,0,0,0,0,0,0,0,0,0,0,0,0,0,0,0,0,0,0,0,0,0,0,0,0,0,980,81,0,0,0
"RO31",304174324,4278846,147204,5869,0,0,0,875281,45608,4535,107,24805721,2945708,33445,0,0,0,3548599,286740,6131,885109,146389,1297,0,0,0,0,0,0,0,0,0,0,0,0,0,0,0,0,0,0,0,0,42160,1984,0,0,0,0,0,0,0,0,0,0,0,0,0,0,0,0,0,0,0,0,0,0,0,5455,0,14,0,0,0,0,0,0,0,0,0,0,0,0,0,0,0,0,0,0,0,0,0,0,0,0,0,0,0,0,0,0,0,0,0,0,0,0,0,0,0,0,0,0,0,0,0,0,0,0,0,0,0,0,0,0,0,0,0,0,0,0,0,0,0,0,0,0,0,0,0,0,0,0,0,0,0,0,0,0,0,0,0,0,0,0,0,0,0,0,0,0,0,0,0,0,0,0,0,0,0,0,0,0,0,0,0,0,0,0,0,0,0,0,0,0,0,0,0,0,0,0,1970,1843,4,0,0,0,2822,350,9,1476329,756262,2293,0,0,102993,53429,244,0,0,0,0,0,0,0,0,0,0,0,0,0,0,0,0,0,0,0,0,0,0,0,0,0,0,0,0,0,0,0,0,0,0,0,0,0,0,0,0,0,0,0,0,0,0,0,0,0,0,0,0,0,0,0,0,0,0,0,0,0,0,0,0,0,0,0,0,0,0,0,0,0,0,0,0,0,0,0,0,0,0,0,0,0,0,0,0,0,0,0,0,0,0,0,0,0,0,0,0,0,0,0,0,0,0,0,0
"RO32",15800555,0,0,0,0,0,0,0,0,0,0,1507146,407636,2670,0,0,0,19068,11194,45,221563,68691,325,0,0,0,0,0,0,0,0,0,0,0,0,0,0,0,0,0,0,0,0,0,0,0,0,0,0,0,0,0,0,0,0,0,0,0,0,0,0,0,0,0,0,0,0,0,0,0,0,0,0,0,0,0,0,0,0,0,0,0,0,0,0,0,0,0,0,0,0,0,0,0,0,0,0,0,0,0,0,0,0,0,0,0,0,0,0,0,0,0,0,0,0,0,0,0,0,0,0,0,0,0,0,0,0,0,0,0,0,0,0,0,0,0,0,0,0,0,0,0,0,0,0,0,0,0,0,0,0,0,0,0,0,0,0,0,0,0,0,0,0,0,0,0,0,0,0,0,0,0,0,0,0,0,0,0,0,0,0,0,0,0,0,0,0,0,0,0,0,0,0,0,0,0,0,0,0,0,0,0,0,0,0,0,0,0,0,0,0,0,0,0,0,0,0,0,0,0,0,0,0,0,0,0,0,0,0,0,0,0,0,0,0,0,0,0,0,0,0,0,0,0,0,0,0,0,0,0,0,0,0,0,0,0,0,0,0,0,0,0,0,0,0,0,0,0,0,0,0,0,0,0,0,0,0,0,0,0,0,0,0,0,0,0,0,0,0,0,0,0,0,0,0,0,0,0,0,0,0,0,0,0,0,0,0,0,0,0,0,0,0,0,0,0
"RO41",250833303,2292689,48683,3824,0,0,0,310496,17021,1018,42,31892347,2826484,43807,0,0,0,2767491,155472,3806,796215,98378,1243,0,0,0,0,0,0,0,0,0,0,0,0,0,0,0,0,0,0,0,0,6037,666,0,0,0,0,0,0,0,0,0,0,0,0,0,0,0,0,0,0,0,0,0,0,0,0,0,0,0,0,0,0,0,0,0,0,0,0,0,0,0,0,0,0,0,0,0,0,0,0,0,0,0,0,0,0,0,0,0,0,0,0,0,0,0,0,0,0,0,0,0,0,0,0,0,0,0,0,0,0,0,0,0,0,0,0,0,0,0,0,0,0,0,0,0,0,0,0,0,0,0,0,0,0,0,0,0,0,0,0,0,0,0,0,0,0,0,0,0,0,0,0,0,0,0,0,0,0,0,0,0,0,0,0,0,0,0,0,0,0,0,0,0,0,0,0,0,0,0,0,0,0,0,0,0,0,0,0,0,0,0,0,0,0,0,0,0,0,0,0,0,0,0,0,0,0,0,0,0,0,0,0,0,0,0,0,0,0,0,0,0,0,0,0,0,0,0,0,0,0,0,0,0,0,0,0,0,0,0,0,0,0,0,0,0,0,0,0,0,0,0,0,0,0,0,0,0,0,0,0,0,0,0,0,0,0,0,0,0,0,0,0,0,0,0,0,0,0,0,0,0,0,0,0,0,0,0,0,0,0,0,0,0,0,0,0,0,0,0,0,0,0,0
"RO42",260356237,6261058,293108,9767,0,0,0,400964,49676,4538,109,45511176,4535274,61181,0,0,0,1313399,101085,2143,535134,138748,964,0,0,0,0,0,0,0,0,0,0,0,0,0,0,0,0,0,0,0,0,23970,665,0,0,0,0,0,0,0,0,0,0,0,0,0,0,0,410036,2542,251,0,0,0,5056,8,299029,2147,176,7,0,20355,231,0,0,0,0,0,0,0,0,0,0,0,0,0,0,0,1,0,0,0,30,0,0,0,0,0,0,0,0,0,0,0,0,0,0,0,0,0,0,0,0,0,0,0,0,0,0,0,0,0,0,0,0,0,0,0,0,0,0,0,0,0,0,0,0,0,0,0,0,0,0,0,0,0,0,0,0,0,0,0,0,0,0,0,0,0,0,0,0,0,0,0,0,0,0,0,0,0,0,0,0,0,0,0,0,0,0,0,0,0,0,0,0,0,0,0,0,0,0,0,0,0,0,0,0,0,0,0,0,0,0,0,0,0,0,0,0,0,0,0,0,0,0,0,0,0,0,0,0,0,0,0,0,0,0,0,0,0,0,0,0,0,0,0,0,0,0,0,0,0,0,0,0,0,0,0,0,0,0,0,0,0,0,0,0,0,0,0,0,0,0,0,0,0,0,0,0,0,0,0,0,0,0,0,0,0,0,0,0,0,0,0,0,0,0,0,0,0,0,0,0,0,0,0,0,0,0,0,0,0,0,0,0,0,0,0,0,0,0,0,0,0
"RS12",168291969,0,0,0,0,0,0,0,73832,14805,113,253737,38859,435,0,0,0,9,1,0,11031284,3477054,17462,0,0,0,0,0,0,0,0,0,0,0,0,0,0,0,0,0,0,0,0,0,0,0,0,0,0,0,0,0,0,0,0,0,0,0,0,0,0,0,0,0,0,0,0,0,0,0,0,0,0,0,0,0,0,0,0,0,0,0,0,0,0,0,0,0,0,0,0,0,0,0,0,0,0,0,0,0,0,0,0,0,0,0,0,0,0,0,0,0,0,0,0,0,0,0,0,0,0,0,0,0,0,0,0,0,0,0,0,0,0,0,0,0,0,0,0,0,0,0,0,0,0,0,0,0,0,0,0,0,0,0,0,0,0,0,0,0,0,0,0,0,0,0,0,0,0,0,0,0,0,0,0,0,0,0,0,0,0,0,0,0,0,0,0,0,0,0,0,0,0,0,0,0,0,0,0,0,0,0,0,0,0,0,0,0,0,0,0,0,0,0,0,0,0,0,0,0,0,0,0,0,0,0,0,0,0,0,0,0,0,0,0,0,0,0,0,0,0,0,0,0,0,0,0,0,0,0,0,0,0,0,0,0,0,0,0,0,0,0,0,0,0,0,0,0,0,0,0,0,0,0,0,0,0,0,0,0,0,0,0,0,0,0,0,0,0,0,0,0,0,0,0,0,0,0,0,0,0,0,0,0,0,0,0,0,0,0,0,0,0,0,0,0
"RS21",36465435,0,0,0,0,0,0,0,1750558,391426,2297,0,0,0,0,0,0,0,0,0,1623652,608692,2342,0,0,0,0,0,0,0,0,0,0,0,0,0,0,0,0,0,0,0,0,0,0,0,0,0,0,0,0,0,0,0,0,0,0,0,0,0,0,0,0,0,0,0,33694,1305,0,0,0,0,0,45697,3269,0,0,0,0,0,0,0,0,0,0,0,0,0,0,0,19,0,0,0,40,0,0,0,0,0,0,0,0,0,0,0,0,0,0,0,0,0,0,0,0,0,0,0,0,0,0,0,0,0,0,0,0,0,0,0,0,0,0,0,0,0,0,0,0,0,0,0,0,0,0,0,0,0,0,0,0,0,0,0,0,0,0,0,0,0,0,0,0,0,0,0,0,0,0,0,0,0,0,0,0,0,0,0,0,0,0,0,0,0,0,0,0,0,0,0,0,0,0,0,0,0,0,0,0,0,0,0,0,0,0,0,0,0,0,0,0,0,0,0,0,0,0,0,0,0,0,0,0,0,0,0,0,0,0,0,0,0,0,0,0,0,0,0,0,0,0,0,0,0,0,0,0,0,0,0,0,0,0,0,0,0,0,0,0,0,0,0,0,0,0,0,0,0,0,0,0,0,0,0,0,0,0,0,0,0,0,0,0,0,0,0,0,0,0,0,0,0,0,0,0,0,0,0,0,0,0,0,0,0,0,0,0,0,0,0,0,0,0,0,0,0
"RS22",130000953,252800,2784,377,3995,0,5,476,11962410,452634,19676,213720,10084,398,0,0,0,403,0,0,13374551,995443,23841,0,0,0,0,0,0,0,0,0,0,0,0,0,0,0,0,0,0,0,0,1,2,0,0,0,0,0,0,0,0,0,0,0,0,0,0,0,17660,153,8,0,0,0,346048,264,14121,229,14,23,4,81599,1077,0,0,0,0,0,0,0,0,0,0,0,0,0,0,0,184,0,0,0,85,0,0,0,0,0,0,0,0,0,0,0,0,0,0,0,0,0,0,0,0,0,0,0,0,0,0,0,0,0,0,0,0,0,0,0,0,0,0,0,0,0,0,0,0,0,0,0,0,0,0,0,0,0,0,0,0,0,0,0,0,0,0,0,0,0,0,0,0,0,0,0,0,0,0,0,0,0,0,0,0,0,0,0,0,0,0,0,0,0,0,0,0,0,0,0,0,0,0,0,0,0,0,0,0,0,0,0,0,0,0,0,0,0,0,0,0,0,0,0,0,0,0,0,0,0,0,0,0,0,0,0,0,0,0,0,0,0,0,0,0,0,0,0,0,0,0,0,0,0,0,0,0,0,0,0,0,0,0,0,0,0,0,0,0,0,0,0,0,0,0,0,0,0,0,0,0,0,0,0,0,0,0,0,0,0,0,0,0,0,0,0,0,0,0,0,0,0,0,0,0,0,0,0,0,0,0,0,0,0,0,0,0,0,0,0,0,0,0,0,0,0
"SE11",62290958,0,0,0,0,0,0,0,0,0,0,5202866,551821,4418,0,0,0,385080,31553,352,289635,29281,277,169316,0,0,0,0,0,0,0,0,0,0,248012,39029,211,0,804,1,29688,5595,23,0,0,414,251980,15613,0,0,0,0,0,0,0,0,0,0,0,0,0,0,0,0,0,0,0,0,0,0,0,0,0,0,0,0,0,0,0,22790,0,0,0,0,0,0,0,0,0,0,0,0,0,0,0,0,0,0,0,0,0,0,0,0,0,0,0,0,0,0,0,0,0,0,0,0,0,0,0,0,0,0,0,0,0,0,0,0,0,0,0,0,0,0,0,0,0,0,0,0,0,0,0,39599,258,10482,1698,15,269224,254,547195,84752,579,148,32199,0,0,0,0,0,0,0,0,0,0,0,0,371,0,0,0,0,0,0,0,0,0,0,0,0,0,0,0,0,0,0,0,0,0,0,0,0,0,0,0,0,0,0,0,0,0,0,0,0,0,0,0,0,0,0,0,0,0,0,0,0,0,0,0,0,0,0,43,0,0,0,0,0,0,0,0,0,0,0,0,0,0,0,0,0,0,0,0,0,0,0,0,0,0,0,0,0,0,0,0,0,0,0,0,0,18062,1576,0,0,0,0,0,0,0,0,0,0,0,725,70,13,0,0,0,0,0,0,0,0,0,0,0,0,0,0,0,0,0,0,0,0,0,0,0,0,0,0,0,0,0,0,0,0,0,0,0,0,0,0,0,0
"SE12",386061192,1290585,289038,1900,0,0,0,44054,43069,10545,51,29457779,3682867,31860,0,0,0,8122265,586277,8137,1488567,159989,1469,151071,13265,1797,24,0,0,692,2,844,321,0,524687,66152,640,0,44709,44,115344,11783,139,10671,75,3182,144331,6191,0,0,0,0,0,0,0,0,33,0,0,0,0,0,0,0,0,0,0,0,0,0,0,0,0,0,0,0,0,0,0,12158,0,0,0,0,0,0,0,0,0,0,0,0,0,0,0,0,0,0,0,0,0,0,0,0,0,0,0,0,0,0,0,0,0,0,0,0,0,0,0,0,0,0,0,0,0,0,0,0,0,0,0,0,0,0,0,0,0,0,0,0,0,0,0,16607,186,2819,651,5,44989,53,435313,30672,457,136,5381,0,0,0,0,0,0,0,0,0,0,0,0,38,0,0,0,0,0,0,0,0,0,0,0,0,0,0,0,0,0,0,0,0,0,0,0,0,0,0,0,0,0,0,0,0,0,0,0,0,0,0,0,0,0,0,0,0,0,0,0,0,0,0,0,0,0,0,0,0,0,0,0,0,0,0,0,0,0,0,0,0,0,0,0,0,0,0,0,0,0,0,0,0,0,0,0,0,0,0,0,0,0,0,0,0,40090,1414,0,0,0,0,0,0,0,0,0,0,0,1161,50,46,2,0,0,0,0,0,0,0,0,0,0,0,0,0,0,0,0,0,0,0,0,0,0,0,0,0,0,0,0,0,0,0,0,0,0,0,0,0,0,0
"SE21",316644455,5514850,1966650,20160,0,0,0,347638,199775,28473,340,19266878,2799999,34677,0,0,0,7117551,901043,11842,685748,70238,1061,199285,943478,268667,2887,0,0,16844,97,193417,23364,363,337844,84796,747,0,29669,84,54483,11997,106,232285,1900,8942,484140,11633,0,0,0,0,0,0,0,0,12352,0,0,0,0,0,0,0,0,0,0,0,244,2,0,0,0,0,0,0,0,0,0,23752,0,0,0,0,0,0,0,0,0,0,0,0,0,0,0,0,0,0,0,0,0,0,0,0,0,0,0,0,0,0,0,0,0,0,0,0,0,0,0,0,0,0,0,0,0,0,0,0,0,0,0,0,0,0,0,0,0,0,0,0,0,0,0,51559,862,8773,1385,23,461219,1415,421097,158169,1295,360,143188,0,0,0,0,0,0,0,0,0,0,26,1,6,0,491,0,0,0,0,0,0,0,0,0,0,0,0,0,0,0,0,0,0,0,0,84,0,0,0,0,0,0,0,0,0,0,0,0,0,0,0,0,0,0,0,0,0,0,0,0,0,0,0,0,0,0,0,6,0,0,0,0,0,0,0,0,0,0,0,0,0,0,0,0,0,0,0,0,0,0,0,0,0,0,0,0,0,0,0,0,0,0,0,0,0,30903,7348,0,0,0,0,0,0,0,0,0,0,0,11242,3923,65,30,0,0,0,0,0,0,0,0,0,0,0,0,0,0,0,0,0,0,0,0,0,0,0,0,135,8,0,0,0,0,0,0,0,0,0,0,0,0,0
"SE22",121619770,5201809,1823307,9200,0,0,0,1367909,291660,91205,574,7941644,1638861,12243,0,0,0,1367306,310016,2171,166970,18799,236,118515,170861,73521,363,0,0,20110,45,95310,21666,121,254082,84246,721,0,17909,29,39294,5609,117,577664,2538,4748,297914,2363,0,0,0,0,0,0,0,0,17979,0,0,0,0,0,0,0,0,0,0,0,0,0,0,0,0,0,0,0,0,0,0,48747,0,0,0,0,0,0,0,0,0,0,0,0,0,0,0,0,0,0,0,0,0,0,0,0,0,0,0,0,0,0,0,0,0,0,0,0,0,0,0,0,0,0,0,0,0,0,0,0,0,0,0,0,0,0,0,0,0,0,0,0,0,0,0,50160,809,4894,55,4,57767,123,52012,41431,173,257,18450,0,0,0,0,0,0,0,0,0,0,0,0,756,1,0,0,0,0,0,0,0,0,0,0,0,0,0,0,0,0,0,0,0,0,0,0,0,0,0,0,0,0,0,0,0,0,0,0,0,0,0,0,0,0,0,0,0,0,0,0,0,0,0,0,0,0,0,4,0,0,0,0,0,0,0,0,0,0,0,0,0,0,0,0,0,0,0,0,0,0,0,0,0,0,0,0,0,0,0,0,0,0,0,0,0,4640,3468,0,0,0,0,0,0,0,0,0,0,0,24104,9818,13,51,0,0,0,0,0,0,0,0,0,0,0,0,0,0,0,0,0,0,0,0,0,0,0,0,0,0,0,0,0,0,0,0,0,0,0,0,0,0,0
"SE23",300362891,1108747,238328,2290,0,0,0,869871,31304,7790,41,18191424,3105319,28840,0,0,0,11285790,1283724,17046,994594,147811,1595,135353,22710,5754,74,0,0,878,1,3120,1030,11,1053631,270568,2096,0,83669,133,320957,52511,688,149277,1749,13209,152839,6370,0,0,0,0,0,0,0,0,817,0,0,0,0,0,0,0,0,0,0,0,4322331,381132,6144,649729,57475,100416,8029,976,1975,140,3,19394,0,0,0,0,0,0,0,0,0,0,0,0,0,840,137,0,0,0,0,0,0,8317,1657,21,226,0,0,0,0,0,0,0,0,0,0,0,0,0,0,0,0,0,0,0,0,0,0,0,0,0,0,0,0,0,0,0,0,0,0,0,0,0,0,18101,359,7619,618,14,64837,101,129511,33664,242,226,5530,0,0,0,0,0,0,0,0,0,0,0,0,124,1,0,0,0,0,0,0,0,0,0,0,0,0,0,0,0,0,0,0,0,0,0,0,0,0,0,0,0,0,0,0,0,0,0,0,0,0,0,0,0,0,0,0,0,0,0,0,0,0,0,0,0,0,0,6,0,0,0,0,0,0,0,0,0,0,0,0,0,0,0,0,0,0,0,0,0,0,0,0,0,0,0,0,0,0,0,0,0,0,0,0,0,6700,2002,0,0,0,0,0,0,0,0,0,0,0,11014,443,20,22,0,0,0,0,0,0,0,0,0,0,0,0,0,0,0,0,0,0,0,0,0,0,0,0,0,0,0,0,0,0,0,0,0,0,0,0,0,0,0
"SE31",660368432,2451597,40310,3135,0,0,0,365369,73169,2863,98,35798991,1969252,42184,0,0,0,15829193,527742,17553,2110993,135332,2364,6470,308,374,0,0,0,0,0,115,165,0,145762,25438,178,0,10022,12,88844,16860,72,19990,467,313,18761,8774,0,0,0,0,0,0,0,0,0,0,0,0,0,0,0,0,0,0,0,0,10164,19,16,10977,41,9,0,0,0,0,0,361,0,0,0,0,0,0,0,0,0,0,0,0,0,13,0,0,0,0,0,0,0,0,0,0,0,0,0,0,0,0,0,0,0,0,0,0,0,0,0,0,0,0,0,0,0,0,0,0,0,0,0,0,0,0,0,0,0,0,0,0,0,0,0,655,28,349,7,0,2569,4,5338,12,16,3,201,0,0,0,0,0,0,0,0,0,0,0,0,130,0,0,0,0,0,0,0,0,0,0,0,0,0,0,0,0,0,0,0,0,0,0,0,0,0,0,0,0,0,0,0,0,0,0,0,0,0,0,0,0,0,0,0,0,0,0,0,0,0,0,0,0,0,0,0,0,0,0,0,0,0,0,0,0,0,0,0,0,0,0,0,0,0,0,0,0,0,0,0,0,0,0,0,0,0,0,0,0,0,0,0,0,0,0,0,0,0,0,0,0,0,0,0,0,0,0,0,0,0,0,0,0,0,0,0,0,0,0,0,0,0,0,0,0,0,0,0,0,0,0,0,0,0,0,0,0,0,0,0,0,0,0,0,0,0,0,0,0
"SE32",655917028,22187588,101006,33811,0,0,0,6229639,658070,8613,917,57094365,449690,87432,0,0,0,19637918,248657,23405,2009411,57713,2745,67221,5511,589,17,0,0,11101,16,955,11,1,224462,10870,373,0,60037,133,165688,8012,331,108925,8314,3995,103398,28486,0,0,0,0,0,0,0,0,488,0,0,0,229412,13,456,0,0,0,5938,0,5583084,1994,11510,24909,0,105743,21,0,0,0,0,3519,0,0,0,0,0,0,0,0,0,0,7,0,0,70,165,0,0,0,0,0,0,0,0,0,0,0,0,0,0,0,0,0,0,0,0,0,0,0,0,0,0,0,0,0,0,0,0,0,0,0,0,0,0,0,0,0,0,0,0,0,0,0,0,3295,116,89,0,0,13518,40,56220,2643,126,102,203,0,0,0,0,0,0,0,0,0,0,0,0,0,0,0,0,0,0,0,0,0,0,0,0,0,0,0,0,0,0,0,12,0,0,0,0,0,0,0,0,0,0,0,0,0,0,0,0,0,0,0,0,0,0,0,0,0,0,0,0,0,0,0,0,0,0,0,0,0,0,0,0,0,0,0,0,0,0,0,0,0,0,0,0,0,0,0,0,0,0,0,0,0,0,0,0,0,0,0,0,0,0,0,0,0,2542,543,0,0,0,0,0,0,0,0,0,0,0,3332,5,5,1,0,0,0,0,0,0,0,0,0,0,0,0,0,0,0,0,0,0,0,0,0,0,0,0,0,0,0,0,0,0,0,0,0,0,0,0,0,0,0
"SE33",1395804721,13793452,97120,18058,0,0,0,1329807,386674,5396,408,192404684,2137450,251402,0,0,0,29958578,1417069,31864,6963200,151620,7386,159264,20424,12,28,0,0,0,0,2408,9,5,553593,15718,2149,0,53030,99,361911,14267,1892,8811,1192,2598,375697,36539,0,0,0,0,0,0,0,0,0,0,0,0,40783,262,57,0,0,0,0,0,4806919,1432,7366,3253,0,164326,161,0,23,5,0,13403,0,0,0,0,0,0,0,0,0,0,0,0,0,1,170,0,0,0,0,0,0,0,0,0,0,0,0,0,0,0,0,0,0,0,0,0,0,0,0,0,0,0,0,0,0,0,0,0,0,0,0,0,0,0,0,0,0,0,0,0,0,0,0,5925,631,12048,413,46,24847,37,21362,1829,25,200,1540,0,0,0,0,0,0,0,0,0,0,0,0,0,0,0,0,0,0,0,0,0,0,0,0,0,0,0,0,0,0,0,0,0,0,0,0,0,0,0,0,0,0,0,0,0,0,0,0,0,0,0,0,0,0,0,0,0,0,0,0,0,0,0,0,0,0,0,0,0,0,0,0,0,0,0,0,0,0,0,0,0,0,0,0,0,0,0,0,0,0,0,0,0,0,0,0,0,0,0,0,0,0,0,0,0,8023,813,0,0,0,0,0,0,0,0,0,0,0,2614,8,4,3,0,0,0,0,0,0,0,0,0,0,0,0,0,0,0,0,0,0,0,0,0,0,0,0,0,0,0,0,0,0,0,0,0,0,0,0,0,0,0
"SI03",100349888,668957,271577,1282,0,0,0,12021,3904,1862,1,1756222,1935503,4987,0,0,0,20521,25725,59,74235,59941,123,0,0,0,0,0,0,0,0,0,0,0,0,0,0,0,0,0,0,0,0,7710,27,0,0,0,0,0,0,0,0,0,0,0,0,0,0,0,7341093,2166648,13215,240907,43015,280,38588,12312,5358481,3393442,11426,252010,133857,66577,43071,0,0,0,0,0,0,0,0,0,0,0,0,1168,102,6,64,133,222,378,157,0,0,0,0,0,0,0,0,0,0,0,0,0,0,0,0,0,0,0,0,0,0,0,0,0,0,0,0,0,0,0,0,0,0,0,0,0,0,0,0,0,0,0,0,0,0,0,0,0,0,0,0,0,0,0,0,0,0,0,0,0,0,0,0,0,0,0,0,0,0,0,0,0,0,0,0,0,0,0,0,0,0,0,0,0,0,0,0,0,0,0,0,0,0,0,0,0,0,0,0,0,0,0,0,0,0,0,0,0,0,0,0,0,0,0,0,0,0,0,0,0,0,0,0,0,0,0,0,0,0,0,0,0,0,0,0,0,0,0,0,0,0,0,0,0,0,0,0,0,0,0,0,0,0,0,0,0,0,0,0,0,0,0,0,0,0,0,0,0,0,0,0,0,0,0,0,0,0,0,0,0,0,0,0,0,0,0,0,0,0,0,0,0,0,0,0,0,0,0,0,0,0,0,0,0,0,0,0,0,0,0,0,0,0,0,0,0,0,0,0,0
"SI04",64692657,0,0,0,0,0,0,0,0,0,0,0,0,0,0,0,0,0,0,0,0,0,0,0,0,0,0,0,0,0,0,0,0,0,0,0,0,0,0,0,0,0,0,0,0,0,0,0,0,0,0,0,0,0,0,0,0,0,0,0,7170603,1114781,10695,39726,10941,47,251031,6894,3038638,1391469,6134,102706,54560,64836,35152,0,0,0,0,0,0,0,0,0,0,0,0,110107,9817,457,446,56438,12873,193,157,41414,8007,190,8173,1742,20,968,124,4,0,0,2,1,0,85530,67620,143,6818,3975,7,5200,7547,1727,1,1,0,0,7,12,0,0,0,0,0,192,12,0,6,0,0,126,39,0,0,0,0,0,0,0,0,0,0,0,0,0,0,0,0,0,0,0,0,0,0,0,0,0,0,0,0,0,0,0,0,0,0,0,0,0,0,0,0,0,0,0,0,0,0,0,0,0,0,0,0,0,0,0,0,0,0,0,0,0,0,0,0,0,0,0,0,0,0,0,0,0,0,0,0,0,0,0,0,0,0,0,0,0,0,0,0,0,0,0,0,0,0,0,0,0,0,0,0,0,0,0,0,0,0,0,0,0,0,0,0,0,0,0,0,0,0,2177,347,8,0,0,0,0,0,0,0,0,0,0,0,0,0,208,0,0,0,0,0,0,0,0,0,0,0,0,0,0,0,0,0,0,0,0,0,0,0,10,0,0,0,0,0,0,0,0,0,0,0,0,0,0,0,0,0,0,0,0
"SK01",18294779,82448,4896,110,0,0,0,21705,290,266,0,1500531,418615,1963,0,0,0,68937,2621,102,83922,36202,111,0,0,0,0,0,0,0,0,0,0,0,0,0,0,0,0,0,0,0,0,1123,41,0,0,0,0,0,0,0,0,0,0,0,0,0,0,0,0,0,0,0,0,0,0,0,0,0,0,0,0,0,0,0,0,0,0,0,0,0,0,0,0,0,0,0,0,0,0,0,0,0,0,0,0,0,0,0,0,0,0,0,0,0,0,0,0,0,0,0,0,0,0,0,0,0,0,0,0,0,0,0,0,0,0,0,0,0,0,0,0,0,0,0,0,0,0,0,0,0,0,0,0,0,0,0,0,0,0,0,0,0,0,0,0,0,0,0,0,0,0,0,0,0,0,0,0,0,0,0,0,0,0,0,0,0,0,0,0,0,0,0,0,0,0,0,0,0,0,0,0,0,0,0,0,0,0,0,0,0,0,0,0,0,0,0,0,0,0,0,0,0,0,0,0,0,0,0,0,0,0,0,0,0,0,0,0,0,0,0,0,0,0,0,0,0,0,0,0,0,0,0,0,0,0,0,0,0,0,0,0,0,0,0,0,0,0,0,0,0,0,0,0,0,0,0,0,0,0,0,0,0,0,0,0,0,0,0,0,0,0,0,0,0,0,0,0,0,0,0,0,0,0,0,0,0,0,0,0,0,0,0,0,0,0,0,0,0,0,0,0,0,0,0
"SK02",134535388,3958480,303581,4607,0,0,0,233894,30511,1809,30,8106113,1102848,12400,0,0,0,574061,28988,525,300657,54035,486,0,0,0,0,0,0,0,0,0,0,0,0,0,0,0,0,0,0,0,0,16529,289,0,0,0,0,0,0,0,0,0,0,0,0,0,0,0,300252,2536,378,151,0,1,0,0,281873,972,288,42484,20,0,0,0,0,0,0,0,0,0,0,0,0,0,0,0,0,0,0,0,0,40,0,0,0,0,0,0,0,0,0,0,0,0,0,0,0,0,0,0,0,0,0,0,0,0,0,0,0,0,0,0,0,0,0,0,0,0,0,0,0,0,0,0,0,0,0,0,0,0,0,0,0,0,0,0,0,0,0,0,0,0,0,0,0,0,0,0,0,0,0,0,0,0,0,0,0,0,0,0,0,0,0,0,0,0,0,0,0,0,0,0,0,0,0,0,0,0,0,0,0,0,0,0,0,0,0,0,0,0,0,0,0,0,0,0,0,0,0,0,0,0,0,0,0,0,0,0,0,0,0,0,0,0,0,0,0,0,0,0,0,0,0,0,0,0,0,0,0,0,0,0,0,0,0,0,0,0,0,0,0,0,0,0,0,0,0,0,0,0,0,0,0,0,0,0,0,0,0,0,0,0,0,0,0,0,0,0,0,0,0,0,0,0,0,0,0,0,0,0,0,0,0,0,0,0,0,0,0,0,0,0,0,0,0,0,0,0,0,0,0,0,0,0
"SK03",129092184,6266379,761435,6754,0,0,0,679210,30626,6656,36,16555949,1859236,21437,0,0,0,1974560,132685,2225,162071,41644,256,0,0,0,0,0,0,0,0,0,0,0,0,0,0,0,0,0,0,0,0,74690,624,0,0,0,0,0,0,0,0,0,0,0,0,0,0,0,1788811,50697,1680,56067,625,22,72,0,2866508,56975,3419,92777,3918,6247,46,0,0,0,0,0,0,0,0,0,0,0,0,0,0,0,0,0,0,100,12,0,0,0,0,0,0,0,0,0,0,0,0,0,0,0,0,0,0,0,0,0,0,0,0,0,0,0,0,0,0,0,0,0,0,0,0,0,0,0,0,0,0,0,0,0,0,0,0,0,0,0,0,0,0,0,0,0,0,0,0,0,0,0,0,0,0,0,0,0,0,0,0,0,0,0,0,0,0,0,0,0,0,0,0,0,0,0,0,0,0,0,0,0,0,0,0,0,0,0,0,0,0,0,0,0,0,0,0,0,0,0,0,0,0,0,0,0,0,0,0,0,0,0,0,0,0,0,0,0,0,0,0,0,0,0,0,0,0,0,0,0,0,0,0,0,0,0,0,0,0,0,0,0,0,0,0,0,0,0,0,0,0,0,0,0,0,0,0,0,0,0,0,0,0,0,0,0,0,0,0,0,0,0,0,0,0,0,0,0,0,0,0,0,0,0,0,0,0,0,0,0,0,0,0,0,0,0,0,0,0,0,0,0,0,0,0,0,0,0,0,0
"SK04",127807777,9460355,650556,8988,0,0,0,1865073,56659,10300,59,11109875,1564407,11595,0,0,0,2880143,239465,2053,115205,39192,133,0,0,0,0,0,0,0,0,0,0,0,0,0,0,0,0,0,0,0,0,120841,1378,0,0,0,0,0,0,0,0,0,0,0,0,0,0,0,705907,15784,753,195133,14022,159,2645,9,255876,6173,338,63647,2851,3520,86,0,0,0,0,0,0,0,0,0,0,0,0,0,0,0,1,0,0,45,7,0,0,0,0,0,0,0,0,0,0,0,0,0,0,0,0,0,0,0,0,0,0,0,0,0,0,0,0,0,0,0,0,0,0,0,0,0,0,0,0,0,0,0,0,0,0,0,0,0,0,0,0,0,0,0,0,0,0,0,0,0,0,0,0,0,0,0,0,0,0,0,0,0,0,0,0,0,0,0,0,0,0,0,0,0,0,0,0,0,0,0,0,0,0,0,0,0,0,0,0,0,0,0,0,0,0,0,0,0,0,0,0,0,0,0,0,0,0,0,0,0,0,0,0,0,0,0,0,0,0,0,0,0,0,0,0,0,0,0,0,0,0,0,0,0,0,0,0,0,0,0,0,0,0,0,0,0,0,0,0,0,0,0,0,0,0,0,0,0,0,0,0,0,0,0,0,0,0,0,0,0,0,0,0,0,0,0,0,0,0,0,0,0,0,0,0,0,0,0,0,0,0,0,0,0,0,0,0,0,0,0,0,0,0,0,0,0,0,0,0,0
"TR10",15431996,0,0,0,0,0,0,0,1131116,52007,2411,0,0,0,0,0,0,0,0,0,613646,21335,1057,38,0,0,0,0,0,0,0,14451,182,25,0,0,0,0,0,0,162828,2849,223,0,0,0,0,1210,0,0,0,222166,14993,0,0,0,0,8613,326,24,0,0,0,0,0,0,0,0,0,0,0,0,0,0,0,0,0,0,0,0,0,0,0,0,0,0,0,0,0,0,0,0,0,0,0,0,0,0,0,0,0,0,0,0,0,0,0,0,0,0,0,0,0,0,0,0,0,0,0,0,0,0,0,0,0,0,0,0,0,0,0,0,0,0,0,0,0,0,0,0,0,0,0,0,0,0,0,0,0,0,0,0,0,0,0,0,0,0,0,0,0,384,0,0,0,0,0,0,0,0,0,0,0,0,0,0,0,0,0,0,0,0,0,0,0,0,0,0,0,0,0,0,0,0,0,0,0,0,0,0,0,0,0,0,0,0,0,0,0,0,0,0,0,0,0,0,0,0,0,0,0,0,0,0,0,0,0,0,0,0,0,0,0,0,0,0,0,0,0,0,0,0,0,0,0,0,0,0,0,0,0,0,0,0,0,0,0,0,0,0,0,0,0,0,0,0,0,0,0,0,0,0,0,0,0,0,0,0,0,0,0,0,0,0,0,0,0,0,0,0,0,0,0,0,0,0,0,0,0,0,0,0,0,0,0,0,0,0,0,0,0,0,0,0,0,0
"TR21",152380421,2012,48,2,0,0,0,0,5454784,362117,8567,80086,18194,137,0,0,0,3145,845,4,17476918,1267394,28372,121172,0,0,0,0,0,0,0,296561,4504,564,0,0,0,0,0,0,33715,991,93,0,0,0,83923,0,0,0,0,663044,37611,0,0,0,0,984639,57654,1816,0,0,0,0,0,0,0,0,0,0,0,0,0,0,0,0,0,0,0,7688,0,0,0,0,0,0,0,0,0,0,0,0,0,0,0,0,0,0,0,0,0,0,0,0,0,0,0,0,0,0,0,0,0,0,0,0,0,0,0,0,0,0,0,0,0,0,0,0,0,0,0,0,0,0,0,0,0,0,0,0,0,0,0,3408,145,0,0,0,0,0,27108,5368,53,212,0,0,0,0,0,0,0,1254,0,0,0,0,0,0,0,0,0,0,0,0,0,0,0,0,0,0,0,0,0,0,0,0,0,0,0,0,0,0,0,0,0,0,0,0,0,0,0,0,0,0,0,0,0,0,0,0,0,0,0,0,0,0,0,0,0,0,4275,180,0,0,0,0,0,0,0,0,0,0,0,0,0,0,0,0,0,0,0,0,0,0,0,0,0,0,0,0,0,0,0,0,0,0,0,0,0,0,392,57,0,0,0,0,0,0,0,0,0,0,0,0,0,0,0,0,0,8,0,0,0,0,0,0,0,0,0,0,0,0,0,0,0,0,0,0,0,0,0,0,0,0,0,0,0,0,0,0,0,0,0,0,0,0
"TR22",25326846,0,0,0,0,0,0,0,214963,8945,340,0,0,0,0,0,0,0,0,0,5611813,253459,8346,25680,0,0,0,0,0,0,0,27899,4465,49,0,0,0,0,0,0,353185,55672,514,0,0,0,60356,81,0,0,0,0,0,0,0,0,0,0,0,0,0,0,0,0,0,0,0,0,0,0,0,0,0,0,0,0,485095,11285,789,972,0,0,0,0,0,0,0,0,0,0,0,0,0,0,0,0,0,0,0,0,0,0,0,0,0,0,0,0,0,0,0,0,0,0,0,0,0,0,0,0,0,0,0,0,0,0,0,0,0,0,0,0,0,0,0,0,0,0,0,0,0,0,0,2645,90,139886,3194,372,0,0,0,0,0,32,0,0,0,0,0,0,0,0,0,0,0,525274,907,42310,88,67799,97,0,0,0,0,0,0,0,0,0,0,0,0,0,0,0,915586,20965,1031,0,2243,0,0,0,0,0,0,0,0,0,0,0,0,0,0,0,0,0,0,0,0,0,0,0,0,0,0,0,0,0,0,0,6597,0,0,0,0,0,0,0,0,0,0,0,0,0,0,0,0,0,0,0,0,0,0,0,0,0,0,0,0,0,0,0,0,0,0,0,0,0,0,0,0,0,0,0,0,0,0,0,0,0,0,0,0,0,0,0,0,0,0,0,0,0,0,0,0,0,0,0,0,0,0,0,0,0,0,0,0,0,0,0,0,0,0,0,0,0,29453,0,0,0,0,0,0,0
"TR31",77996547,0,0,0,0,0,0,0,2404226,51376,3568,0,0,0,0,0,0,0,0,0,9861630,417726,15139,142678,0,0,0,0,0,0,0,324817,3970,555,0,0,0,0,0,0,656198,28898,1011,0,0,0,65670,3345,0,0,0,161248,10567,0,0,0,0,2237232,526052,4199,0,0,0,0,0,0,0,0,0,0,0,0,0,31343,30,0,64822,1881,233,15236,0,0,0,0,0,0,0,0,0,0,0,0,0,0,75,0,0,0,0,0,0,0,0,0,0,0,0,0,0,0,0,0,0,0,0,21541,19,0,0,0,0,0,52,0,0,0,0,0,0,0,0,0,0,0,0,0,0,0,0,0,0,0,0,3384,92,6351,359,17,0,0,0,0,0,289,0,0,0,0,0,0,0,139,0,0,0,0,0,1480,2,52,0,0,0,0,0,0,0,0,0,0,0,0,0,0,0,0,280,0,0,0,0,0,0,0,0,0,0,0,0,0,0,0,0,0,0,0,0,0,0,0,0,0,0,0,0,0,0,0,0,0,0,0,16,0,0,0,0,0,0,0,0,0,0,0,0,0,0,0,0,0,0,0,0,0,0,0,0,0,0,0,0,0,0,0,0,0,0,0,0,0,0,0,0,0,0,0,0,0,0,0,0,0,0,0,0,0,0,0,0,0,0,0,0,0,0,0,0,0,0,0,0,0,0,0,0,0,0,0,0,0,0,0,0,0,0,0,0,0,0,0,0,0,0,0,0,0
"TR32",53880168,0,0,0,0,0,0,0,703503,89020,1626,0,0,0,0,0,0,0,0,0,2968809,528337,6745,8577,0,0,0,0,0,0,0,104092,11112,312,0,0,0,0,0,0,328870,51575,909,0,0,0,11618,6992,0,0,0,1831,79,0,0,0,0,1541738,167448,3292,0,0,0,0,0,0,0,0,0,0,0,0,0,7059,6,0,8,0,0,1528,0,0,0,0,0,0,0,0,0,0,0,0,0,0,22,0,0,0,0,0,0,0,0,0,0,0,0,0,0,0,0,0,0,0,0,0,0,0,0,0,0,0,0,0,0,0,0,0,0,0,0,0,0,0,0,0,0,0,0,0,0,0,0,5227,39,4730,2511,9,0,0,0,0,0,25,0,0,0,0,0,0,0,2,0,0,0,10,0,542,0,35,0,0,0,0,0,0,0,0,0,0,0,0,0,0,0,0,410,0,0,0,12,0,0,0,0,0,0,0,0,0,0,0,0,0,0,0,0,0,0,0,0,0,0,0,0,0,0,0,0,0,0,0,0,0,0,0,0,0,0,0,0,0,0,0,0,0,0,0,0,0,0,0,0,0,0,0,0,0,0,0,0,0,0,0,0,0,0,0,0,0,0,0,0,0,0,0,0,0,0,0,0,0,0,0,0,0,0,0,0,0,0,0,0,0,0,0,0,0,0,0,0,0,0,0,0,0,0,0,0,0,0,0,0,0,0,0,0,0,0,0,0,0,0,0,0,0
"TR33",9821737,0,0,0,0,0,0,0,112696,1158,157,0,0,0,0,0,0,0,0,0,1131147,82048,1331,0,0,0,0,0,0,0,0,0,0,0,0,0,0,0,0,0,0,0,0,0,0,0,0,0,0,0,0,0,0,0,0,0,0,94549,1582,145,0,0,0,0,0,0,0,0,0,0,0,0,0,0,0,0,0,0,0,0,0,0,0,0,0,0,0,0,0,0,0,0,0,0,0,0,0,0,0,0,0,0,0,0,0,0,0,0,0,0,0,0,0,0,0,0,0,0,0,0,0,0,0,0,0,0,0,0,0,0,0,0,0,0,0,0,0,0,0,0,0,0,0,0,0,0,0,0,0,0,0,0,0,0,0,0,0,0,0,0,0,0,0,0,0,0,0,0,0,0,0,0,0,0,0,0,0,0,0,0,0,0,0,0,0,0,0,0,0,0,0,0,0,0,0,0,0,0,0,0,0,0,0,0,0,0,0,0,0,0,0,0,0,0,0,0,0,0,0,0,0,0,0,0,0,0,0,0,0,0,0,0,0,0,0,0,0,0,0,0,0,0,0,0,0,0,0,0,0,0,0,0,0,0,0,0,0,0,0,0,0,0,0,0,0,0,0,0,0,0,0,0,0,0,0,0,0,0,0,0,0,0,0,0,0,0,0,0,0,0,0,0,0,0,0,0,0,0,0,0,0,0,0,0,0,0,0,0,0,0,0,0,0,0,0,0
"TR62",7287934,0,0,0,0,0,0,0,925743,1229,1948,0,0,0,0,0,0,0,0,0,18832,128,35,949,0,0,0,0,0,0,0,30061,52,74,0,0,0,0,0,0,3134,30,8,0,0,0,2997,43,0,0,0,0,0,0,0,0,0,0,0,0,0,0,0,0,0,0,0,0,0,0,0,0,0,0,0,0,0,0,0,1,0,0,0,0,0,0,0,0,0,0,0,0,0,0,0,0,0,0,0,0,0,0,0,0,0,0,0,0,0,0,0,0,0,0,0,0,0,0,0,0,0,0,0,0,0,0,0,0,0,0,0,0,0,0,0,0,0,0,0,0,0,0,0,0,6,2056,0,6,0,0,0,0,0,0,0,0,0,0,0,0,0,0,0,0,0,0,0,0,0,769,12,0,0,0,0,0,0,0,0,0,0,0,0,0,0,0,0,0,0,0,0,0,0,0,0,0,0,0,0,0,0,0,0,0,0,0,0,0,0,0,0,0,0,0,0,0,0,0,0,0,0,0,0,0,0,0,0,0,0,0,0,0,0,0,0,0,0,0,0,0,0,0,0,0,0,0,0,0,0,0,0,0,0,0,0,0,0,0,0,0,0,0,0,0,0,0,0,0,0,0,0,0,0,0,0,0,0,0,0,0,0,0,0,0,0,0,0,0,0,0,0,0,0,0,0,0,0,0,0,0,0,0,0,0,0,0,0,0,0,0,0,0,0,0,0,0
